{"version": {"json_export": "193", "page_segmentation": "5", "schema": "1.1.0", "structure": "1.1074.0", "table_structure": "5"}, "extended_metadata": {"ID_instance": "FE FF 73 9C DB B8 B2 11 0A 00 67 45 8B 6B C6 23 ", "ID_permanent": "31 34 20 36 37 20 37 31 20 39 43 20 44 42 20 42 38 20 42 32 20 31 31 20 30 41 20 30 30 20 36 37 20 34 35 20 38 42 20 36 42 20 43 36 20 32 33 20 ", "pdf_version": "1.6", "pdfa_compliance_level": "", "is_encrypted": false, "has_acroform": false, "is_digitally_signed": false, "pdfua_compliance_level": "", "page_count": 1, "has_embedded_files": false, "is_certified": false, "is_XFA": false, "language": "en"}, "elements": [{"Bounds": [32.77630615234375, 803.3762969970703, 368.9570770263672, 812.5282745361328], "ClipBounds": [32.77630615234375, 803.3762969970703, 368.9570770263672, 812.5282745361328], "Font": {"alt_family_name": "Liberation Sans", "embedded": true, "encoding": "Identity-H", "family_name": "Liberation Sans", "font_type": "CIDFontType2", "italic": true, "monospaced": false, "name": "LiberationSans-Italic", "subset": false, "weight": 400}, "HasClip": true, "Lang": "en", "Page": 0, "Path": "//Document/Sect/P", "Text": "Item 7. Management\u2019s Discussion and Analysis of Financial Condition and Results of Operations (Continued) ", "TextSize": 6.9490966796875, "attributes": {"LineHeight": 8.375, "SpaceAfter": 17.375}}, {"Bounds": [45.60539245605469, 777.2109222412109, 139.89773559570312, 787.002197265625], "ClipBounds": [45.60539245605469, 777.2109222412109, 139.89773559570312, 787.002197265625], "Font": {"alt_family_name": "Liberation Sans", "embedded": true, "encoding": "Identity-H", "family_name": "Liberation Sans", "font_type": "CIDFontType2", "italic": false, "monospaced": false, "name": "LiberationSans-Bold", "subset": false, "weight": 700}, "HasClip": true, "Lang": "en", "Page": 0, "Path": "//Document/Sect/Title", "Text": "International Markets Group ", "TextSize": 6.9490966796875, "attributes": {"LineHeight": 8.375, "SpaceAfter": 9.875}}, {"Bounds": [46.139892578125, 691.9807434082031, 562.5627288818359, 773.6033172607422], "ClipBounds": [46.139892578125, 691.9807434082031, 562.5627288818359, 773.6033172607422], "Page": 0, "Path": "//Document/Sect/Table", "attributes": {"BBox": [32.398699999999735, 689.9659999999858, 562.5369999999821, 772.1629999999714], "NumCol": 6, "NumRow": 7, "Placement": "Block", "SpaceAfter": 10}, "filePaths": ["tables/fileoutpart0.xlsx", "tables/fileoutpart1.png"]}, {"Path": "//Document/Sect/Table/TR/TD", "attributes": {"BBox": [32.398699999999735, 763.5229999999865, 307.5469999999914, 772.1629999999714], "BlockAlign": "Before", "ColIndex": 0, "Height": 8.625, "InlineAlign": "Start", "RowIndex": 0, "Width": 275.125}}, {"Bounds": [355.64019775390625, 765.3184051513672, 370.15321350097656, 773.6033172607422], "ClipBounds": [355.64019775390625, 765.3184051513672, 370.15321350097656, 773.6033172607422], "Page": 0, "Path": "//Document/Sect/Table/TR/TH", "attributes": {"BBox": [307.5469999999914, 763.1629999999714, 380.98399999999674, 772.1629999999714], "BlockAlign": "Before", "BorderColor": [null, [0, 0, 0], null, null], "BorderStyle": ["None", "Solid", "None", "None"], "BorderThickness": [0, 0.375, 0, 0], "ColIndex": 1, "Height": 9, "InlineAlign": "End", "RowIndex": 0, "Width": 73.375}}, {"Bounds": [355.64019775390625, 765.3184051513672, 370.15321350097656, 773.6033172607422], "ClipBounds": [355.64019775390625, 765.3184051513672, 370.15321350097656, 773.6033172607422], "Font": {"alt_family_name": "Liberation Sans", "embedded": true, "encoding": "Identity-H", "family_name": "Liberation Sans", "font_type": "CIDFontType2", "italic": false, "monospaced": false, "name": "LiberationSans-Bold", "subset": false, "weight": 700}, "HasClip": true, "Lang": "en", "Page": 0, "Path": "//Document/Sect/Table/TR/TH/P", "Text": "2021 ", "TextSize": 5.8800048828125, "attributes": {"LineHeight": 7}}, {"Path": "//Document/Sect/Table/TR/TH[2]", "attributes": {"BBox": [380.98399999999674, 763.1629999999714, 404.02399999999034, 772.1629999999714], "BlockAlign": "Before", "BorderColor": [null, [0, 0, 0], null, null], "BorderStyle": ["None", "Solid", "None", "None"], "BorderThickness": [0, 0.375, 0, 0], "ColIndex": 2, "Height": 9, "InlineAlign": "Start", "RowIndex": 0, "Width": 23}}, {"Bounds": [446.51239013671875, 765.3184051513672, 461.02540588378906, 773.6033172607422], "ClipBounds": [446.51239013671875, 765.3184051513672, 461.02540588378906, 773.6033172607422], "Page": 0, "Path": "//Document/Sect/Table/TR/TH[3]", "attributes": {"BBox": [404.02399999999034, 763.1629999999714, 470.38099999999395, 772.1629999999714], "BlockAlign": "Before", "BorderColor": [null, [0, 0, 0], null, null], "BorderStyle": ["None", "Solid", "None", "None"], "BorderThickness": [0, 0.375, 0, 0], "ColIndex": 3, "Height": 9, "InlineAlign": "End", "RowIndex": 0, "Width": 66.375}}, {"Bounds": [446.51239013671875, 765.3184051513672, 461.02540588378906, 773.6033172607422], "ClipBounds": [446.51239013671875, 765.3184051513672, 461.02540588378906, 773.6033172607422], "Font": {"alt_family_name": "Liberation Sans", "embedded": true, "encoding": "Identity-H", "family_name": "Liberation Sans", "font_type": "CIDFontType2", "italic": false, "monospaced": false, "name": "LiberationSans-Bold", "subset": false, "weight": 700}, "HasClip": true, "Lang": "en", "Page": 0, "Path": "//Document/Sect/Table/TR/TH[3]/P", "Text": "2022 ", "TextSize": 5.8800048828125, "attributes": {"LineHeight": 7}}, {"Path": "//Document/Sect/Table/TR/TH[4]", "attributes": {"BBox": [470.38099999999395, 763.1629999999714, 499.179999999993, 772.1629999999714], "BlockAlign": "Before", "BorderColor": [null, [0, 0, 0], null, null], "BorderStyle": ["None", "Solid", "None", "None"], "BorderThickness": [0, 0.375, 0, 0], "ColIndex": 4, "Height": 9, "InlineAlign": "Start", "RowIndex": 0, "Width": 28.75}}, {"Bounds": [526.1592864990234, 765.3184051513672, 544.2473449707031, 773.6033172607422], "ClipBounds": [526.1592864990234, 765.3184051513672, 544.2473449707031, 773.6033172607422], "Page": 0, "Path": "//Document/Sect/Table/TR/TH[5]", "attributes": {"BBox": [499.179999999993, 763.1629999999714, 562.5369999999821, 772.1629999999714], "BlockAlign": "Before", "BorderColor": [null, [0, 0, 0], null, null], "BorderStyle": ["None", "Solid", "None", "None"], "BorderThickness": [0, 0.375, 0, 0], "ColIndex": 5, "Height": 9, "InlineAlign": "Center", "RowIndex": 0, "Width": 63.375}}, {"Bounds": [526.1592864990234, 765.3184051513672, 544.2473449707031, 773.6033172607422], "ClipBounds": [526.1592864990234, 765.3184051513672, 544.2473449707031, 773.6033172607422], "Font": {"alt_family_name": "Liberation Sans", "embedded": true, "encoding": "Identity-H", "family_name": "Liberation Sans", "font_type": "CIDFontType2", "italic": false, "monospaced": false, "name": "LiberationSans-Bold", "subset": false, "weight": 700}, "HasClip": true, "Lang": "en", "Page": 0, "Path": "//Document/Sect/Table/TR/TH[5]/P", "Text": "H / (L) ", "TextSize": 5.8800048828125, "attributes": {"LineHeight": 7}}, {"Bounds": [46.139892578125, 753.0238952636719, 80.54554748535156, 761.3088226318359], "ClipBounds": [46.139892578125, 753.0238952636719, 80.54554748535156, 761.3088226318359], "Page": 0, "Path": "//Document/Sect/Table/TR[2]/TD", "attributes": {"BBox": [32.398699999999735, 752.0039999999863, 307.5469999999914, 763.5229999999865], "BlockAlign": "Middle", "BorderColor": [null, [0.8000029999999754, 0.9333339999999737, 1], null, null], "BorderStyle": ["None", "Solid", "None", "None"], "ColIndex": 0, "Height": 11.5, "InlineAlign": "Start", "RowIndex": 1, "Width": 275.125}}, {"Bounds": [46.139892578125, 753.0238952636719, 80.54554748535156, 761.3088226318359], "ClipBounds": [46.139892578125, 753.0238952636719, 80.54554748535156, 761.3088226318359], "Font": {"alt_family_name": "Liberation Sans", "embedded": true, "encoding": "Identity-H", "family_name": "Liberation Sans", "font_type": "CIDFontType2", "italic": false, "monospaced": false, "name": "LiberationSans-Bold", "subset": false, "weight": 700}, "HasClip": true, "Lang": "en", "Page": 0, "Path": "//Document/Sect/Table/TR[2]/TD/P", "Text": "Key Metrics ", "TextSize": 5.8800048828125, "attributes": {"LineHeight": 7}}, {"Path": "//Document/Sect/Table/TR[2]/TD[2]", "attributes": {"BBox": [307.5469999999914, 752.0039999999863, 404.02399999999034, 763.8829999999725], "BlockAlign": "Before", "BorderColor": [[0, 0, 0], [0.8000029999999754, 0.9333339999999737, 1], null, null], "BorderStyle": ["Solid", "Solid", "None", "None"], "BorderThickness": [0.375, 0, 0, 0], "ColIndex": 1, "ColSpan": 2, "Height": 11.875, "InlineAlign": "Start", "RowIndex": 1, "Width": 96.5}}, {"Path": "//Document/Sect/Table/TR[2]/TD[3]", "attributes": {"BBox": [404.02399999999034, 752.0039999999863, 499.179999999993, 763.8829999999725], "BlockAlign": "Before", "BorderColor": [[0, 0, 0], [0.8000029999999754, 0.9333339999999737, 1], null, null], "BorderStyle": ["Solid", "Solid", "None", "None"], "BorderThickness": [0.375, 0, 0, 0], "ColIndex": 3, "ColSpan": 2, "Height": 11.875, "InlineAlign": "Start", "RowIndex": 1, "Width": 95.125}}, {"Path": "//Document/Sect/Table/TR[2]/TD[4]", "attributes": {"BBox": [499.179999999993, 752.0039999999863, 562.5369999999821, 763.8829999999725], "BlockAlign": "Before", "BorderColor": [[0, 0, 0], [0.8000029999999754, 0.9333339999999737, 1], null, null], "BorderStyle": ["Solid", "Solid", "None", "None"], "BorderThickness": [0.375, 0, 0, 0], "ColIndex": 5, "Height": 11.875, "InlineAlign": "End", "RowIndex": 1, "Width": 63.375}}, {"Bounds": [46.139892578125, 741.1587371826172, 93.60443115234375, 748.7027740478516], "ClipBounds": [46.139892578125, 741.1587371826172, 93.60443115234375, 748.7027740478516], "Page": 0, "Path": "//Document/Sect/Table/TR[3]/TD", "attributes": {"BBox": [32.398699999999735, 740.4839999999967, 307.5469999999914, 752.0039999999863], "BackgroundColor": [0.8000029999999754, 0.9333339999999737, 1], "BlockAlign": "Middle", "ColIndex": 0, "Height": 11.5, "InlineAlign": "Start", "RowIndex": 2, "Width": 275.125}}, {"Bounds": [46.139892578125, 741.1587371826172, 93.60443115234375, 748.7027740478516], "ClipBounds": [46.139892578125, 741.1587371826172, 93.60443115234375, 748.7027740478516], "Font": {"alt_family_name": "Liberation Sans", "embedded": true, "encoding": "Identity-H", "family_name": "Liberation Sans", "font_type": "CIDFontType2", "italic": false, "monospaced": false, "name": "LiberationSans", "subset": false, "weight": 400}, "HasClip": true, "Lang": "en", "Page": 0, "Path": "//Document/Sect/Table/TR[3]/TD/P", "Text": "Market Share (%) ", "TextSize": 5.8800048828125, "attributes": {"LineHeight": 7}}, {"Bounds": [370.6073913574219, 741.1587371826172, 380.21766662597656, 748.7027740478516], "ClipBounds": [370.6073913574219, 741.1587371826172, 380.21766662597656, 748.7027740478516], "Page": 0, "Path": "//Document/Sect/Table/TR[3]/TD[2]", "attributes": {"BBox": [307.5469999999914, 740.4839999999967, 380.98399999999674, 752.0039999999863], "BackgroundColor": [0.8000029999999754, 0.9333339999999737, 1], "BlockAlign": "Middle", "ColIndex": 1, "Height": 11.5, "InlineAlign": "End", "RowIndex": 2, "Width": 73.375}}, {"Bounds": [370.6073913574219, 741.1587371826172, 380.21766662597656, 748.7027740478516], "ClipBounds": [370.6073913574219, 741.1587371826172, 380.21766662597656, 748.7027740478516], "Font": {"alt_family_name": "Liberation Sans", "embedded": true, "encoding": "Identity-H", "family_name": "Liberation Sans", "font_type": "CIDFontType2", "italic": false, "monospaced": false, "name": "LiberationSans", "subset": false, "weight": 400}, "HasClip": true, "Lang": "en", "Page": 0, "Path": "//Document/Sect/Table/TR[3]/TD[2]/P", "Text": "1.8 ", "TextSize": 5.8800048828125, "attributes": {"LineHeight": 7}}, {"Bounds": [393.0581970214844, 741.1587371826172, 399.71435546875, 748.7027740478516], "ClipBounds": [393.0581970214844, 741.1587371826172, 399.71435546875, 748.7027740478516], "Page": 0, "Path": "//Document/Sect/Table/TR[3]/TD[3]", "attributes": {"BBox": [380.98399999999674, 740.4839999999967, 404.02399999999034, 752.0039999999863], "BackgroundColor": [0.8000029999999754, 0.9333339999999737, 1], "BlockAlign": "Middle", "ColIndex": 2, "Height": 11.5, "InlineAlign": "End", "RowIndex": 2, "Width": 23}}, {"Bounds": [393.0581970214844, 741.1587371826172, 399.71435546875, 748.7027740478516], "ClipBounds": [393.0581970214844, 741.1587371826172, 399.71435546875, 748.7027740478516], "Font": {"alt_family_name": "Liberation Sans", "embedded": true, "encoding": "Identity-H", "family_name": "Liberation Sans", "font_type": "CIDFontType2", "italic": false, "monospaced": false, "name": "LiberationSans", "subset": false, "weight": 400}, "HasClip": true, "Lang": "en", "Page": 0, "Path": "//Document/Sect/Table/TR[3]/TD[3]/P", "Text": "% ", "TextSize": 5.8800048828125, "attributes": {"LineHeight": 7}}, {"Bounds": [461.4795837402344, 741.1587371826172, 471.08985900878906, 748.7027740478516], "ClipBounds": [461.4795837402344, 741.1587371826172, 471.08985900878906, 748.7027740478516], "Page": 0, "Path": "//Document/Sect/Table/TR[3]/TD[4]", "attributes": {"BBox": [404.02399999999034, 740.4839999999967, 470.38099999999395, 752.0039999999863], "BackgroundColor": [0.8000029999999754, 0.9333339999999737, 1], "BlockAlign": "Middle", "ColIndex": 3, "Height": 11.5, "InlineAlign": "End", "RowIndex": 2, "Width": 66.375}}, {"Bounds": [461.4795837402344, 741.1587371826172, 471.08985900878906, 748.7027740478516], "ClipBounds": [461.4795837402344, 741.1587371826172, 471.08985900878906, 748.7027740478516], "Font": {"alt_family_name": "Liberation Sans", "embedded": true, "encoding": "Identity-H", "family_name": "Liberation Sans", "font_type": "CIDFontType2", "italic": false, "monospaced": false, "name": "LiberationSans", "subset": false, "weight": 400}, "HasClip": true, "Lang": "en", "Page": 0, "Path": "//Document/Sect/Table/TR[3]/TD[4]/P", "Text": "1.4 ", "TextSize": 5.8800048828125, "attributes": {"LineHeight": 7}}, {"Bounds": [483.9303894042969, 741.1587371826172, 490.5865478515625, 748.7027740478516], "ClipBounds": [483.9303894042969, 741.1587371826172, 490.5865478515625, 748.7027740478516], "Page": 0, "Path": "//Document/Sect/Table/TR[3]/TD[5]", "attributes": {"BBox": [470.38099999999395, 740.4839999999967, 499.179999999993, 752.0039999999863], "BackgroundColor": [0.8000029999999754, 0.9333339999999737, 1], "BlockAlign": "Middle", "ColIndex": 4, "Height": 11.5, "InlineAlign": "Center", "RowIndex": 2, "Width": 28.75}}, {"Bounds": [483.9303894042969, 741.1587371826172, 490.5865478515625, 748.7027740478516], "ClipBounds": [483.9303894042969, 741.1587371826172, 490.5865478515625, 748.7027740478516], "Font": {"alt_family_name": "Liberation Sans", "embedded": true, "encoding": "Identity-H", "family_name": "Liberation Sans", "font_type": "CIDFontType2", "italic": false, "monospaced": false, "name": "LiberationSans", "subset": false, "weight": 400}, "HasClip": true, "Lang": "en", "Page": 0, "Path": "//Document/Sect/Table/TR[3]/TD[5]/P", "Text": "% ", "TextSize": 5.8800048828125, "attributes": {"LineHeight": 7}}, {"Bounds": [536.3155822753906, 741.1587371826172, 562.5627288818359, 748.7027740478516], "ClipBounds": [536.3155822753906, 741.1587371826172, 562.5627288818359, 748.7027740478516], "Page": 0, "Path": "//Document/Sect/Table/TR[3]/TD[6]", "attributes": {"BBox": [499.179999999993, 740.4839999999967, 562.5369999999821, 752.0039999999863], "BackgroundColor": [0.8000029999999754, 0.9333339999999737, 1], "BlockAlign": "Middle", "ColIndex": 5, "Height": 11.5, "InlineAlign": "End", "RowIndex": 2, "Width": 63.375}}, {"Bounds": [536.3155822753906, 741.1587371826172, 562.5627288818359, 748.7027740478516], "ClipBounds": [536.3155822753906, 741.1587371826172, 562.5627288818359, 748.7027740478516], "Font": {"alt_family_name": "Liberation Sans", "embedded": true, "encoding": "Identity-H", "family_name": "Liberation Sans", "font_type": "CIDFontType2", "italic": false, "monospaced": false, "name": "LiberationSans", "subset": false, "weight": 400}, "HasClip": true, "Lang": "en", "Page": 0, "Path": "//Document/Sect/Table/TR[3]/TD[6]/P", "Text": "(0.4) ppts ", "TextSize": 5.8800048828125, "attributes": {"LineHeight": 7}}, {"Bounds": [46.139892578125, 728.8642425537109, 114.16444396972656, 736.4082794189453], "ClipBounds": [46.139892578125, 728.8642425537109, 114.16444396972656, 736.4082794189453], "Page": 0, "Path": "//Document/Sect/Table/TR[4]/TD", "attributes": {"BBox": [32.398699999999735, 727.5249999999942, 307.5469999999914, 740.6039999999921], "BackgroundColor": [1, 1, 1], "BlockAlign": "Middle", "BorderColor": [[0.8000029999999754, 0.9333339999999737, 1], [0.8000029999999754, 0.9333339999999737, 1], null, null], "BorderStyle": ["Solid", "Solid", "None", "None"], "ColIndex": 0, "Height": 13.125, "InlineAlign": "Start", "RowIndex": 3, "Width": 275.125}}, {"Bounds": [46.139892578125, 728.8642425537109, 114.16444396972656, 736.4082794189453], "ClipBounds": [46.139892578125, 728.8642425537109, 114.16444396972656, 736.4082794189453], "Font": {"alt_family_name": "Liberation Sans", "embedded": true, "encoding": "Identity-H", "family_name": "Liberation Sans", "font_type": "CIDFontType2", "italic": false, "monospaced": false, "name": "LiberationSans", "subset": false, "weight": 400}, "HasClip": true, "Lang": "en", "Page": 0, "Path": "//Document/Sect/Table/TR[4]/TD/P", "Text": "Wholesale Units (000) (a) ", "TextSize": 5.8800048828125, "attributes": {"LineHeight": 7}}, {"Bounds": [369.0036926269531, 728.8642425537109, 380.25096130371094, 736.4082794189453], "ClipBounds": [369.0036926269531, 728.8642425537109, 380.25096130371094, 736.4082794189453], "Page": 0, "Path": "//Document/Sect/Table/TR[4]/TD[2]", "attributes": {"BBox": [307.5469999999914, 727.5249999999942, 380.98399999999674, 740.6039999999921], "BackgroundColor": [1, 1, 1], "BlockAlign": "Middle", "BorderColor": [[0.8000029999999754, 0.9333339999999737, 1], [0.8000029999999754, 0.9333339999999737, 1], null, null], "BorderStyle": ["Solid", "Solid", "None", "None"], "ColIndex": 1, "Height": 13.125, "InlineAlign": "End", "RowIndex": 3, "Width": 73.375}}, {"Bounds": [369.0036926269531, 728.8642425537109, 380.25096130371094, 736.4082794189453], "ClipBounds": [369.0036926269531, 728.8642425537109, 380.25096130371094, 736.4082794189453], "Font": {"alt_family_name": "Liberation Sans", "embedded": true, "encoding": "Identity-H", "family_name": "Liberation Sans", "font_type": "CIDFontType2", "italic": false, "monospaced": false, "name": "LiberationSans", "subset": false, "weight": 400}, "HasClip": true, "Lang": "en", "Page": 0, "Path": "//Document/Sect/Table/TR[4]/TD[2]/P", "Text": "315 ", "TextSize": 5.8800048828125, "attributes": {"LineHeight": 7}}, {"Path": "//Document/Sect/Table/TR[4]/TD[3]", "attributes": {"BBox": [380.98399999999674, 727.5249999999942, 404.02399999999034, 740.6039999999921], "BackgroundColor": [1, 1, 1], "BlockAlign": "Before", "BorderColor": [[0.8000029999999754, 0.9333339999999737, 1], [0.8000029999999754, 0.9333339999999737, 1], null, null], "BorderStyle": ["Solid", "Solid", "None", "None"], "ColIndex": 2, "Height": 13.125, "InlineAlign": "End", "RowIndex": 3, "Width": 23}}, {"Bounds": [459.87599182128906, 728.8642425537109, 471.1232452392578, 736.4082794189453], "ClipBounds": [459.87599182128906, 728.8642425537109, 471.1232452392578, 736.4082794189453], "Page": 0, "Path": "//Document/Sect/Table/TR[4]/TD[4]", "attributes": {"BBox": [404.02399999999034, 727.5249999999942, 470.38099999999395, 740.6039999999921], "BackgroundColor": [1, 1, 1], "BlockAlign": "Middle", "BorderColor": [[0.8000029999999754, 0.9333339999999737, 1], [0.8000029999999754, 0.9333339999999737, 1], null, null], "BorderStyle": ["Solid", "Solid", "None", "None"], "ColIndex": 3, "Height": 13.125, "InlineAlign": "End", "RowIndex": 3, "Width": 66.375}}, {"Bounds": [459.87599182128906, 728.8642425537109, 471.1232452392578, 736.4082794189453], "ClipBounds": [459.87599182128906, 728.8642425537109, 471.1232452392578, 736.4082794189453], "Font": {"alt_family_name": "Liberation Sans", "embedded": true, "encoding": "Identity-H", "family_name": "Liberation Sans", "font_type": "CIDFontType2", "italic": false, "monospaced": false, "name": "LiberationSans", "subset": false, "weight": 400}, "HasClip": true, "Lang": "en", "Page": 0, "Path": "//Document/Sect/Table/TR[4]/TD[4]/P", "Text": "304 ", "TextSize": 5.8800048828125, "attributes": {"LineHeight": 7}}, {"Path": "//Document/Sect/Table/TR[4]/TD[5]", "attributes": {"BBox": [470.38099999999395, 727.5249999999942, 499.179999999993, 740.6039999999921], "BackgroundColor": [1, 1, 1], "BlockAlign": "Before", "BorderColor": [[0.8000029999999754, 0.9333339999999737, 1], [0.8000029999999754, 0.9333339999999737, 1], null, null], "BorderStyle": ["Solid", "Solid", "None", "None"], "ColIndex": 4, "Height": 13.125, "InlineAlign": "Center", "RowIndex": 3, "Width": 28.75}}, {"Bounds": [550.2136840820312, 728.8642425537109, 562.110107421875, 736.4082794189453], "ClipBounds": [550.2136840820312, 728.8642425537109, 562.110107421875, 736.4082794189453], "Page": 0, "Path": "//Document/Sect/Table/TR[4]/TD[6]", "attributes": {"BBox": [499.179999999993, 727.5249999999942, 562.5369999999821, 740.6039999999921], "BackgroundColor": [1, 1, 1], "BlockAlign": "Middle", "BorderColor": [[0.8000029999999754, 0.9333339999999737, 1], [0.8000029999999754, 0.9333339999999737, 1], null, null], "BorderStyle": ["Solid", "Solid", "None", "None"], "ColIndex": 5, "Height": 13.125, "InlineAlign": "End", "RowIndex": 3, "Width": 63.375}}, {"Bounds": [550.2136840820312, 728.8642425537109, 562.110107421875, 736.4082794189453], "ClipBounds": [550.2136840820312, 728.8642425537109, 562.110107421875, 736.4082794189453], "Font": {"alt_family_name": "Liberation Sans", "embedded": true, "encoding": "Identity-H", "family_name": "Liberation Sans", "font_type": "CIDFontType2", "italic": false, "monospaced": false, "name": "LiberationSans", "subset": false, "weight": 400}, "HasClip": true, "Lang": "en", "Page": 0, "Path": "//Document/Sect/Table/TR[4]/TD[6]/P", "Text": "(11) ", "TextSize": 5.8800048828125, "attributes": {"LineHeight": 7}}, {"Bounds": [46.139892578125, 716.5697479248047, 84.80795288085938, 724.1137847900391], "ClipBounds": [46.139892578125, 716.5697479248047, 84.80795288085938, 724.1137847900391], "Page": 0, "Path": "//Document/Sect/Table/TR[5]/TD", "attributes": {"BBox": [32.398699999999735, 714.5649999999732, 307.5469999999914, 727.5249999999942], "BackgroundColor": [0.8000029999999754, 0.9333339999999737, 1], "BlockAlign": "Middle", "ColIndex": 0, "Height": 13, "InlineAlign": "Start", "RowIndex": 4, "Width": 275.125}}, {"Bounds": [46.139892578125, 716.5697479248047, 84.80795288085938, 724.1137847900391], "ClipBounds": [46.139892578125, 716.5697479248047, 84.80795288085938, 724.1137847900391], "Font": {"alt_family_name": "Liberation Sans", "embedded": true, "encoding": "Identity-H", "family_name": "Liberation Sans", "font_type": "CIDFontType2", "italic": false, "monospaced": false, "name": "LiberationSans", "subset": false, "weight": 400}, "HasClip": true, "Lang": "en", "Page": 0, "Path": "//Document/Sect/Table/TR[5]/TD/P", "Text": "Revenue ($M) ", "TextSize": 5.8800048828125, "attributes": {"LineHeight": 7}}, {"Bounds": [325.70579528808594, 716.5697479248047, 379.80296325683594, 724.1137847900391], "ClipBounds": [325.70579528808594, 716.5697479248047, 379.80296325683594, 724.1137847900391], "Page": 0, "Path": "//Document/Sect/Table/TR[5]/TD[2]", "attributes": {"BBox": [307.5469999999914, 714.5649999999732, 380.98399999999674, 727.5249999999942], "BackgroundColor": [0.8000029999999754, 0.9333339999999737, 1], "BlockAlign": "Middle", "ColIndex": 1, "Height": 13, "InlineAlign": "End", "RowIndex": 4, "Width": 73.375}}, {"Bounds": [325.70579528808594, 716.5697479248047, 379.80296325683594, 724.1137847900391], "ClipBounds": [325.70579528808594, 716.5697479248047, 379.80296325683594, 724.1137847900391], "Font": {"alt_family_name": "Liberation Sans", "embedded": true, "encoding": "Identity-H", "family_name": "Liberation Sans", "font_type": "CIDFontType2", "italic": false, "monospaced": false, "name": "LiberationSans", "subset": false, "weight": 400}, "HasClip": true, "Lang": "en", "Page": 0, "Path": "//Document/Sect/Table/TR[5]/TD[2]/P", "Text": "$ 8,955 ", "TextSize": 5.8800048828125, "attributes": {"LineHeight": 7}}, {"Path": "//Document/Sect/Table/TR[5]/TD[3]", "attributes": {"BBox": [380.98399999999674, 714.5649999999732, 404.02399999999034, 727.5249999999942], "BackgroundColor": [0.8000029999999754, 0.9333339999999737, 1], "BlockAlign": "Before", "ColIndex": 2, "Height": 13, "InlineAlign": "End", "RowIndex": 4, "Width": 23}}, {"Bounds": [416.57798767089844, 716.5697479248047, 470.6751708984375, 724.1137847900391], "ClipBounds": [416.57798767089844, 716.5697479248047, 470.6751708984375, 724.1137847900391], "Page": 0, "Path": "//Document/Sect/Table/TR[5]/TD[4]", "attributes": {"BBox": [404.02399999999034, 714.5649999999732, 470.38099999999395, 727.5249999999942], "BackgroundColor": [0.8000029999999754, 0.9333339999999737, 1], "BlockAlign": "Middle", "ColIndex": 3, "Height": 13, "InlineAlign": "End", "RowIndex": 4, "Width": 66.375}}, {"Bounds": [416.57798767089844, 716.5697479248047, 470.6751708984375, 724.1137847900391], "ClipBounds": [416.57798767089844, 716.5697479248047, 470.6751708984375, 724.1137847900391], "Font": {"alt_family_name": "Liberation Sans", "embedded": true, "encoding": "Identity-H", "family_name": "Liberation Sans", "font_type": "CIDFontType2", "italic": false, "monospaced": false, "name": "LiberationSans", "subset": false, "weight": 400}, "HasClip": true, "Lang": "en", "Page": 0, "Path": "//Document/Sect/Table/TR[5]/TD[4]/P", "Text": "$ 9,810 ", "TextSize": 5.8800048828125, "attributes": {"LineHeight": 7}}, {"Path": "//Document/Sect/Table/TR[5]/TD[5]", "attributes": {"BBox": [470.38099999999395, 714.5649999999732, 499.179999999993, 727.5249999999942], "BackgroundColor": [0.8000029999999754, 0.9333339999999737, 1], "BlockAlign": "Before", "ColIndex": 4, "Height": 13, "InlineAlign": "Center", "RowIndex": 4, "Width": 28.75}}, {"Bounds": [507.4502868652344, 716.5697479248047, 560.9277038574219, 724.1137847900391], "ClipBounds": [507.4502868652344, 716.5697479248047, 560.9277038574219, 724.1137847900391], "Page": 0, "Path": "//Document/Sect/Table/TR[5]/TD[6]", "attributes": {"BBox": [499.179999999993, 714.5649999999732, 562.5369999999821, 727.5249999999942], "BackgroundColor": [0.8000029999999754, 0.9333339999999737, 1], "BlockAlign": "Middle", "ColIndex": 5, "Height": 13, "InlineAlign": "End", "RowIndex": 4, "Width": 63.375}}, {"Bounds": [507.4502868652344, 716.5697479248047, 560.9277038574219, 724.1137847900391], "ClipBounds": [507.4502868652344, 716.5697479248047, 560.9277038574219, 724.1137847900391], "Font": {"alt_family_name": "Liberation Sans", "embedded": true, "encoding": "Identity-H", "family_name": "Liberation Sans", "font_type": "CIDFontType2", "italic": false, "monospaced": false, "name": "LiberationSans", "subset": false, "weight": 400}, "HasClip": true, "Lang": "en", "Page": 0, "Path": "//Document/Sect/Table/TR[5]/TD[6]/P", "Text": "$ 855 ", "TextSize": 5.8800048828125, "attributes": {"LineHeight": 7}}, {"Bounds": [46.139892578125, 704.2752380371094, 74.34742736816406, 711.8192749023438], "ClipBounds": [46.139892578125, 704.2752380371094, 74.34742736816406, 711.8192749023438], "Page": 0, "Path": "//Document/Sect/Table/TR[6]/TD", "attributes": {"BBox": [32.398699999999735, 703.045999999973, 307.5469999999914, 714.6849999999977], "BackgroundColor": [1, 1, 1], "BlockAlign": "Middle", "BorderColor": [[0.8000029999999754, 0.9333339999999737, 1], [0.8000029999999754, 0.9333339999999737, 1], null, null], "BorderStyle": ["Solid", "Solid", "None", "None"], "ColIndex": 0, "Height": 11.625, "InlineAlign": "Start", "RowIndex": 5, "Width": 275.125}}, {"Bounds": [46.139892578125, 704.2752380371094, 74.34742736816406, 711.8192749023438], "ClipBounds": [46.139892578125, 704.2752380371094, 74.34742736816406, 711.8192749023438], "Font": {"alt_family_name": "Liberation Sans", "embedded": true, "encoding": "Identity-H", "family_name": "Liberation Sans", "font_type": "CIDFontType2", "italic": false, "monospaced": false, "name": "LiberationSans", "subset": false, "weight": 400}, "HasClip": true, "Lang": "en", "Page": 0, "Path": "//Document/Sect/Table/TR[6]/TD/P", "Text": "EBIT ($M) ", "TextSize": 5.8800048828125, "attributes": {"LineHeight": 7}}, {"Bounds": [369.0036926269531, 704.2752380371094, 380.25096130371094, 711.8192749023438], "ClipBounds": [369.0036926269531, 704.2752380371094, 380.25096130371094, 711.8192749023438], "Page": 0, "Path": "//Document/Sect/Table/TR[6]/TD[2]", "attributes": {"BBox": [307.5469999999914, 703.045999999973, 380.98399999999674, 714.6849999999977], "BackgroundColor": [1, 1, 1], "BlockAlign": "Middle", "BorderColor": [[0.8000029999999754, 0.9333339999999737, 1], [0.8000029999999754, 0.9333339999999737, 1], null, null], "BorderStyle": ["Solid", "Solid", "None", "None"], "ColIndex": 1, "Height": 11.625, "InlineAlign": "End", "RowIndex": 5, "Width": 73.375}}, {"Bounds": [369.0036926269531, 704.2752380371094, 380.25096130371094, 711.8192749023438], "ClipBounds": [369.0036926269531, 704.2752380371094, 380.25096130371094, 711.8192749023438], "Font": {"alt_family_name": "Liberation Sans", "embedded": true, "encoding": "Identity-H", "family_name": "Liberation Sans", "font_type": "CIDFontType2", "italic": false, "monospaced": false, "name": "LiberationSans", "subset": false, "weight": 400}, "HasClip": true, "Lang": "en", "Page": 0, "Path": "//Document/Sect/Table/TR[6]/TD[2]/P", "Text": "622 ", "TextSize": 5.8800048828125, "attributes": {"LineHeight": 7}}, {"Path": "//Document/Sect/Table/TR[6]/TD[3]", "attributes": {"BBox": [380.98399999999674, 703.045999999973, 404.02399999999034, 714.6849999999977], "BackgroundColor": [1, 1, 1], "BlockAlign": "Before", "BorderColor": [[0.8000029999999754, 0.9333339999999737, 1], [0.8000029999999754, 0.9333339999999737, 1], null, null], "BorderStyle": ["Solid", "Solid", "None", "None"], "ColIndex": 2, "Height": 11.625, "InlineAlign": "End", "RowIndex": 5, "Width": 23}}, {"Bounds": [459.87599182128906, 704.2752380371094, 471.1232452392578, 711.8192749023438], "ClipBounds": [459.87599182128906, 704.2752380371094, 471.1232452392578, 711.8192749023438], "Page": 0, "Path": "//Document/Sect/Table/TR[6]/TD[4]", "attributes": {"BBox": [404.02399999999034, 703.045999999973, 470.38099999999395, 714.6849999999977], "BackgroundColor": [1, 1, 1], "BlockAlign": "Middle", "BorderColor": [[0.8000029999999754, 0.9333339999999737, 1], [0.8000029999999754, 0.9333339999999737, 1], null, null], "BorderStyle": ["Solid", "Solid", "None", "None"], "ColIndex": 3, "Height": 11.625, "InlineAlign": "End", "RowIndex": 5, "Width": 66.375}}, {"Bounds": [459.87599182128906, 704.2752380371094, 471.1232452392578, 711.8192749023438], "ClipBounds": [459.87599182128906, 704.2752380371094, 471.1232452392578, 711.8192749023438], "Font": {"alt_family_name": "Liberation Sans", "embedded": true, "encoding": "Identity-H", "family_name": "Liberation Sans", "font_type": "CIDFontType2", "italic": false, "monospaced": false, "name": "LiberationSans", "subset": false, "weight": 400}, "HasClip": true, "Lang": "en", "Page": 0, "Path": "//Document/Sect/Table/TR[6]/TD[4]/P", "Text": "628 ", "TextSize": 5.8800048828125, "attributes": {"LineHeight": 7}}, {"Path": "//Document/Sect/Table/TR[6]/TD[5]", "attributes": {"BBox": [470.38099999999395, 703.045999999973, 499.179999999993, 714.6849999999977], "BackgroundColor": [1, 1, 1], "BlockAlign": "Before", "BorderColor": [[0.8000029999999754, 0.9333339999999737, 1], [0.8000029999999754, 0.9333339999999737, 1], null, null], "BorderStyle": ["Solid", "Solid", "None", "None"], "ColIndex": 4, "Height": 11.625, "InlineAlign": "Center", "RowIndex": 5, "Width": 28.75}}, {"Bounds": [556.0936889648438, 704.2752380371094, 560.8094482421875, 711.8192749023438], "ClipBounds": [556.0936889648438, 704.2752380371094, 560.8094482421875, 711.8192749023438], "Page": 0, "Path": "//Document/Sect/Table/TR[6]/TD[6]", "attributes": {"BBox": [499.179999999993, 703.045999999973, 562.5369999999821, 714.6849999999977], "BackgroundColor": [1, 1, 1], "BlockAlign": "Middle", "BorderColor": [[0.8000029999999754, 0.9333339999999737, 1], [0.8000029999999754, 0.9333339999999737, 1], null, null], "BorderStyle": ["Solid", "Solid", "None", "None"], "ColIndex": 5, "Height": 11.625, "InlineAlign": "End", "RowIndex": 5, "Width": 63.375}}, {"Bounds": [556.0936889648438, 704.2752380371094, 560.8094482421875, 711.8192749023438], "ClipBounds": [556.0936889648438, 704.2752380371094, 560.8094482421875, 711.8192749023438], "Font": {"alt_family_name": "Liberation Sans", "embedded": true, "encoding": "Identity-H", "family_name": "Liberation Sans", "font_type": "CIDFontType2", "italic": false, "monospaced": false, "name": "LiberationSans", "subset": false, "weight": 400}, "HasClip": true, "Lang": "en", "Page": 0, "Path": "//Document/Sect/Table/TR[6]/TD[6]/P", "Text": "6 ", "TextSize": 5.8800048828125, "attributes": {"LineHeight": 7}}, {"Bounds": [46.139892578125, 691.9807434082031, 90.98783874511719, 699.5247802734375], "ClipBounds": [46.139892578125, 691.9807434082031, 90.98783874511719, 699.5247802734375], "Page": 0, "Path": "//Document/Sect/Table/TR[7]/TD", "attributes": {"BBox": [32.398699999999735, 689.9659999999858, 307.5469999999914, 703.045999999973], "BackgroundColor": [0.8000029999999754, 0.9333339999999737, 1], "BlockAlign": "Middle", "ColIndex": 0, "Height": 13.125, "InlineAlign": "Start", "RowIndex": 6, "Width": 275.125}}, {"Bounds": [46.139892578125, 691.9807434082031, 90.98783874511719, 699.5247802734375], "ClipBounds": [46.139892578125, 691.9807434082031, 90.98783874511719, 699.5247802734375], "Font": {"alt_family_name": "Liberation Sans", "embedded": true, "encoding": "Identity-H", "family_name": "Liberation Sans", "font_type": "CIDFontType2", "italic": false, "monospaced": false, "name": "LiberationSans", "subset": false, "weight": 400}, "HasClip": true, "Lang": "en", "Page": 0, "Path": "//Document/Sect/Table/TR[7]/TD/P", "Text": "EBIT Margin (%) ", "TextSize": 5.8800048828125, "attributes": {"LineHeight": 7}}, {"Bounds": [370.6073913574219, 691.9807434082031, 380.21766662597656, 699.5247802734375], "ClipBounds": [370.6073913574219, 691.9807434082031, 380.21766662597656, 699.5247802734375], "Page": 0, "Path": "//Document/Sect/Table/TR[7]/TD[2]", "attributes": {"BBox": [307.5469999999914, 689.9659999999858, 380.98399999999674, 703.045999999973], "BackgroundColor": [0.8000029999999754, 0.9333339999999737, 1], "BlockAlign": "Middle", "ColIndex": 1, "Height": 13.125, "InlineAlign": "End", "RowIndex": 6, "Width": 73.375}}, {"Bounds": [370.6073913574219, 691.9807434082031, 380.21766662597656, 699.5247802734375], "ClipBounds": [370.6073913574219, 691.9807434082031, 380.21766662597656, 699.5247802734375], "Font": {"alt_family_name": "Liberation Sans", "embedded": true, "encoding": "Identity-H", "family_name": "Liberation Sans", "font_type": "CIDFontType2", "italic": false, "monospaced": false, "name": "LiberationSans", "subset": false, "weight": 400}, "HasClip": true, "Lang": "en", "Page": 0, "Path": "//Document/Sect/Table/TR[7]/TD[2]/P", "Text": "6.9 ", "TextSize": 5.8800048828125, "attributes": {"LineHeight": 7}}, {"Bounds": [393.0581970214844, 691.9807434082031, 399.71435546875, 699.5247802734375], "ClipBounds": [393.0581970214844, 691.9807434082031, 399.71435546875, 699.5247802734375], "Page": 0, "Path": "//Document/Sect/Table/TR[7]/TD[3]", "attributes": {"BBox": [380.98399999999674, 689.9659999999858, 404.02399999999034, 703.045999999973], "BackgroundColor": [0.8000029999999754, 0.9333339999999737, 1], "BlockAlign": "Middle", "ColIndex": 2, "Height": 13.125, "InlineAlign": "End", "RowIndex": 6, "Width": 23}}, {"Bounds": [393.0581970214844, 691.9807434082031, 399.71435546875, 699.5247802734375], "ClipBounds": [393.0581970214844, 691.9807434082031, 399.71435546875, 699.5247802734375], "Font": {"alt_family_name": "Liberation Sans", "embedded": true, "encoding": "Identity-H", "family_name": "Liberation Sans", "font_type": "CIDFontType2", "italic": false, "monospaced": false, "name": "LiberationSans", "subset": false, "weight": 400}, "HasClip": true, "Lang": "en", "Page": 0, "Path": "//Document/Sect/Table/TR[7]/TD[3]/P", "Text": "% ", "TextSize": 5.8800048828125, "attributes": {"LineHeight": 7}}, {"Bounds": [461.4795837402344, 691.9807434082031, 471.08985900878906, 699.5247802734375], "ClipBounds": [461.4795837402344, 691.9807434082031, 471.08985900878906, 699.5247802734375], "Page": 0, "Path": "//Document/Sect/Table/TR[7]/TD[4]", "attributes": {"BBox": [404.02399999999034, 689.9659999999858, 470.38099999999395, 703.045999999973], "BackgroundColor": [0.8000029999999754, 0.9333339999999737, 1], "BlockAlign": "Middle", "ColIndex": 3, "Height": 13.125, "InlineAlign": "End", "RowIndex": 6, "Width": 66.375}}, {"Bounds": [461.4795837402344, 691.9807434082031, 471.08985900878906, 699.5247802734375], "ClipBounds": [461.4795837402344, 691.9807434082031, 471.08985900878906, 699.5247802734375], "Font": {"alt_family_name": "Liberation Sans", "embedded": true, "encoding": "Identity-H", "family_name": "Liberation Sans", "font_type": "CIDFontType2", "italic": false, "monospaced": false, "name": "LiberationSans", "subset": false, "weight": 400}, "HasClip": true, "Lang": "en", "Page": 0, "Path": "//Document/Sect/Table/TR[7]/TD[4]/P", "Text": "6.4 ", "TextSize": 5.8800048828125, "attributes": {"LineHeight": 7}}, {"Bounds": [483.9303894042969, 691.9807434082031, 490.5865478515625, 699.5247802734375], "ClipBounds": [483.9303894042969, 691.9807434082031, 490.5865478515625, 699.5247802734375], "Page": 0, "Path": "//Document/Sect/Table/TR[7]/TD[5]", "attributes": {"BBox": [470.38099999999395, 689.9659999999858, 499.179999999993, 703.045999999973], "BackgroundColor": [0.8000029999999754, 0.9333339999999737, 1], "BlockAlign": "Middle", "ColIndex": 4, "Height": 13.125, "InlineAlign": "Center", "RowIndex": 6, "Width": 28.75}}, {"Bounds": [483.9303894042969, 691.9807434082031, 490.5865478515625, 699.5247802734375], "ClipBounds": [483.9303894042969, 691.9807434082031, 490.5865478515625, 699.5247802734375], "Font": {"alt_family_name": "Liberation Sans", "embedded": true, "encoding": "Identity-H", "family_name": "Liberation Sans", "font_type": "CIDFontType2", "italic": false, "monospaced": false, "name": "LiberationSans", "subset": false, "weight": 400}, "HasClip": true, "Lang": "en", "Page": 0, "Path": "//Document/Sect/Table/TR[7]/TD[5]/P", "Text": "% ", "TextSize": 5.8800048828125, "attributes": {"LineHeight": 7}}, {"Bounds": [536.3155822753906, 691.9807434082031, 562.5627288818359, 699.5247802734375], "ClipBounds": [536.3155822753906, 691.9807434082031, 562.5627288818359, 699.5247802734375], "Page": 0, "Path": "//Document/Sect/Table/TR[7]/TD[6]", "attributes": {"BBox": [499.179999999993, 689.9659999999858, 562.5369999999821, 703.045999999973], "BackgroundColor": [0.8000029999999754, 0.9333339999999737, 1], "BlockAlign": "Middle", "ColIndex": 5, "Height": 13.125, "InlineAlign": "End", "RowIndex": 6, "Width": 63.375}}, {"Bounds": [536.3155822753906, 691.9807434082031, 562.5627288818359, 699.5247802734375], "ClipBounds": [536.3155822753906, 691.9807434082031, 562.5627288818359, 699.5247802734375], "Font": {"alt_family_name": "Liberation Sans", "embedded": true, "encoding": "Identity-H", "family_name": "Liberation Sans", "font_type": "CIDFontType2", "italic": false, "monospaced": false, "name": "LiberationSans", "subset": false, "weight": 400}, "HasClip": true, "Lang": "en", "Page": 0, "Path": "//Document/Sect/Table/TR[7]/TD[6]/P", "Text": "(0.5) ppts ", "TextSize": 5.8800048828125, "attributes": {"LineHeight": 7}}, {"Bounds": [32.77630615234375, 667.391845703125, 518.1785125732422, 674.9358825683594], "ClipBounds": [32.77630615234375, 667.391845703125, 518.1785125732422, 674.9358825683594], "Font": {"alt_family_name": "Liberation Sans", "embedded": true, "encoding": "Identity-H", "family_name": "Liberation Sans", "font_type": "CIDFontType2", "italic": false, "monospaced": false, "name": "LiberationSans", "subset": false, "weight": 400}, "HasClip": true, "Lang": "en", "Page": 0, "Path": "//Document/Sect/Footnote", "Text": "(a) Includes Ford brand vehicles produced and sold by our unconsolidated affiliate in Russia (about 22,000 units in 2021 and 3,000 units in 2022). Revenue does not include these sales. ", "TextSize": 5.8800048828125, "attributes": {"LineHeight": 7, "SpaceAfter": 15.375}}, {"Bounds": [33.31089782714844, 644.5118103027344, 161.70481872558594, 652.7967224121094], "ClipBounds": [33.31089782714844, 644.5118103027344, 161.70481872558594, 652.7967224121094], "Font": {"alt_family_name": "Liberation Sans", "embedded": true, "encoding": "Identity-H", "family_name": "Liberation Sans", "font_type": "CIDFontType2", "italic": false, "monospaced": false, "name": "LiberationSans-Bold", "subset": false, "weight": 700}, "HasClip": true, "Lang": "en", "Page": 0, "Path": "//Document/Sect[2]/H1", "Text": "Change in EBIT by Causal Factor (in millions) ", "TextSize": 5.8800048828125, "attributes": {"LineHeight": 7, "SpaceAfter": 5.5}}, {"Bounds": [38.121795654296875, 556.8468017578125, 562.1686553955078, 640.1905822753906], "ClipBounds": [38.121795654296875, 556.8468017578125, 562.1686553955078, 640.1905822753906], "Page": 0, "Path": "//Document/Sect[2]/Table", "attributes": {"BBox": [32.398699999999735, 554.6119999999937, 562.5369999999821, 643.5279999999912], "NumCol": 2, "NumRow": 7, "Placement": "Block", "SpaceAfter": 10}, "filePaths": ["tables/fileoutpart2.xlsx", "tables/fileoutpart3.png"]}, {"Bounds": [38.121795654296875, 632.6465454101562, 92.43182373046875, 640.1905822753906], "ClipBounds": [38.121795654296875, 632.6465454101562, 92.43182373046875, 640.1905822753906], "Page": 0, "Path": "//Document/Sect[2]/Table/TR/TD", "attributes": {"BBox": [32.398699999999735, 630.2089999999735, 499.179999999993, 643.5279999999912], "BackgroundColor": [0.8000029999999754, 0.9333339999999737, 1], "BlockAlign": "Middle", "ColIndex": 0, "Height": 13.375, "InlineAlign": "Start", "RowIndex": 0, "Width": 466.75}}, {"Bounds": [38.121795654296875, 632.6465454101562, 92.43182373046875, 640.1905822753906], "ClipBounds": [38.121795654296875, 632.6465454101562, 92.43182373046875, 640.1905822753906], "Font": {"alt_family_name": "Liberation Sans", "embedded": true, "encoding": "Identity-H", "family_name": "Liberation Sans", "font_type": "CIDFontType2", "italic": false, "monospaced": false, "name": "LiberationSans", "subset": false, "weight": 400}, "HasClip": true, "Lang": "en", "Page": 0, "Path": "//Document/Sect[2]/Table/TR/TD/P", "Text": "2021 Full Year EBIT ", "TextSize": 5.8800048828125, "attributes": {"LineHeight": 7}}, {"Bounds": [499.96669006347656, 632.6465454101562, 560.9293518066406, 640.1905822753906], "ClipBounds": [499.96669006347656, 632.6465454101562, 560.9293518066406, 640.1905822753906], "Page": 0, "Path": "//Document/Sect[2]/Table/TR/TD[2]", "attributes": {"BBox": [499.179999999993, 630.2089999999735, 562.5369999999821, 643.5279999999912], "BackgroundColor": [0.8000029999999754, 0.9333339999999737, 1], "BlockAlign": "Middle", "ColIndex": 1, "Height": 13.375, "InlineAlign": "End", "RowIndex": 0, "Width": 63.375}}, {"Bounds": [499.96669006347656, 632.6465454101562, 560.9293518066406, 640.1905822753906], "ClipBounds": [499.96669006347656, 632.6465454101562, 560.9293518066406, 640.1905822753906], "Font": {"alt_family_name": "Liberation Sans", "embedded": true, "encoding": "Identity-H", "family_name": "Liberation Sans", "font_type": "CIDFontType2", "italic": false, "monospaced": false, "name": "LiberationSans", "subset": false, "weight": 400}, "HasClip": true, "Lang": "en", "Page": 0, "Path": "//Document/Sect[2]/Table/TR/TD[2]/P", "Text": "$ 622 ", "TextSize": 5.8800048828125, "attributes": {"LineHeight": 7}}, {"Bounds": [38.121795654296875, 620.35205078125, 73.50175476074219, 627.8960876464844], "ClipBounds": [38.121795654296875, 620.35205078125, 73.50175476074219, 627.8960876464844], "Page": 0, "Path": "//Document/Sect[2]/Table/TR[2]/TD", "attributes": {"BBox": [32.398699999999735, 618.6889999999839, 499.179999999993, 630.3289999999979], "BackgroundColor": [1, 1, 1], "BlockAlign": "Middle", "BorderColor": [[0.8000029999999754, 0.9333339999999737, 1], [0.8000029999999754, 0.9333339999999737, 1], null, null], "BorderStyle": ["Solid", "Solid", "None", "None"], "ColIndex": 0, "Height": 11.625, "InlineAlign": "Start", "RowIndex": 1, "Width": 466.75}}, {"Bounds": [38.121795654296875, 620.35205078125, 73.50175476074219, 627.8960876464844], "ClipBounds": [38.121795654296875, 620.35205078125, 73.50175476074219, 627.8960876464844], "Font": {"alt_family_name": "Liberation Sans", "embedded": true, "encoding": "Identity-H", "family_name": "Liberation Sans", "font_type": "CIDFontType2", "italic": false, "monospaced": false, "name": "LiberationSans", "subset": false, "weight": 400}, "HasClip": true, "Lang": "en", "Page": 0, "Path": "//Document/Sect[2]/Table/TR[2]/TD/P", "Text": "Volume / Mix ", "TextSize": 5.8800048828125, "attributes": {"LineHeight": 7}}, {"Bounds": [549.6791839599609, 620.35205078125, 560.9264526367188, 627.8960876464844], "ClipBounds": [549.6791839599609, 620.35205078125, 560.9264526367188, 627.8960876464844], "Page": 0, "Path": "//Document/Sect[2]/Table/TR[2]/TD[2]", "attributes": {"BBox": [499.179999999993, 618.6889999999839, 562.5369999999821, 630.3289999999979], "BackgroundColor": [1, 1, 1], "BlockAlign": "Middle", "BorderColor": [[0.8000029999999754, 0.9333339999999737, 1], [0.8000029999999754, 0.9333339999999737, 1], null, null], "BorderStyle": ["Solid", "Solid", "None", "None"], "ColIndex": 1, "Height": 11.625, "InlineAlign": "End", "RowIndex": 1, "Width": 63.375}}, {"Bounds": [549.6791839599609, 620.35205078125, 560.9264526367188, 627.8960876464844], "ClipBounds": [549.6791839599609, 620.35205078125, 560.9264526367188, 627.8960876464844], "Font": {"alt_family_name": "Liberation Sans", "embedded": true, "encoding": "Identity-H", "family_name": "Liberation Sans", "font_type": "CIDFontType2", "italic": false, "monospaced": false, "name": "LiberationSans", "subset": false, "weight": 400}, "HasClip": true, "Lang": "en", "Page": 0, "Path": "//Document/Sect[2]/Table/TR[2]/TD[2]/P", "Text": "222 ", "TextSize": 5.8800048828125, "attributes": {"LineHeight": 7}}, {"Bounds": [38.121795654296875, 608.0575408935547, 68.28736877441406, 615.6015777587891], "ClipBounds": [38.121795654296875, 608.0575408935547, 68.28736877441406, 615.6015777587891], "Page": 0, "Path": "//Document/Sect[2]/Table/TR[3]/TD", "attributes": {"BBox": [32.398699999999735, 605.7299999999814, 499.179999999993, 618.6889999999839], "BackgroundColor": [0.8000029999999754, 0.9333339999999737, 1], "BlockAlign": "Middle", "ColIndex": 0, "Height": 13, "InlineAlign": "Start", "RowIndex": 2, "Width": 466.75}}, {"Bounds": [38.121795654296875, 608.0575408935547, 68.28736877441406, 615.6015777587891], "ClipBounds": [38.121795654296875, 608.0575408935547, 68.28736877441406, 615.6015777587891], "Font": {"alt_family_name": "Liberation Sans", "embedded": true, "encoding": "Identity-H", "family_name": "Liberation Sans", "font_type": "CIDFontType2", "italic": false, "monospaced": false, "name": "LiberationSans", "subset": false, "weight": 400}, "HasClip": true, "Lang": "en", "Page": 0, "Path": "//Document/Sect[2]/Table/TR[3]/TD/P", "Text": "Net Pricing ", "TextSize": 5.8800048828125, "attributes": {"LineHeight": 7}}, {"Bounds": [549.6791839599609, 608.0575408935547, 560.9264526367188, 615.6015777587891], "ClipBounds": [549.6791839599609, 608.0575408935547, 560.9264526367188, 615.6015777587891], "Page": 0, "Path": "//Document/Sect[2]/Table/TR[3]/TD[2]", "attributes": {"BBox": [499.179999999993, 605.7299999999814, 562.5369999999821, 618.6889999999839], "BackgroundColor": [0.8000029999999754, 0.9333339999999737, 1], "BlockAlign": "Middle", "ColIndex": 1, "Height": 13, "InlineAlign": "End", "RowIndex": 2, "Width": 63.375}}, {"Bounds": [549.6791839599609, 608.0575408935547, 560.9264526367188, 615.6015777587891], "ClipBounds": [549.6791839599609, 608.0575408935547, 560.9264526367188, 615.6015777587891], "Font": {"alt_family_name": "Liberation Sans", "embedded": true, "encoding": "Identity-H", "family_name": "Liberation Sans", "font_type": "CIDFontType2", "italic": false, "monospaced": false, "name": "LiberationSans", "subset": false, "weight": 400}, "HasClip": true, "Lang": "en", "Page": 0, "Path": "//Document/Sect[2]/Table/TR[3]/TD[2]/P", "Text": "594 ", "TextSize": 5.8800048828125, "attributes": {"LineHeight": 7}}, {"Bounds": [38.121795654296875, 595.7630462646484, 51.66343688964844, 603.3070831298828], "ClipBounds": [38.121795654296875, 595.7630462646484, 51.66343688964844, 603.3070831298828], "Page": 0, "Path": "//Document/Sect[2]/Table/TR[4]/TD", "attributes": {"BBox": [32.398699999999735, 594.929999999993, 499.179999999993, 605.8499999999767], "BackgroundColor": [1, 1, 1], "BlockAlign": "Middle", "BorderColor": [[0.8000029999999754, 0.9333339999999737, 1], [0.8000029999999754, 0.9333339999999737, 1], null, null], "BorderStyle": ["Solid", "Solid", "None", "None"], "ColIndex": 0, "Height": 10.875, "InlineAlign": "Start", "RowIndex": 3, "Width": 466.75}}, {"Bounds": [38.121795654296875, 595.7630462646484, 51.66343688964844, 603.3070831298828], "ClipBounds": [38.121795654296875, 595.7630462646484, 51.66343688964844, 603.3070831298828], "Font": {"alt_family_name": "Liberation Sans", "embedded": true, "encoding": "Identity-H", "family_name": "Liberation Sans", "font_type": "CIDFontType2", "italic": false, "monospaced": false, "name": "LiberationSans", "subset": false, "weight": 400}, "HasClip": true, "Lang": "en", "Page": 0, "Path": "//Document/Sect[2]/Table/TR[4]/TD/P", "Text": "Cost ", "TextSize": 5.8800048828125, "attributes": {"LineHeight": 7}}, {"Bounds": [547.0064849853516, 595.7630462646484, 562.1686553955078, 603.3070831298828], "ClipBounds": [547.0064849853516, 595.7630462646484, 562.1686553955078, 603.3070831298828], "Page": 0, "Path": "//Document/Sect[2]/Table/TR[4]/TD[2]", "attributes": {"BBox": [499.179999999993, 594.929999999993, 562.5369999999821, 605.8499999999767], "BackgroundColor": [1, 1, 1], "BlockAlign": "Middle", "BorderColor": [[0.8000029999999754, 0.9333339999999737, 1], [0.8000029999999754, 0.9333339999999737, 1], null, null], "BorderStyle": ["Solid", "Solid", "None", "None"], "ColIndex": 1, "Height": 10.875, "InlineAlign": "End", "RowIndex": 3, "Width": 63.375}}, {"Bounds": [547.0064849853516, 595.7630462646484, 562.1686553955078, 603.3070831298828], "ClipBounds": [547.0064849853516, 595.7630462646484, 562.1686553955078, 603.3070831298828], "Font": {"alt_family_name": "Liberation Sans", "embedded": true, "encoding": "Identity-H", "family_name": "Liberation Sans", "font_type": "CIDFontType2", "italic": false, "monospaced": false, "name": "LiberationSans", "subset": false, "weight": 400}, "HasClip": true, "Lang": "en", "Page": 0, "Path": "//Document/Sect[2]/Table/TR[4]/TD[2]/P", "Text": "(504) ", "TextSize": 5.8800048828125, "attributes": {"LineHeight": 7}}, {"Bounds": [38.121795654296875, 583.4686431884766, 65.69781494140625, 591.0126800537109], "ClipBounds": [38.121795654296875, 583.4686431884766, 65.69781494140625, 591.0126800537109], "Page": 0, "Path": "//Document/Sect[2]/Table/TR[5]/TD", "attributes": {"BBox": [32.398699999999735, 581.9709999999905, 499.179999999993, 594.929999999993], "BackgroundColor": [0.8000029999999754, 0.9333339999999737, 1], "BlockAlign": "Middle", "ColIndex": 0, "Height": 13, "InlineAlign": "Start", "RowIndex": 4, "Width": 466.75}}, {"Bounds": [38.121795654296875, 583.4686431884766, 65.69781494140625, 591.0126800537109], "ClipBounds": [38.121795654296875, 583.4686431884766, 65.69781494140625, 591.0126800537109], "Font": {"alt_family_name": "Liberation Sans", "embedded": true, "encoding": "Identity-H", "family_name": "Liberation Sans", "font_type": "CIDFontType2", "italic": false, "monospaced": false, "name": "LiberationSans", "subset": false, "weight": 400}, "HasClip": true, "Lang": "en", "Page": 0, "Path": "//Document/Sect[2]/Table/TR[5]/TD/P", "Text": "Exchange ", "TextSize": 5.8800048828125, "attributes": {"LineHeight": 7}}, {"Bounds": [547.0064849853516, 583.4686431884766, 562.1686553955078, 591.0126800537109], "ClipBounds": [547.0064849853516, 583.4686431884766, 562.1686553955078, 591.0126800537109], "Page": 0, "Path": "//Document/Sect[2]/Table/TR[5]/TD[2]", "attributes": {"BBox": [499.179999999993, 581.9709999999905, 562.5369999999821, 594.929999999993], "BackgroundColor": [0.8000029999999754, 0.9333339999999737, 1], "BlockAlign": "Middle", "ColIndex": 1, "Height": 13, "InlineAlign": "End", "RowIndex": 4, "Width": 63.375}}, {"Bounds": [547.0064849853516, 583.4686431884766, 562.1686553955078, 591.0126800537109], "ClipBounds": [547.0064849853516, 583.4686431884766, 562.1686553955078, 591.0126800537109], "Font": {"alt_family_name": "Liberation Sans", "embedded": true, "encoding": "Identity-H", "family_name": "Liberation Sans", "font_type": "CIDFontType2", "italic": false, "monospaced": false, "name": "LiberationSans", "subset": false, "weight": 400}, "HasClip": true, "Lang": "en", "Page": 0, "Path": "//Document/Sect[2]/Table/TR[5]/TD[2]/P", "Text": "(154) ", "TextSize": 5.8800048828125, "attributes": {"LineHeight": 7}}, {"Bounds": [38.121795654296875, 571.1741485595703, 54.26121520996094, 578.7181854248047], "ClipBounds": [38.121795654296875, 571.1741485595703, 54.26121520996094, 578.7181854248047], "Page": 0, "Path": "//Document/Sect[2]/Table/TR[6]/TD", "attributes": {"BBox": [32.398699999999735, 569.0109999999986, 499.179999999993, 582.0909999999858], "BackgroundColor": [1, 1, 1], "BlockAlign": "Middle", "BorderColor": [[0.8000029999999754, 0.9333339999999737, 1], [0.8000029999999754, 0.9333339999999737, 1], null, null], "BorderStyle": ["Solid", "Solid", "None", "None"], "ColIndex": 0, "Height": 13.125, "InlineAlign": "Start", "RowIndex": 5, "Width": 466.75}}, {"Bounds": [38.121795654296875, 571.1741485595703, 54.26121520996094, 578.7181854248047], "ClipBounds": [38.121795654296875, 571.1741485595703, 54.26121520996094, 578.7181854248047], "Font": {"alt_family_name": "Liberation Sans", "embedded": true, "encoding": "Identity-H", "family_name": "Liberation Sans", "font_type": "CIDFontType2", "italic": false, "monospaced": false, "name": "LiberationSans", "subset": false, "weight": 400}, "HasClip": true, "Lang": "en", "Page": 0, "Path": "//Document/Sect[2]/Table/TR[6]/TD/P", "Text": "Other ", "TextSize": 5.8800048828125, "attributes": {"LineHeight": 7}}, {"Bounds": [547.0064849853516, 571.1741485595703, 562.1686553955078, 578.7181854248047], "ClipBounds": [547.0064849853516, 571.1741485595703, 562.1686553955078, 578.7181854248047], "Page": 0, "Path": "//Document/Sect[2]/Table/TR[6]/TD[2]", "attributes": {"BBox": [499.179999999993, 569.0109999999986, 562.5369999999821, 582.0909999999858], "BackgroundColor": [1, 1, 1], "BlockAlign": "Middle", "BorderColor": [[0.8000029999999754, 0.9333339999999737, 1], [0.8000029999999754, 0.9333339999999737, 1], null, null], "BorderStyle": ["Solid", "Solid", "None", "None"], "ColIndex": 1, "Height": 13.125, "InlineAlign": "End", "RowIndex": 5, "Width": 63.375}}, {"Bounds": [547.0064849853516, 571.1741485595703, 562.1686553955078, 578.7181854248047], "ClipBounds": [547.0064849853516, 571.1741485595703, 562.1686553955078, 578.7181854248047], "Font": {"alt_family_name": "Liberation Sans", "embedded": true, "encoding": "Identity-H", "family_name": "Liberation Sans", "font_type": "CIDFontType2", "italic": false, "monospaced": false, "name": "LiberationSans", "subset": false, "weight": 400}, "HasClip": true, "Lang": "en", "Page": 0, "Path": "//Document/Sect[2]/Table/TR[6]/TD[2]/P", "Text": "(152) ", "TextSize": 5.8800048828125, "attributes": {"LineHeight": 7}}, {"Bounds": [41.32899475097656, 556.8468017578125, 97.27601623535156, 565.1317291259766], "ClipBounds": [41.32899475097656, 556.8468017578125, 97.27601623535156, 565.1317291259766], "Page": 0, "Path": "//Document/Sect[2]/Table/TR[7]/TD", "attributes": {"BBox": [32.398699999999735, 554.6119999999937, 499.179999999993, 569.0109999999986], "BackgroundColor": [0.8000029999999754, 0.9333339999999737, 1], "BlockAlign": "Middle", "ColIndex": 0, "Height": 14.375, "InlineAlign": "Start", "RowIndex": 6, "Width": 466.75}}, {"Bounds": [41.32899475097656, 556.8468017578125, 97.27601623535156, 565.1317291259766], "ClipBounds": [41.32899475097656, 556.8468017578125, 97.27601623535156, 565.1317291259766], "Font": {"alt_family_name": "Liberation Sans", "embedded": true, "encoding": "Identity-H", "family_name": "Liberation Sans", "font_type": "CIDFontType2", "italic": false, "monospaced": false, "name": "LiberationSans-Bold", "subset": false, "weight": 700}, "HasClip": true, "Lang": "en", "Page": 0, "Path": "//Document/Sect[2]/Table/TR[7]/TD/P", "Text": "2022 Full Year EBIT ", "TextSize": 5.8800048828125, "attributes": {"LineHeight": 7}}, {"Bounds": [499.96669006347656, 557.9158020019531, 560.9293518066406, 566.2007293701172], "ClipBounds": [499.96669006347656, 557.9158020019531, 560.9293518066406, 566.2007293701172], "Page": 0, "Path": "//Document/Sect[2]/Table/TR[7]/TD[2]", "attributes": {"BBox": [499.179999999993, 554.6119999999937, 562.5369999999821, 569.0109999999986], "BackgroundColor": [0.8000029999999754, 0.9333339999999737, 1], "BlockAlign": "Middle", "ColIndex": 1, "Height": 14.375, "InlineAlign": "End", "RowIndex": 6, "Width": 63.375}}, {"Bounds": [499.96669006347656, 557.9158020019531, 560.9293518066406, 566.2007293701172], "ClipBounds": [499.96669006347656, 557.9158020019531, 560.9293518066406, 566.2007293701172], "Font": {"alt_family_name": "Liberation Sans", "embedded": true, "encoding": "Identity-H", "family_name": "Liberation Sans", "font_type": "CIDFontType2", "italic": false, "monospaced": false, "name": "LiberationSans-Bold", "subset": false, "weight": 700}, "HasClip": true, "Lang": "en", "Page": 0, "Path": "//Document/Sect[2]/Table/TR[7]/TD[2]/P", "Text": "$ 628 ", "TextSize": 5.8800048828125, "attributes": {"LineHeight": 7}}, {"Bounds": [32.770416259765625, 510.97483825683594, 559.2015533447266, 540.2097015380859], "ClipBounds": [32.770416259765625, 510.97483825683594, 559.2015533447266, 540.2097015380859], "Font": {"alt_family_name": "Liberation Sans", "embedded": true, "encoding": "Identity-H", "family_name": "Liberation Sans", "font_type": "CIDFontType2", "italic": false, "monospaced": false, "name": "LiberationSans", "subset": false, "weight": 400}, "HasClip": true, "Lang": "en", "Page": 0, "Path": "//Document/Sect[2]/P", "Text": "In our International Markets Group, 2022 wholesales decreased 3% from a year ago, primarily reflecting our India restructuring and suspension of our joint venture in Russia, offset partially by the positive impact of the next-generation Ranger and Everest launches. Full year 2022 revenue increased 10%, driven by market mix and higher net pricing, offset partially by weaker currencies. ", "TextSize": 6.9490966796875, "attributes": {"LineHeight": 10.125, "SpaceAfter": 10.125}}, {"Bounds": [32.79820251464844, 470.3496398925781, 564.9456787109375, 499.5845031738281], "ClipBounds": [32.79820251464844, 470.3496398925781, 564.9456787109375, 499.5845031738281], "Font": {"alt_family_name": "Liberation Sans", "embedded": true, "encoding": "Identity-H", "family_name": "Liberation Sans", "font_type": "CIDFontType2", "italic": false, "monospaced": false, "name": "LiberationSans", "subset": false, "weight": 400}, "HasClip": true, "Lang": "en", "Page": 0, "Path": "//Document/Sect[2]/P[2]", "Text": "Our International Market Group\u2019s 2022 EBIT was $628 million, an increase of $6 million from a year ago, with an EBIT margin of 6.4%. The EBIT increase was driven by higher net pricing and higher wholesales, offset partially by inflationary increases on commodity, material, and freight costs, weaker currencies, and lower joint venture profits and royalties. ", "TextSize": 6.9490966796875, "attributes": {"LineHeight": 10.125, "SpaceAfter": 17.375, "TextAlign": "Justify"}}, {"Bounds": [293.63319396972656, 444.69810485839844, 303.06520080566406, 453.6138000488281], "ClipBounds": [293.63319396972656, 444.69810485839844, 303.06520080566406, 453.6138000488281], "Font": {"alt_family_name": "Liberation Sans", "embedded": true, "encoding": "Identity-H", "family_name": "Liberation Sans", "font_type": "CIDFontType2", "italic": false, "monospaced": false, "name": "LiberationSans", "subset": false, "weight": 400}, "HasClip": true, "Lang": "en", "Page": 0, "Path": "//Document/Sect[2]/P[3]", "Text": "44 ", "TextSize": 6.9490966796875, "attributes": {"LineHeight": 8.375, "TextAlign": "Center"}}], "pages": [{"boxes": {"CropBox": [0.0, 0.0, 595.0, 842.0], "MediaBox": [0.0, 0.0, 595.0, 842.0]}, "height": 842.0, "is_scanned": false, "page_number": 0, "rotation": 0, "width": 595.0}]}