{"version": {"json_export": "193", "page_segmentation": "5", "schema": "1.1.0", "structure": "1.1074.0", "table_structure": "5"}, "extended_metadata": {"ID_instance": "C0 31 AF 9C DB B8 B2 11 0A 00 67 45 8B 6B C6 23 ", "ID_permanent": "39 33 20 43 44 20 41 44 20 39 43 20 44 42 20 42 38 20 42 32 20 31 31 20 30 41 20 30 30 20 36 37 20 34 35 20 38 42 20 36 42 20 43 36 20 32 33 20 ", "pdf_version": "1.6", "pdfa_compliance_level": "", "is_encrypted": false, "has_acroform": false, "is_digitally_signed": false, "pdfua_compliance_level": "", "page_count": 1, "has_embedded_files": false, "is_certified": false, "is_XFA": false, "language": "en"}, "elements": [{"Bounds": [220.6680908203125, 792.7093353271484, 375.4822235107422, 812.6602020263672], "ClipBounds": [220.6680908203125, 792.7093353271484, 375.4822235107422, 812.6602020263672], "Font": {"alt_family_name": "Liberation Sans", "embedded": true, "encoding": "Identity-H", "family_name": "Liberation Sans", "font_type": "CIDFontType2", "italic": false, "monospaced": false, "name": "LiberationSans-Bold", "subset": false, "weight": 700}, "HasClip": true, "Lang": "en", "Page": 0, "Path": "//Document/Sect/Title", "Text": "FORD MOTOR COMPANY AND SUBSIDIARIES NOTES TO THE FINANCIAL STATEMENTS ", "TextSize": 6.9490966796875, "attributes": {"LineHeight": 10.25, "TextAlign": "Center"}}, {"Bounds": [32.77630615234375, 770.7964172363281, 200.57180786132812, 780.5877075195312], "ClipBounds": [32.77630615234375, 770.7964172363281, 200.57180786132812, 780.5877075195312], "Font": {"alt_family_name": "Liberation Sans", "embedded": true, "encoding": "Identity-H", "family_name": "Liberation Sans", "font_type": "CIDFontType2", "italic": false, "monospaced": false, "name": "LiberationSans-Bold", "subset": false, "weight": 700}, "HasClip": true, "Lang": "en", "Page": 0, "Path": "//Document/Sect[2]/H1", "Text": "NOTE 25. COMMITMENTS AND CONTINGENCIES ", "TextSize": 6.9490966796875, "attributes": {"LineHeight": 8.375, "SpaceAfter": 12}}, {"Bounds": [45.60539245605469, 750.9909973144531, 495.6061706542969, 759.9066925048828], "ClipBounds": [45.60539245605469, 750.9909973144531, 495.6061706542969, 759.9066925048828], "Font": {"alt_family_name": "Liberation Sans", "embedded": true, "encoding": "Identity-H", "family_name": "Liberation Sans", "font_type": "CIDFontType2", "italic": false, "monospaced": false, "name": "LiberationSans", "subset": false, "weight": 400}, "HasClip": true, "Lang": "en", "Page": 0, "Path": "//Document/Sect[2]/P", "Text": "Commitments and contingencies primarily consist of guarantees and indemnifications, litigation and claims, and warranty and field service actions. ", "TextSize": 6.9490966796875, "attributes": {"LineHeight": 8.375, "SpaceAfter": 12}}, {"Bounds": [32.77630615234375, 730.1711273193359, 144.0550079345703, 739.96240234375], "ClipBounds": [32.77630615234375, 730.1711273193359, 144.0550079345703, 739.96240234375], "Font": {"alt_family_name": "Liberation Sans", "embedded": true, "encoding": "Identity-H", "family_name": "Liberation Sans", "font_type": "CIDFontType2", "italic": false, "monospaced": false, "name": "LiberationSans-Bold", "subset": false, "weight": 700}, "HasClip": true, "Lang": "en", "Page": 0, "Path": "//Document/Sect[3]/H1", "Text": "Guarantees and Indemnifications ", "TextSize": 6.9490966796875, "attributes": {"LineHeight": 8.375, "SpaceAfter": 10.125}}, {"Bounds": [32.791259765625, 679.8870544433594, 557.4774780273438, 719.5177764892578], "ClipBounds": [32.791259765625, 679.8870544433594, 557.4774780273438, 719.5177764892578], "Font": {"alt_family_name": "Liberation Sans", "embedded": true, "encoding": "Identity-H", "family_name": "Liberation Sans", "font_type": "CIDFontType2", "italic": true, "monospaced": false, "name": "LiberationSans-Italic", "subset": false, "weight": 400}, "HasClip": true, "Lang": "en", "Page": 0, "Path": "//Document/Sect[3]/P", "Text": "Financial Guarantees. Financial guarantees and indemnifications are recorded at fair value at their inception. Subsequent to initial recognition, the guarantee liability is adjusted at each reporting period to reflect the current estimate of expected payments resulting from possible default events over the remaining life of the guarantee. The maximum potential payments for financial guarantees were $ 357 million and $ 518 million at December 31, 2021 and 2022, respectively. The carrying value of recorded liabilities related to financial guarantees was $ 36 million and $ 31 million at December 31, 2021 and 2022, respectively. ", "TextSize": 6.9490966796875, "attributes": {"SpaceAfter": 10.25}}, {"Bounds": [32.78431701660156, 629.1054534912109, 563.0867919921875, 668.4999084472656], "ClipBounds": [32.78431701660156, 629.1054534912109, 563.0867919921875, 668.4999084472656], "Font": {"alt_family_name": "Liberation Sans", "embedded": true, "encoding": "Identity-H", "family_name": "Liberation Sans", "font_type": "CIDFontType2", "italic": false, "monospaced": false, "name": "LiberationSans", "subset": false, "weight": 400}, "HasClip": true, "Lang": "en", "Page": 0, "Path": "//Document/Sect[3]/P[2]", "Text": "Our financial guarantees consist of debt and lease obligations of certain joint ventures, as well as certain financial obligations of outside third parties, including suppliers, to support our business and economic growth. Expiration dates vary through 2037, and guarantees will terminate on payment and/or cancellation of the underlying obligation. A payment by us would be triggered by failure of the joint venture or other third party to fulfill its obligation covered by the guarantee. In some circumstances, we are entitled to recover from a third party amounts paid by us under the guarantee. ", "TextSize": 6.9490966796875, "attributes": {"SpaceAfter": 10.25}}, {"Bounds": [32.77735900878906, 578.3238525390625, 561.2209625244141, 617.9545745849609], "ClipBounds": [32.77735900878906, 578.3238525390625, 561.2209625244141, 617.9545745849609], "Font": {"alt_family_name": "Liberation Sans", "embedded": true, "encoding": "Identity-H", "family_name": "Liberation Sans", "font_type": "CIDFontType2", "italic": true, "monospaced": false, "name": "LiberationSans-Italic", "subset": false, "weight": 400}, "HasClip": true, "Lang": "en", "Page": 0, "Path": "//Document/Sect[3]/P[3]", "Text": "Non-Financial Guarantees. Non-financial guarantees and indemnifications are recorded at fair value at their inception. We regularly review our performance risk under these arrangements, and in the event it becomes probable we will be required to perform under a guarantee or indemnity, the amount of probable payment is recorded. The maximum potential payments for non-financial guarantees were $ 453 million and $ 273 million at December 31, 2021 and 2022, respectively. The carrying value of recorded liabilities related to non-financial guarantees was $ 38 million and $ 0 at December 31, 2021 and 2022, respectively. ", "TextSize": 6.9490966796875, "attributes": {"SpaceAfter": 10.125}}, {"Bounds": [32.79820251464844, 537.7019348144531, 564.2882995605469, 566.9367980957031], "ClipBounds": [32.79820251464844, 537.7019348144531, 564.2882995605469, 566.9367980957031], "Font": {"alt_family_name": "Liberation Sans", "embedded": true, "encoding": "Identity-H", "family_name": "Liberation Sans", "font_type": "CIDFontType2", "italic": false, "monospaced": false, "name": "LiberationSans", "subset": false, "weight": 400}, "HasClip": true, "Lang": "en", "Page": 0, "Path": "//Document/Sect[3]/P[4]", "Text": "Included in the $ 273 million of maximum potential payments at December 31, 2022 are guarantees for the resale value of vehicles sold in certain arrangements to daily rental companies. The maximum potential payment of $ 267 million as of December 31, 2022 represents the total proceeds we guarantee the rental company will receive on resale. Reflecting our present estimate of proceeds the rental companies will receive on resale from third parties, we do not expect we will have to pay under the guarantee. ", "TextSize": 6.9490966796875, "attributes": {"LineHeight": 10.125, "SpaceAfter": 10.125, "TextAlign": "Justify"}}, {"Bounds": [32.77735900878906, 466.59788513183594, 554.5783233642578, 526.3115081787109], "ClipBounds": [32.77735900878906, 466.59788513183594, 554.5783233642578, 526.3115081787109], "Font": {"alt_family_name": "Liberation Sans", "embedded": true, "encoding": "Identity-H", "family_name": "Liberation Sans", "font_type": "CIDFontType2", "italic": false, "monospaced": false, "name": "LiberationSans", "subset": false, "weight": 400}, "HasClip": true, "Lang": "en", "Page": 0, "Path": "//Document/Sect[3]/P[5]", "Text": "In the ordinary course of business, we execute contracts involving indemnifications standard in the industry and indemnifications specific to a transaction, such as the sale of a business. These indemnifications might include and are not limited to claims relating to any of the following: environmental, tax, and shareholder matters; intellectual property rights; power generation contracts; governmental regulations and employment-related matters; dealer, supplier, and other commercial contractual relationships; and financial matters, such as securitizations. Performance under these indemnities generally would be triggered by a breach of contract claim brought by a counterparty, including a joint venture or alliance partner, or a third-party claim. While some of these indemnifications are limited in nature, many of them do not limit potential payment. Therefore, we are unable to estimate a maximum amount of future payments that could result from claims made under these unlimited indemnities. ", "TextSize": 6.9490966796875, "attributes": {"SpaceAfter": 17.25}}, {"Bounds": [291.4949951171875, 440.9562072753906, 304.7858428955078, 449.8719024658203], "ClipBounds": [291.4949951171875, 440.9562072753906, 304.7858428955078, 449.8719024658203], "Font": {"alt_family_name": "Liberation Sans", "embedded": true, "encoding": "Identity-H", "family_name": "Liberation Sans", "font_type": "CIDFontType2", "italic": false, "monospaced": false, "name": "LiberationSans", "subset": false, "weight": 400}, "HasClip": true, "Lang": "en", "Page": 0, "Path": "//Document/Sect[3]/P[6]", "Text": "172 ", "TextSize": 6.9490966796875, "attributes": {"LineHeight": 8.375, "TextAlign": "Center"}}], "pages": [{"boxes": {"CropBox": [0.0, 0.0, 595.0, 842.0], "MediaBox": [0.0, 0.0, 595.0, 842.0]}, "height": 842.0, "is_scanned": false, "page_number": 0, "rotation": 0, "width": 595.0}]}