{"version": {"json_export": "193", "page_segmentation": "5", "schema": "1.1.0", "structure": "1.1074.0", "table_structure": "5"}, "extended_metadata": {"ID_instance": "19 26 37 9C DB B8 B2 11 0A 00 67 45 8B 6B C6 23 ", "ID_permanent": "36 44 20 39 34 20 33 35 20 39 43 20 44 42 20 42 38 20 42 32 20 31 31 20 30 41 20 30 30 20 36 37 20 34 35 20 38 42 20 36 42 20 43 36 20 32 33 20 ", "pdf_version": "1.6", "pdfa_compliance_level": "", "is_encrypted": false, "has_acroform": false, "is_digitally_signed": false, "pdfua_compliance_level": "", "page_count": 1, "has_embedded_files": false, "is_certified": false, "is_XFA": false, "language": "en"}, "elements": [{"Bounds": [220.6680908203125, 792.708740234375, 375.4822235107422, 812.6596069335938], "ClipBounds": [220.6680908203125, 792.708740234375, 375.4822235107422, 812.6596069335938], "Font": {"alt_family_name": "Liberation Sans", "embedded": true, "encoding": "Identity-H", "family_name": "Liberation Sans", "font_type": "CIDFontType2", "italic": false, "monospaced": false, "name": "LiberationSans-Bold", "subset": false, "weight": 700}, "HasClip": true, "Lang": "en", "Page": 0, "Path": "//Document/Sect/Title", "Text": "FORD MOTOR COMPANY AND SUBSIDIARIES NOTES TO THE FINANCIAL STATEMENTS ", "TextSize": 6.9490966796875, "attributes": {"LineHeight": 10.25, "SpaceAfter": 13.625, "TextAlign": "Center"}}, {"Bounds": [32.77630615234375, 770.7958221435547, 228.99664306640625, 780.5870971679688], "ClipBounds": [32.77630615234375, 770.7958221435547, 228.99664306640625, 780.5870971679688], "Font": {"alt_family_name": "Liberation Sans", "embedded": true, "encoding": "Identity-H", "family_name": "Liberation Sans", "font_type": "CIDFontType2", "italic": false, "monospaced": false, "name": "LiberationSans-Bold", "subset": false, "weight": 700}, "HasClip": true, "Lang": "en", "Page": 0, "Path": "//Document/Sect[2]/H1", "Text": "NOTE 22. ACQUISITIONS AND DIVESTITURES (Continued) ", "TextSize": 6.9490966796875, "attributes": {"LineHeight": 8.375, "SpaceAfter": 10.125}}, {"Bounds": [32.78431701660156, 730.6712341308594, 565.0506134033203, 760.1423645019531], "ClipBounds": [32.78431701660156, 730.6712341308594, 565.0506134033203, 760.1423645019531], "Font": {"alt_family_name": "Liberation Sans", "embedded": true, "encoding": "Identity-H", "family_name": "Liberation Sans", "font_type": "CIDFontType2", "italic": true, "monospaced": false, "name": "LiberationSans-Italic", "subset": false, "weight": 400}, "HasClip": true, "Lang": "en", "Page": 0, "Path": "//Document/Sect[2]/P", "Text": "Ford Lio Ho Motor Co., Ltd. (\u201cFLH\u201d). On April 1, 2021, we completed the sale of our controlling financial interest in FLH and its wholly owned subsidiary FLH Marketing & Service Limited, which resulted in deconsolidation of our Ford Taiwan subsidiary in the second quarter of 2021. FLH will continue to import, manufacture, and sell Ford-branded vehicles through at least 2025. We recognized a pre-tax gain of $ 161 million, which was reported in Other income/(loss), net in the second quarter of 2021. ", "TextSize": 6.9490966796875, "attributes": {"SpaceAfter": 10.125}}, {"Bounds": [32.791259765625, 679.8864593505859, 563.423828125, 719.5171661376953], "ClipBounds": [32.791259765625, 679.8864593505859, 563.423828125, 719.5171661376953], "Font": {"alt_family_name": "Liberation Sans", "embedded": true, "encoding": "Identity-H", "family_name": "Liberation Sans", "font_type": "CIDFontType2", "italic": true, "monospaced": false, "name": "LiberationSans-Italic", "subset": false, "weight": 400}, "HasClip": true, "Lang": "en", "Page": 0, "Path": "//Document/Sect[2]/P[2]", "Text": "Getrag Ford Transmissions GmbH (\u201cGFT\u201d). Prior to March 2021, Ford and Magna International Inc. (\u201cMagna\u201d) equally owned and operated the GFT joint venture for the purpose of developing, manufacturing, and selling transmissions. We accounted for our investment in GFT as an equity method investment. During the first quarter of 2021 and prior to our acquisition, GFT recorded restructuring charges, of which our share was $ 40 million. These charges are included in Equity in net income/(loss) of affiliated companies. ", "TextSize": 6.9490966796875, "attributes": {"SpaceAfter": 10.25}}, {"Bounds": [32.770416259765625, 598.6260986328125, 552.5693359375, 668.4992980957031], "ClipBounds": [32.770416259765625, 598.6260986328125, 552.5693359375, 668.4992980957031], "Font": {"alt_family_name": "Liberation Sans", "embedded": true, "encoding": "Identity-H", "family_name": "Liberation Sans", "font_type": "CIDFontType2", "italic": false, "monospaced": false, "name": "LiberationSans", "subset": false, "weight": 400}, "HasClip": true, "Lang": "en", "Page": 0, "Path": "//Document/Sect[2]/P[3]", "Text": "On March 1, 2021, we acquired Magna\u2019s shares in the restructured GFT. The purchase price, which was subject to post-closing revisions, was $ 275 million. The restructured GFT includes the Halewood, UK and Cologne, Germany transmission plants, but excludes the Bordeaux, France transmission plant and China interests acquired by Magna. We concluded with Magna that these businesses would be better served under separate ownership. The Sanand, India transmission plant continues under joint Ford/Magna ownership. As a result of the transaction, we consolidated the restructured GFT, remeasured our prior investment in GFT at its $ 275 million fair value, and recognized in Other income/(loss), net a pre-tax gain of $ 178 million during 2021 and post-closing revisions resulting in a pre-tax gain of $ 2 million during the first quarter of 2022. We estimated the fair value of GFT in negotiations with Magna based on the income approach. The significant assumptions used in the valuation included GFT\u2019s cash flows that reflect the approved business plan, discounted at a rate typically used for a company like GFT. ", "TextSize": 6.9490966796875, "attributes": {"SpaceAfter": 10.375}}, {"Bounds": [32.79820251464844, 568.1735229492188, 536.536376953125, 587.4850769042969], "ClipBounds": [32.79820251464844, 568.1735229492188, 536.536376953125, 587.4850769042969], "Font": {"alt_family_name": "Liberation Sans", "embedded": true, "encoding": "Identity-H", "family_name": "Liberation Sans", "font_type": "CIDFontType2", "italic": true, "monospaced": false, "name": "LiberationSans-Italic", "subset": false, "weight": 400}, "HasClip": true, "Lang": "en", "Page": 0, "Path": "//Document/Sect[2]/P[4]", "Text": "Argo AI, LLC (\u201cArgo AI\u201d). On June 1, 2020, we completed a transaction with VW that resulted in Ford and VW holding equal interests in Argo AI, which together comprised a majority ownership of the entity. See Note 14 for more information about our retained investment in Argo AI following this transaction. ", "TextSize": 6.9490966796875, "attributes": {"SpaceAfter": 12}}, {"Bounds": [32.77630615234375, 547.3569183349609, 103.1484375, 557.1482086181641], "ClipBounds": [32.77630615234375, 547.3569183349609, 103.1484375, 557.1482086181641], "Font": {"alt_family_name": "Liberation Sans", "embedded": true, "encoding": "Identity-H", "family_name": "Liberation Sans", "font_type": "CIDFontType2", "italic": false, "monospaced": false, "name": "LiberationSans-Bold", "subset": false, "weight": 700}, "HasClip": true, "Lang": "en", "Page": 0, "Path": "//Document/Sect[3]/H1", "Text": "Ford Credit Segment ", "TextSize": 6.9490966796875, "attributes": {"LineHeight": 8.375, "SpaceAfter": 10.25}}, {"Bounds": [32.78431701660156, 517.3920288085938, 552.7361145019531, 536.7035675048828], "ClipBounds": [32.78431701660156, 517.3920288085938, 552.7361145019531, 536.7035675048828], "Font": {"alt_family_name": "Liberation Sans", "embedded": true, "encoding": "Identity-H", "family_name": "Liberation Sans", "font_type": "CIDFontType2", "italic": false, "monospaced": false, "name": "LiberationSans", "subset": false, "weight": 400}, "HasClip": true, "Lang": "en", "Page": 0, "Path": "//Document/Sect[3]/P", "Text": "In the first quarter of 2020, Ford Credit completed the sale of its wholly-owned subsidiary Forso Nordic AB, recognizing a pre-tax loss of $ 4 million, reported in Other income/(loss), net, and cash proceeds of $ 1.3 billion. ", "TextSize": 6.9490966796875, "attributes": {"SpaceAfter": 17.375}}, {"Bounds": [291.4949951171875, 491.7372131347656, 304.7858428955078, 500.6529083251953], "ClipBounds": [291.4949951171875, 491.7372131347656, 304.7858428955078, 500.6529083251953], "Font": {"alt_family_name": "Liberation Sans", "embedded": true, "encoding": "Identity-H", "family_name": "Liberation Sans", "font_type": "CIDFontType2", "italic": false, "monospaced": false, "name": "LiberationSans", "subset": false, "weight": 400}, "HasClip": true, "Lang": "en", "Page": 0, "Path": "//Document/Sect[3]/P[2]", "Text": "169 ", "TextSize": 6.9490966796875, "attributes": {"LineHeight": 8.375, "TextAlign": "Center"}}], "pages": [{"boxes": {"CropBox": [0.0, 0.0, 595.0, 842.0], "MediaBox": [0.0, 0.0, 595.0, 842.0]}, "height": 842.0, "is_scanned": false, "page_number": 0, "rotation": 0, "width": 595.0}]}