{"version": {"json_export": "193", "page_segmentation": "5", "schema": "1.1.0", "structure": "1.1074.0", "table_structure": "5"}, "extended_metadata": {"ID_instance": "9F 87 26 9C DB B8 B2 11 0A 00 67 45 8B 6B C6 23 ", "ID_permanent": "46 31 20 34 33 20 32 35 20 39 43 20 44 42 20 42 38 20 42 32 20 31 31 20 30 41 20 30 30 20 36 37 20 34 35 20 38 42 20 36 42 20 43 36 20 32 33 20 ", "pdf_version": "1.6", "pdfa_compliance_level": "", "is_encrypted": false, "has_acroform": false, "is_digitally_signed": false, "pdfua_compliance_level": "", "page_count": 1, "has_embedded_files": false, "is_certified": false, "is_XFA": false, "language": "en"}, "elements": [{"Bounds": [529.3665924072266, 753.6911163330078, 563.8709564208984, 763.4824066162109], "ClipBounds": [529.3665924072266, 753.6911163330078, 563.8709564208984, 763.4824066162109], "Font": {"alt_family_name": "Liberation Sans", "embedded": true, "encoding": "Identity-H", "family_name": "Liberation Sans", "font_type": "CIDFontType2", "italic": false, "monospaced": false, "name": "LiberationSans-Bold", "subset": false, "weight": 700}, "HasClip": true, "Lang": "en", "Page": 0, "Path": "//Document/Sect/P", "Text": "Exhibit 23 ", "TextSize": 6.9490966796875, "attributes": {"LineHeight": 8.375, "SpaceAfter": 18, "TextAlign": "End"}}, {"Bounds": [177.10289001464844, 672.4406280517578, 418.65638732910156, 682.2319030761719], "ClipBounds": [177.10289001464844, 672.4406280517578, 418.65638732910156, 682.2319030761719], "Font": {"alt_family_name": "Liberation Sans", "embedded": true, "encoding": "Identity-H", "family_name": "Liberation Sans", "font_type": "CIDFontType2", "italic": false, "monospaced": false, "name": "LiberationSans-Bold", "subset": false, "weight": 700}, "HasClip": true, "Lang": "en", "Page": 0, "Path": "//Document/Sect/Title", "Text": "CONSENT OF INDEPENDENT REGISTERED PUBLIC ACCOUNTING FIRM ", "TextSize": 6.9490966796875, "attributes": {"LineHeight": 8.375, "SpaceAfter": 18, "TextAlign": "Center"}}, {"Bounds": [32.77630615234375, 601.8439483642578, 556.6237640380859, 641.2384033203125], "ClipBounds": [32.77630615234375, 601.8439483642578, 556.6237640380859, 641.2384033203125], "Font": {"alt_family_name": "Liberation Sans", "embedded": true, "encoding": "Identity-H", "family_name": "Liberation Sans", "font_type": "CIDFontType2", "italic": false, "monospaced": false, "name": "LiberationSans", "subset": false, "weight": 400}, "HasClip": true, "Lang": "en", "Page": 0, "Path": "//Document/Sect/P[2]", "Text": "Ford Motor Company Registration Statement Nos. 33-62227, 333-02735, 333-20725, 333-31466, 333-47733, 333-56660, 333-57596, 333-65703, 333-71380, 333-74313, 333-85138, 333-87619, 333-104063, 333-113584, 333-123251, 333-138819, 333-138821, 333-149453, 333-149456, 333-153815, 333-153816, 333-156630, 333-156631, 333-157584, 333-162992, 333-162993, 333-165100, 333-172491, 333-179624, 333-186730, 333-193999, 333-194000, 333-203697, 333-210978, 333-217494, 333-226348, 333-231058, 333-240220, 333-258240, and 333-266359 on Form S-8 and 333-236450 on Form S-3. ", "TextSize": 6.9490966796875, "attributes": {"SpaceAfter": 10.125}}, {"Bounds": [32.77630615234375, 569.7779998779297, 562.6910247802734, 590.4568023681641], "ClipBounds": [32.77630615234375, 569.7779998779297, 562.6910247802734, 590.4568023681641], "Font": {"alt_family_name": "Liberation Sans", "embedded": true, "encoding": "Identity-H", "family_name": "Liberation Sans", "font_type": "CIDFontType2", "italic": false, "monospaced": false, "name": "LiberationSans", "subset": false, "weight": 400}, "HasClip": true, "Lang": "en", "Page": 0, "Path": "//Document/Sect/P[3]", "Text": "We hereby consent to the incorporation by reference in the aforementioned Registration Statements of Ford Motor Company of our report dated February 2, 2023 relating to the financial statements, financial statement schedule and the effectiveness of internal control over financial reporting, which appears in this Form 10\u2011K. ", "TextSize": 6.9490966796875, "attributes": {"SpaceAfter": 18}}, {"Bounds": [32.77630615234375, 540.9158020019531, 135.95375061035156, 549.8314971923828], "ClipBounds": [32.77630615234375, 540.9158020019531, 135.95375061035156, 549.8314971923828], "Font": {"alt_family_name": "Liberation Sans", "embedded": true, "encoding": "Identity-H", "family_name": "Liberation Sans", "font_type": "CIDFontType2", "italic": false, "monospaced": false, "name": "LiberationSans", "subset": false, "weight": 400}, "HasClip": true, "Lang": "en", "Page": 0, "Path": "//Document/Sect/P[4]", "Text": "/s/ PricewaterhouseCoopers LLP ", "TextSize": 6.9490966796875, "attributes": {"LineHeight": 8.375, "SpaceAfter": 18}}, {"Bounds": [32.77630615234375, 510.44691467285156, 86.55607604980469, 519.3626098632812], "ClipBounds": [32.77630615234375, 510.44691467285156, 86.55607604980469, 519.3626098632812], "Font": {"alt_family_name": "Liberation Sans", "embedded": true, "encoding": "Identity-H", "family_name": "Liberation Sans", "font_type": "CIDFontType2", "italic": false, "monospaced": false, "name": "LiberationSans", "subset": false, "weight": 400}, "HasClip": true, "Page": 0, "Path": "//Document/Sect/P[5]/Sub", "Text": "Detroit, Michigan ", "TextSize": 6.9490966796875, "attributes": {"Placement": "Block"}}, {"Bounds": [32.77630615234375, 500.2906036376953, 87.35383605957031, 509.206298828125], "ClipBounds": [32.77630615234375, 500.2906036376953, 87.35383605957031, 509.206298828125], "Font": {"alt_family_name": "Liberation Sans", "embedded": true, "encoding": "Identity-H", "family_name": "Liberation Sans", "font_type": "CIDFontType2", "italic": false, "monospaced": false, "name": "LiberationSans", "subset": false, "weight": 400}, "HasClip": true, "Page": 0, "Path": "//Document/Sect/P[5]/Sub[2]", "Text": "February 2, 2023 ", "TextSize": 6.9490966796875, "attributes": {"Placement": "Block"}}], "pages": [{"boxes": {"CropBox": [0.0, 0.0, 595.0, 842.0], "MediaBox": [0.0, 0.0, 595.0, 842.0]}, "height": 842.0, "is_scanned": false, "page_number": 0, "rotation": 0, "width": 595.0}]}