{"version": {"json_export": "193", "page_segmentation": "5", "schema": "1.1.0", "structure": "1.1074.0", "table_structure": "5"}, "extended_metadata": {"ID_instance": "AC 7F 9E 9C DB B8 B2 11 0A 00 67 45 8B 6B C6 23 ", "ID_permanent": "34 38 20 33 35 20 39 43 20 39 43 20 44 42 20 42 38 20 42 32 20 31 31 20 30 41 20 30 30 20 36 37 20 34 35 20 38 42 20 36 42 20 43 36 20 32 33 20 ", "pdf_version": "1.6", "pdfa_compliance_level": "", "is_encrypted": false, "has_acroform": false, "is_digitally_signed": false, "pdfua_compliance_level": "", "page_count": 1, "has_embedded_files": false, "is_certified": false, "is_XFA": false, "language": "en"}, "elements": [{"Bounds": [529.3665924072266, 753.6910247802734, 563.8709564208984, 763.4822998046875], "ClipBounds": [529.3665924072266, 753.6910247802734, 563.8709564208984, 763.4822998046875], "Font": {"alt_family_name": "Liberation Sans", "embedded": true, "encoding": "Identity-H", "family_name": "Liberation Sans", "font_type": "CIDFontType2", "italic": false, "monospaced": false, "name": "LiberationSans-Bold", "subset": false, "weight": 700}, "HasClip": true, "Lang": "en", "Page": 0, "Path": "//Document/Sect/P", "Text": "Exhibit 24 ", "TextSize": 6.9490966796875, "attributes": {"LineHeight": 8.375, "TextAlign": "End"}}, {"Bounds": [203.037109375, 723.2155456542969, 392.58006286621094, 753.3260040283203], "ClipBounds": [203.037109375, 723.2155456542969, 392.58006286621094, 753.3260040283203], "Font": {"alt_family_name": "Liberation Sans", "embedded": true, "encoding": "Identity-H", "family_name": "Liberation Sans", "font_type": "CIDFontType2", "italic": false, "monospaced": false, "name": "LiberationSans-Bold", "subset": false, "weight": 700}, "HasClip": true, "Lang": "en", "Page": 0, "Path": "//Document/Sect/Title", "Text": "POWER OF ATTORNEY WITH RESPECT TO ANNUAL REPORT OF FORD MOTOR COMPANY ON FORM 10-K FOR THE YEAR ENDED DECEMBER 31, 2022 ", "TextSize": 6.9490966796875, "attributes": {"LineHeight": 10.125, "SpaceAfter": 10.125, "TextAlign": "Center"}}, {"Bounds": [32.76910400390625, 622.1630249023438, 561.5326232910156, 712.3325042724609], "ClipBounds": [32.76910400390625, 622.1630249023438, 561.5326232910156, 712.3325042724609], "Font": {"alt_family_name": "Liberation Sans", "embedded": true, "encoding": "Identity-H", "family_name": "Liberation Sans", "font_type": "CIDFontType2", "italic": false, "monospaced": false, "name": "LiberationSans", "subset": false, "weight": 400}, "HasClip": true, "Lang": "en", "Page": 0, "Path": "//Document/Sect/P[2]", "Text": "Each of the undersigned, a director of Ford Motor Company (\u201cFord\u201d), appoints each of S. P. Croley, C. A. O\u2019Callaghan, J. E. Osgood, and D. J. Witten his or her true and lawful attorney and agent to do any and all acts and things and execute any and all instruments which the attorney and agent may deem necessary or advisable in order to enable Ford to comply with the Securities Exchange Act of 1934, and any requirements of the Securities and Exchange Commission, in connection with the filing of Ford\u2019s Annual Report on Form 10-K for the year ended December 31, 2022 and any and all amendments thereto, as authorized at a meeting of the Board of Directors of Ford duly called and held on January 31, 2023 including, but not limited to, power and authority to sign his or her name (whether on behalf of Ford, or as a director or officer of Ford, or by attesting the seal of Ford, or otherwise) to such instruments and to such Annual Report and any amendments thereto, and to file them with the Securities and Exchange Commission. Each of the undersigned ratifies and confirms all that any of the attorneys and agents shall do or cause to be done by virtue hereof. Any one of the attorneys and agents shall have, and may exercise, all the powers conferred by this instrument. Each of the undersigned has signed his or her name as of the 2nd day of February, 2023: ", "TextSize": 6.9490966796875, "attributes": {"LineHeight": 10.125, "SpaceAfter": 18}}, {"Bounds": [58.968902587890625, 450.57810974121094, 468.4525451660156, 608.6312103271484], "ClipBounds": [58.968902587890625, 450.57810974121094, 468.4525451660156, 608.6312103271484], "Page": 0, "Path": "//Document/Sect/Table", "attributes": {"BBox": [45.35819999999876, 450.5759999999864, 539.4979999999923, 607.1699999999837], "NumCol": 2, "NumRow": 12, "Placement": "Block", "SpaceAfter": 18}, "filePaths": ["tables/fileoutpart0.xlsx", "tables/fileoutpart1.png"]}, {"Bounds": [58.968902587890625, 599.7155151367188, 132.81141662597656, 608.6312103271484], "ClipBounds": [58.968902587890625, 599.7155151367188, 132.81141662597656, 608.6312103271484], "Page": 0, "Path": "//Document/Sect/Table/TR/TD", "attributes": {"BBox": [45.35819999999876, 598.1699999999837, 256.429999999993, 607.1699999999837], "BlockAlign": "Before", "BorderColor": [null, [0, 0, 0], null, null], "BorderStyle": ["None", "Solid", "None", "None"], "BorderThickness": [0, 0.375, 0, 0], "ColIndex": 0, "Height": 9, "InlineAlign": "Start", "RowIndex": 0, "Width": 211.125}}, {"Bounds": [58.968902587890625, 599.7155151367188, 132.81141662597656, 608.6312103271484], "ClipBounds": [58.968902587890625, 599.7155151367188, 132.81141662597656, 608.6312103271484], "Font": {"alt_family_name": "Liberation Sans", "embedded": true, "encoding": "Identity-H", "family_name": "Liberation Sans", "font_type": "CIDFontType2", "italic": false, "monospaced": false, "name": "LiberationSans", "subset": false, "weight": 400}, "HasClip": true, "Lang": "en", "Page": 0, "Path": "//Document/Sect/Table/TR/TD/P", "Text": "/s/ Kimberly A. Casiano ", "TextSize": 6.9490966796875, "attributes": {"LineHeight": 8.375}}, {"Bounds": [372.2109832763672, 599.7155151367188, 427.9608459472656, 608.6312103271484], "ClipBounds": [372.2109832763672, 599.7155151367188, 427.9608459472656, 608.6312103271484], "Page": 0, "Path": "//Document/Sect/Table/TR/TD[2]", "attributes": {"BBox": [256.429999999993, 598.1699999999837, 539.4979999999923, 607.1699999999837], "BlockAlign": "Before", "BorderColor": [null, [0, 0, 0], null, null], "BorderStyle": ["None", "Solid", "None", "None"], "BorderThickness": [0, 0.375, 0, 0], "ColIndex": 1, "Height": 9, "InlineAlign": "Center", "RowIndex": 0, "Width": 283.125}}, {"Bounds": [372.2109832763672, 599.7155151367188, 427.9608459472656, 608.6312103271484], "ClipBounds": [372.2109832763672, 599.7155151367188, 427.9608459472656, 608.6312103271484], "Font": {"alt_family_name": "Liberation Sans", "embedded": true, "encoding": "Identity-H", "family_name": "Liberation Sans", "font_type": "CIDFontType2", "italic": false, "monospaced": false, "name": "LiberationSans", "subset": false, "weight": 400}, "HasClip": true, "Lang": "en", "Page": 0, "Path": "//Document/Sect/Table/TR/TD[2]/P", "Text": "/s/ John C. May II ", "TextSize": 6.9490966796875, "attributes": {"LineHeight": 8.375}}, {"Bounds": [58.968902587890625, 586.8865051269531, 128.17845153808594, 595.8022003173828], "ClipBounds": [58.968902587890625, 586.8865051269531, 128.17845153808594, 595.8022003173828], "Page": 0, "Path": "//Document/Sect/Table/TR[2]/TD", "attributes": {"BBox": [45.35819999999876, 584.1299999999756, 256.429999999993, 598.8899999999849], "BlockAlign": "Middle", "BorderColor": [[0, 0, 0], null, null, null], "BorderStyle": ["Solid", "None", "None", "None"], "BorderThickness": [0.375, 0, 0, 0], "ColIndex": 0, "Height": 14.75, "InlineAlign": "Start", "RowIndex": 1, "Width": 211.125}}, {"Bounds": [58.968902587890625, 586.8865051269531, 128.17845153808594, 595.8022003173828], "ClipBounds": [58.968902587890625, 586.8865051269531, 128.17845153808594, 595.8022003173828], "Font": {"alt_family_name": "Liberation Sans", "embedded": true, "encoding": "Identity-H", "family_name": "Liberation Sans", "font_type": "CIDFontType2", "italic": false, "monospaced": false, "name": "LiberationSans", "subset": false, "weight": 400}, "HasClip": true, "Lang": "en", "Page": 0, "Path": "//Document/Sect/Table/TR[2]/TD/P", "Text": "(Kimberly A. Casiano) ", "TextSize": 6.9490966796875, "attributes": {"LineHeight": 8.375}}, {"Bounds": [372.2109832763672, 586.8865051269531, 423.30979919433594, 595.8022003173828], "ClipBounds": [372.2109832763672, 586.8865051269531, 423.30979919433594, 595.8022003173828], "Page": 0, "Path": "//Document/Sect/Table/TR[2]/TD[2]", "attributes": {"BBox": [256.429999999993, 584.1299999999756, 539.4979999999923, 598.8899999999849], "BlockAlign": "Middle", "BorderColor": [[0, 0, 0], null, null, null], "BorderStyle": ["Solid", "None", "None", "None"], "BorderThickness": [0.375, 0, 0, 0], "ColIndex": 1, "Height": 14.75, "InlineAlign": "Center", "RowIndex": 1, "Width": 283.125}}, {"Bounds": [372.2109832763672, 586.8865051269531, 423.30979919433594, 595.8022003173828], "ClipBounds": [372.2109832763672, 586.8865051269531, 423.30979919433594, 595.8022003173828], "Font": {"alt_family_name": "Liberation Sans", "embedded": true, "encoding": "Identity-H", "family_name": "Liberation Sans", "font_type": "CIDFontType2", "italic": false, "monospaced": false, "name": "LiberationSans", "subset": false, "weight": 400}, "HasClip": true, "Lang": "en", "Page": 0, "Path": "//Document/Sect/Table/TR[2]/TD[2]/P", "Text": "(John C. May II) ", "TextSize": 6.9490966796875, "attributes": {"LineHeight": 8.375}}, {"Bounds": [58.968902587890625, 572.4538116455078, 142.0780487060547, 581.3695068359375], "ClipBounds": [58.968902587890625, 572.4538116455078, 142.0780487060547, 581.3695068359375], "Page": 0, "Path": "//Document/Sect/Table/TR[3]/TD", "attributes": {"BBox": [45.35819999999876, 570.810999999987, 256.429999999993, 584.1299999999756], "BlockAlign": "Middle", "BorderColor": [null, [0, 0, 0], null, null], "BorderStyle": ["None", "Solid", "None", "None"], "BorderThickness": [0, 0.375, 0, 0], "ColIndex": 0, "Height": 13.375, "InlineAlign": "Start", "RowIndex": 2, "Width": 211.125}}, {"Bounds": [58.968902587890625, 572.4538116455078, 142.0780487060547, 581.3695068359375], "ClipBounds": [58.968902587890625, 572.4538116455078, 142.0780487060547, 581.3695068359375], "Font": {"alt_family_name": "Liberation Sans", "embedded": true, "encoding": "Identity-H", "family_name": "Liberation Sans", "font_type": "CIDFontType2", "italic": false, "monospaced": false, "name": "LiberationSans", "subset": false, "weight": 400}, "HasClip": true, "Lang": "en", "Page": 0, "Path": "//Document/Sect/Table/TR[3]/TD/P", "Text": "/s/ Alexandra Ford English ", "TextSize": 6.9490966796875, "attributes": {"LineHeight": 8.375}}, {"Bounds": [372.2109832763672, 572.4538116455078, 432.5715637207031, 581.3695068359375], "ClipBounds": [372.2109832763672, 572.4538116455078, 432.5715637207031, 581.3695068359375], "Page": 0, "Path": "//Document/Sect/Table/TR[3]/TD[2]", "attributes": {"BBox": [256.429999999993, 570.810999999987, 539.4979999999923, 584.1299999999756], "BlockAlign": "Middle", "BorderColor": [null, [0, 0, 0], null, null], "BorderStyle": ["None", "Solid", "None", "None"], "BorderThickness": [0, 0.375, 0, 0], "ColIndex": 1, "Height": 13.375, "InlineAlign": "Center", "RowIndex": 2, "Width": 283.125}}, {"Bounds": [372.2109832763672, 572.4538116455078, 432.5715637207031, 581.3695068359375], "ClipBounds": [372.2109832763672, 572.4538116455078, 432.5715637207031, 581.3695068359375], "Font": {"alt_family_name": "Liberation Sans", "embedded": true, "encoding": "Identity-H", "family_name": "Liberation Sans", "font_type": "CIDFontType2", "italic": false, "monospaced": false, "name": "LiberationSans", "subset": false, "weight": 400}, "HasClip": true, "Lang": "en", "Page": 0, "Path": "//Document/Sect/Table/TR[3]/TD[2]/P", "Text": "/s/ Beth E. Mooney ", "TextSize": 6.9490966796875, "attributes": {"LineHeight": 8.375}}, {"Bounds": [58.968902587890625, 559.6248016357422, 137.44508361816406, 568.5404968261719], "ClipBounds": [58.968902587890625, 559.6248016357422, 137.44508361816406, 568.5404968261719], "Page": 0, "Path": "//Document/Sect/Table/TR[4]/TD", "attributes": {"BBox": [45.35819999999876, 556.7719999999972, 256.429999999993, 571.5309999999881], "BlockAlign": "Middle", "BorderColor": [[0, 0, 0], null, null, null], "BorderStyle": ["Solid", "None", "None", "None"], "BorderThickness": [0.375, 0, 0, 0], "ColIndex": 0, "Height": 14.75, "InlineAlign": "Start", "RowIndex": 3, "Width": 211.125}}, {"Bounds": [58.968902587890625, 559.6248016357422, 137.44508361816406, 568.5404968261719], "ClipBounds": [58.968902587890625, 559.6248016357422, 137.44508361816406, 568.5404968261719], "Font": {"alt_family_name": "Liberation Sans", "embedded": true, "encoding": "Identity-H", "family_name": "Liberation Sans", "font_type": "CIDFontType2", "italic": false, "monospaced": false, "name": "LiberationSans", "subset": false, "weight": 400}, "HasClip": true, "Lang": "en", "Page": 0, "Path": "//Document/Sect/Table/TR[4]/TD/P", "Text": "(Alexandra Ford English) ", "TextSize": 6.9490966796875, "attributes": {"LineHeight": 8.375}}, {"Bounds": [372.2109832763672, 559.6248016357422, 427.94346618652344, 568.5404968261719], "ClipBounds": [372.2109832763672, 559.6248016357422, 427.94346618652344, 568.5404968261719], "Page": 0, "Path": "//Document/Sect/Table/TR[4]/TD[2]", "attributes": {"BBox": [256.429999999993, 556.7719999999972, 539.4979999999923, 571.5309999999881], "BlockAlign": "Middle", "BorderColor": [[0, 0, 0], null, null, null], "BorderStyle": ["Solid", "None", "None", "None"], "BorderThickness": [0.375, 0, 0, 0], "ColIndex": 1, "Height": 14.75, "InlineAlign": "Center", "RowIndex": 3, "Width": 283.125}}, {"Bounds": [372.2109832763672, 559.6248016357422, 427.94346618652344, 568.5404968261719], "ClipBounds": [372.2109832763672, 559.6248016357422, 427.94346618652344, 568.5404968261719], "Font": {"alt_family_name": "Liberation Sans", "embedded": true, "encoding": "Identity-H", "family_name": "Liberation Sans", "font_type": "CIDFontType2", "italic": false, "monospaced": false, "name": "LiberationSans", "subset": false, "weight": 400}, "HasClip": true, "Lang": "en", "Page": 0, "Path": "//Document/Sect/Table/TR[4]/TD[2]/P", "Text": "(Beth E. Mooney) ", "TextSize": 6.9490966796875, "attributes": {"LineHeight": 8.375}}, {"Bounds": [58.968902587890625, 545.1921081542969, 112.39566040039062, 554.1078033447266], "ClipBounds": [58.968902587890625, 545.1921081542969, 112.39566040039062, 554.1078033447266], "Page": 0, "Path": "//Document/Sect/Table/TR[5]/TD", "attributes": {"BBox": [45.35819999999876, 543.5719999999856, 256.429999999993, 556.7719999999972], "BlockAlign": "Middle", "BorderColor": [null, [0, 0, 0], null, null], "BorderStyle": ["None", "Solid", "None", "None"], "BorderThickness": [0, 0.25, 0, 0], "ColIndex": 0, "Height": 13.25, "InlineAlign": "Start", "RowIndex": 4, "Width": 211.125}}, {"Bounds": [58.968902587890625, 545.1921081542969, 112.39566040039062, 554.1078033447266], "ClipBounds": [58.968902587890625, 545.1921081542969, 112.39566040039062, 554.1078033447266], "Font": {"alt_family_name": "Liberation Sans", "embedded": true, "encoding": "Identity-H", "family_name": "Liberation Sans", "font_type": "CIDFontType2", "italic": false, "monospaced": false, "name": "LiberationSans", "subset": false, "weight": 400}, "HasClip": true, "Lang": "en", "Page": 0, "Path": "//Document/Sect/Table/TR[5]/TD/P", "Text": "/s/ Henry Ford III ", "TextSize": 6.9490966796875, "attributes": {"LineHeight": 8.375}}, {"Bounds": [372.2109832763672, 545.1921081542969, 468.4525451660156, 554.1078033447266], "ClipBounds": [372.2109832763672, 545.1921081542969, 468.4525451660156, 554.1078033447266], "Page": 0, "Path": "//Document/Sect/Table/TR[5]/TD[2]", "attributes": {"BBox": [256.429999999993, 543.5719999999856, 539.4979999999923, 556.7719999999972], "BlockAlign": "Middle", "BorderColor": [null, [0, 0, 0], null, null], "BorderStyle": ["None", "Solid", "None", "None"], "BorderThickness": [0, 0.25, 0, 0], "ColIndex": 1, "Height": 13.25, "InlineAlign": "Center", "RowIndex": 4, "Width": 283.125}}, {"Bounds": [372.2109832763672, 545.1921081542969, 468.4525451660156, 554.1078033447266], "ClipBounds": [372.2109832763672, 545.1921081542969, 468.4525451660156, 554.1078033447266], "Font": {"alt_family_name": "Liberation Sans", "embedded": true, "encoding": "Identity-H", "family_name": "Liberation Sans", "font_type": "CIDFontType2", "italic": false, "monospaced": false, "name": "LiberationSans", "subset": false, "weight": 400}, "HasClip": true, "Lang": "en", "Page": 0, "Path": "//Document/Sect/Table/TR[5]/TD[2]/P", "Text": "/s/ Lynn Vojvodich Radakovich ", "TextSize": 6.9490966796875, "attributes": {"LineHeight": 8.375}}, {"Bounds": [58.968902587890625, 532.3631134033203, 107.75088500976562, 541.27880859375], "ClipBounds": [58.968902587890625, 532.3631134033203, 107.75088500976562, 541.27880859375], "Page": 0, "Path": "//Document/Sect/Table/TR[6]/TD", "attributes": {"BBox": [45.35819999999876, 529.4129999999714, 256.429999999993, 544.1719999999914], "BlockAlign": "Middle", "BorderColor": [[0, 0, 0], null, null, null], "BorderStyle": ["Solid", "None", "None", "None"], "BorderThickness": [0.25, 0, 0, 0], "ColIndex": 0, "Height": 14.75, "InlineAlign": "Start", "RowIndex": 5, "Width": 211.125}}, {"Bounds": [58.968902587890625, 532.3631134033203, 107.75088500976562, 541.27880859375], "ClipBounds": [58.968902587890625, 532.3631134033203, 107.75088500976562, 541.27880859375], "Font": {"alt_family_name": "Liberation Sans", "embedded": true, "encoding": "Identity-H", "family_name": "Liberation Sans", "font_type": "CIDFontType2", "italic": false, "monospaced": false, "name": "LiberationSans", "subset": false, "weight": 400}, "HasClip": true, "Lang": "en", "Page": 0, "Path": "//Document/Sect/Table/TR[6]/TD/P", "Text": "(Henry Ford III) ", "TextSize": 6.9490966796875, "attributes": {"LineHeight": 8.375}}, {"Bounds": [372.2109832763672, 532.3631134033203, 463.81263732910156, 541.27880859375], "ClipBounds": [372.2109832763672, 532.3631134033203, 463.81263732910156, 541.27880859375], "Page": 0, "Path": "//Document/Sect/Table/TR[6]/TD[2]", "attributes": {"BBox": [256.429999999993, 529.4129999999714, 539.4979999999923, 544.1719999999914], "BlockAlign": "Middle", "BorderColor": [[0, 0, 0], null, null, null], "BorderStyle": ["Solid", "None", "None", "None"], "BorderThickness": [0.25, 0, 0, 0], "ColIndex": 1, "Height": 14.75, "InlineAlign": "Center", "RowIndex": 5, "Width": 283.125}}, {"Bounds": [372.2109832763672, 532.3631134033203, 463.81263732910156, 541.27880859375], "ClipBounds": [372.2109832763672, 532.3631134033203, 463.81263732910156, 541.27880859375], "Font": {"alt_family_name": "Liberation Sans", "embedded": true, "encoding": "Identity-H", "family_name": "Liberation Sans", "font_type": "CIDFontType2", "italic": false, "monospaced": false, "name": "LiberationSans", "subset": false, "weight": 400}, "HasClip": true, "Lang": "en", "Page": 0, "Path": "//Document/Sect/Table/TR[6]/TD[2]/P", "Text": "(Lynn Vojvodich Radakovich) ", "TextSize": 6.9490966796875, "attributes": {"LineHeight": 8.375}}, {"Bounds": [58.968902587890625, 517.9304046630859, 137.0392608642578, 526.8460998535156], "ClipBounds": [58.968902587890625, 517.9304046630859, 137.0392608642578, 526.8460998535156], "Page": 0, "Path": "//Document/Sect/Table/TR[7]/TD", "attributes": {"BBox": [45.35819999999876, 516.93299999999, 256.429999999993, 529.4129999999714], "BlockAlign": "Middle", "BorderColor": [null, [0, 0, 0], null, null], "BorderStyle": ["None", "Solid", "None", "None"], "BorderThickness": [0, 0.25, 0, 0], "ColIndex": 0, "Height": 12.5, "InlineAlign": "Start", "RowIndex": 6, "Width": 211.125}}, {"Bounds": [58.968902587890625, 517.9304046630859, 137.0392608642578, 526.8460998535156], "ClipBounds": [58.968902587890625, 517.9304046630859, 137.0392608642578, 526.8460998535156], "Font": {"alt_family_name": "Liberation Sans", "embedded": true, "encoding": "Identity-H", "family_name": "Liberation Sans", "font_type": "CIDFontType2", "italic": false, "monospaced": false, "name": "LiberationSans", "subset": false, "weight": 400}, "HasClip": true, "Lang": "en", "Page": 0, "Path": "//Document/Sect/Table/TR[7]/TD/P", "Text": "/s/ William W. Helman IV ", "TextSize": 6.9490966796875, "attributes": {"LineHeight": 8.375}}, {"Bounds": [372.2109832763672, 517.9304046630859, 435.67225646972656, 526.8460998535156], "ClipBounds": [372.2109832763672, 517.9304046630859, 435.67225646972656, 526.8460998535156], "Page": 0, "Path": "//Document/Sect/Table/TR[7]/TD[2]", "attributes": {"BBox": [256.429999999993, 516.93299999999, 539.4979999999923, 529.4129999999714], "BlockAlign": "Middle", "BorderColor": [null, [0, 0, 0], null, null], "BorderStyle": ["None", "Solid", "None", "None"], "BorderThickness": [0, 0.25, 0, 0], "ColIndex": 1, "Height": 12.5, "InlineAlign": "Center", "RowIndex": 6, "Width": 283.125}}, {"Bounds": [372.2109832763672, 517.9304046630859, 435.67225646972656, 526.8460998535156], "ClipBounds": [372.2109832763672, 517.9304046630859, 435.67225646972656, 526.8460998535156], "Font": {"alt_family_name": "Liberation Sans", "embedded": true, "encoding": "Identity-H", "family_name": "Liberation Sans", "font_type": "CIDFontType2", "italic": false, "monospaced": false, "name": "LiberationSans", "subset": false, "weight": 400}, "HasClip": true, "Lang": "en", "Page": 0, "Path": "//Document/Sect/Table/TR[7]/TD[2]/P", "Text": "/s/ John L. Thornton ", "TextSize": 6.9490966796875, "attributes": {"LineHeight": 8.375}}, {"Bounds": [58.968902587890625, 505.1014099121094, 132.41046142578125, 514.0171051025391], "ClipBounds": [58.968902587890625, 505.1014099121094, 132.41046142578125, 514.0171051025391], "Page": 0, "Path": "//Document/Sect/Table/TR[8]/TD", "attributes": {"BBox": [45.35819999999876, 501.333999999988, 256.429999999993, 517.5329999999958], "BlockAlign": "Middle", "BorderColor": [[0, 0, 0], null, null, null], "BorderStyle": ["Solid", "None", "None", "None"], "BorderThickness": [0.25, 0, 0, 0], "ColIndex": 0, "Height": 16.25, "InlineAlign": "Start", "RowIndex": 7, "Width": 211.125}}, {"Bounds": [58.968902587890625, 505.1014099121094, 132.41046142578125, 514.0171051025391], "ClipBounds": [58.968902587890625, 505.1014099121094, 132.41046142578125, 514.0171051025391], "Font": {"alt_family_name": "Liberation Sans", "embedded": true, "encoding": "Identity-H", "family_name": "Liberation Sans", "font_type": "CIDFontType2", "italic": false, "monospaced": false, "name": "LiberationSans", "subset": false, "weight": 400}, "HasClip": true, "Lang": "en", "Page": 0, "Path": "//Document/Sect/Table/TR[8]/TD/P", "Text": "(William W. Helman IV) ", "TextSize": 6.9490966796875, "attributes": {"LineHeight": 8.375}}, {"Bounds": [372.2109832763672, 505.1014099121094, 431.0323486328125, 514.0171051025391], "ClipBounds": [372.2109832763672, 505.1014099121094, 431.0323486328125, 514.0171051025391], "Page": 0, "Path": "//Document/Sect/Table/TR[8]/TD[2]", "attributes": {"BBox": [256.429999999993, 501.333999999988, 539.4979999999923, 517.5329999999958], "BlockAlign": "Middle", "BorderColor": [[0, 0, 0], null, null, null], "BorderStyle": ["Solid", "None", "None", "None"], "BorderThickness": [0.25, 0, 0, 0], "ColIndex": 1, "Height": 16.25, "InlineAlign": "Center", "RowIndex": 7, "Width": 283.125}}, {"Bounds": [372.2109832763672, 505.1014099121094, 431.0323486328125, 514.0171051025391], "ClipBounds": [372.2109832763672, 505.1014099121094, 431.0323486328125, 514.0171051025391], "Font": {"alt_family_name": "Liberation Sans", "embedded": true, "encoding": "Identity-H", "family_name": "Liberation Sans", "font_type": "CIDFontType2", "italic": false, "monospaced": false, "name": "LiberationSans", "subset": false, "weight": 400}, "HasClip": true, "Lang": "en", "Page": 0, "Path": "//Document/Sect/Table/TR[8]/TD[2]/P", "Text": "(John L. Thornton) ", "TextSize": 6.9490966796875, "attributes": {"LineHeight": 8.375}}, {"Bounds": [58.968902587890625, 490.66880798339844, 135.93643188476562, 499.5845031738281], "ClipBounds": [58.968902587890625, 490.66880798339844, 135.93643188476562, 499.5845031738281], "Page": 0, "Path": "//Document/Sect/Table/TR[9]/TD", "attributes": {"BBox": [45.35819999999876, 489.57399999999325, 256.429999999993, 501.333999999988], "BlockAlign": "Middle", "BorderColor": [null, [0, 0, 0], null, null], "BorderStyle": ["None", "Solid", "None", "None"], "BorderThickness": [0, 0.25, 0, 0], "ColIndex": 0, "Height": 11.75, "InlineAlign": "Start", "RowIndex": 8, "Width": 211.125}}, {"Bounds": [58.968902587890625, 490.66880798339844, 135.93643188476562, 499.5845031738281], "ClipBounds": [58.968902587890625, 490.66880798339844, 135.93643188476562, 499.5845031738281], "Font": {"alt_family_name": "Liberation Sans", "embedded": true, "encoding": "Identity-H", "family_name": "Liberation Sans", "font_type": "CIDFontType2", "italic": false, "monospaced": false, "name": "LiberationSans", "subset": false, "weight": 400}, "HasClip": true, "Lang": "en", "Page": 0, "Path": "//Document/Sect/Table/TR[9]/TD/P", "Text": "/s/ Jon M. Huntsman, Jr. ", "TextSize": 6.9490966796875, "attributes": {"LineHeight": 8.375}}, {"Bounds": [372.2109832763672, 490.66880798339844, 441.834716796875, 499.5845031738281], "ClipBounds": [372.2109832763672, 490.66880798339844, 441.834716796875, 499.5845031738281], "Page": 0, "Path": "//Document/Sect/Table/TR[9]/TD[2]", "attributes": {"BBox": [256.429999999993, 489.57399999999325, 539.4979999999923, 501.333999999988], "BlockAlign": "Middle", "BorderColor": [null, [0, 0, 0], null, null], "BorderStyle": ["None", "Solid", "None", "None"], "BorderThickness": [0, 0.25, 0, 0], "ColIndex": 1, "Height": 11.75, "InlineAlign": "Center", "RowIndex": 8, "Width": 283.125}}, {"Bounds": [372.2109832763672, 490.66880798339844, 441.834716796875, 499.5845031738281], "ClipBounds": [372.2109832763672, 490.66880798339844, 441.834716796875, 499.5845031738281], "Font": {"alt_family_name": "Liberation Sans", "embedded": true, "encoding": "Identity-H", "family_name": "Liberation Sans", "font_type": "CIDFontType2", "italic": false, "monospaced": false, "name": "LiberationSans", "subset": false, "weight": 400}, "HasClip": true, "Lang": "en", "Page": 0, "Path": "//Document/Sect/Table/TR[9]/TD[2]/P", "Text": "/s/ John B. Veihmeyer ", "TextSize": 6.9490966796875, "attributes": {"LineHeight": 8.375}}, {"Bounds": [58.968902587890625, 477.83970642089844, 131.29234313964844, 486.7554016113281], "ClipBounds": [58.968902587890625, 477.83970642089844, 131.29234313964844, 486.7554016113281], "Page": 0, "Path": "//Document/Sect/Table/TR[10]/TD", "attributes": {"BBox": [45.35819999999876, 475.4149999999936, 256.429999999993, 490.17399999999907], "BlockAlign": "Middle", "BorderColor": [[0, 0, 0], null, null, null], "BorderStyle": ["Solid", "None", "None", "None"], "BorderThickness": [0.25, 0, 0, 0], "ColIndex": 0, "Height": 14.75, "InlineAlign": "Start", "RowIndex": 9, "Width": 211.125}}, {"Bounds": [58.968902587890625, 477.83970642089844, 131.29234313964844, 486.7554016113281], "ClipBounds": [58.968902587890625, 477.83970642089844, 131.29234313964844, 486.7554016113281], "Font": {"alt_family_name": "Liberation Sans", "embedded": true, "encoding": "Identity-H", "family_name": "Liberation Sans", "font_type": "CIDFontType2", "italic": false, "monospaced": false, "name": "LiberationSans", "subset": false, "weight": 400}, "HasClip": true, "Lang": "en", "Page": 0, "Path": "//Document/Sect/Table/TR[10]/TD/P", "Text": "(Jon M. Huntsman, Jr.) ", "TextSize": 6.9490966796875, "attributes": {"LineHeight": 8.375}}, {"Bounds": [372.2109832763672, 477.83970642089844, 437.1920166015625, 486.7554016113281], "ClipBounds": [372.2109832763672, 477.83970642089844, 437.1920166015625, 486.7554016113281], "Page": 0, "Path": "//Document/Sect/Table/TR[10]/TD[2]", "attributes": {"BBox": [256.429999999993, 475.4149999999936, 539.4979999999923, 490.17399999999907], "BlockAlign": "Middle", "BorderColor": [[0, 0, 0], null, null, null], "BorderStyle": ["Solid", "None", "None", "None"], "BorderThickness": [0.25, 0, 0, 0], "ColIndex": 1, "Height": 14.75, "InlineAlign": "Center", "RowIndex": 9, "Width": 283.125}}, {"Bounds": [372.2109832763672, 477.83970642089844, 437.1920166015625, 486.7554016113281], "ClipBounds": [372.2109832763672, 477.83970642089844, 437.1920166015625, 486.7554016113281], "Font": {"alt_family_name": "Liberation Sans", "embedded": true, "encoding": "Identity-H", "family_name": "Liberation Sans", "font_type": "CIDFontType2", "italic": false, "monospaced": false, "name": "LiberationSans", "subset": false, "weight": 400}, "HasClip": true, "Lang": "en", "Page": 0, "Path": "//Document/Sect/Table/TR[10]/TD[2]/P", "Text": "(John B. Veihmeyer) ", "TextSize": 6.9490966796875, "attributes": {"LineHeight": 8.375}}, {"Bounds": [58.968902587890625, 463.4071044921875, 128.9463348388672, 472.3227996826172], "ClipBounds": [58.968902587890625, 463.4071044921875, 128.9463348388672, 472.3227996826172], "Page": 0, "Path": "//Document/Sect/Table/TR[11]/TD", "attributes": {"BBox": [45.35819999999876, 462.0949999999866, 256.429999999993, 475.4149999999936], "BlockAlign": "Middle", "BorderColor": [null, [0, 0, 0], null, null], "BorderStyle": ["None", "Solid", "None", "None"], "BorderThickness": [0, 0.375, 0, 0], "ColIndex": 0, "Height": 13.375, "InlineAlign": "Start", "RowIndex": 10, "Width": 211.125}}, {"Bounds": [58.968902587890625, 463.4071044921875, 128.9463348388672, 472.3227996826172], "ClipBounds": [58.968902587890625, 463.4071044921875, 128.9463348388672, 472.3227996826172], "Font": {"alt_family_name": "Liberation Sans", "embedded": true, "encoding": "Identity-H", "family_name": "Liberation Sans", "font_type": "CIDFontType2", "italic": false, "monospaced": false, "name": "LiberationSans", "subset": false, "weight": 400}, "HasClip": true, "Lang": "en", "Page": 0, "Path": "//Document/Sect/Table/TR[11]/TD/P", "Text": "/s/ William E. Kennard ", "TextSize": 6.9490966796875, "attributes": {"LineHeight": 8.375}}, {"Bounds": [372.2109832763672, 463.4071044921875, 438.3573913574219, 472.3227996826172], "ClipBounds": [372.2109832763672, 463.4071044921875, 438.3573913574219, 472.3227996826172], "Page": 0, "Path": "//Document/Sect/Table/TR[11]/TD[2]", "attributes": {"BBox": [256.429999999993, 462.0949999999866, 539.4979999999923, 475.4149999999936], "BlockAlign": "Middle", "BorderColor": [null, [0, 0, 0], null, null], "BorderStyle": ["None", "Solid", "None", "None"], "BorderThickness": [0, 0.375, 0, 0], "ColIndex": 1, "Height": 13.375, "InlineAlign": "Center", "RowIndex": 10, "Width": 283.125}}, {"Bounds": [372.2109832763672, 463.4071044921875, 438.3573913574219, 472.3227996826172], "ClipBounds": [372.2109832763672, 463.4071044921875, 438.3573913574219, 472.3227996826172], "Font": {"alt_family_name": "Liberation Sans", "embedded": true, "encoding": "Identity-H", "family_name": "Liberation Sans", "font_type": "CIDFontType2", "italic": false, "monospaced": false, "name": "LiberationSans", "subset": false, "weight": 400}, "HasClip": true, "Lang": "en", "Page": 0, "Path": "//Document/Sect/Table/TR[11]/TD[2]/P", "Text": "/s/ John S. Weinberg ", "TextSize": 6.9490966796875, "attributes": {"LineHeight": 8.375}}, {"Bounds": [58.968902587890625, 450.57810974121094, 124.31266784667969, 459.4938049316406], "ClipBounds": [58.968902587890625, 450.57810974121094, 124.31266784667969, 459.4938049316406], "Page": 0, "Path": "//Document/Sect/Table/TR[12]/TD", "attributes": {"BBox": [45.35819999999876, 450.5759999999864, 256.429999999993, 462.8149999999878], "BlockAlign": "After", "BorderColor": [[0, 0, 0], null, null, null], "BorderStyle": ["Solid", "None", "None", "None"], "BorderThickness": [0.375, 0, 0, 0], "ColIndex": 0, "Height": 12.25, "InlineAlign": "Start", "RowIndex": 11, "Width": 211.125}}, {"Bounds": [58.968902587890625, 450.57810974121094, 124.31266784667969, 459.4938049316406], "ClipBounds": [58.968902587890625, 450.57810974121094, 124.31266784667969, 459.4938049316406], "Font": {"alt_family_name": "Liberation Sans", "embedded": true, "encoding": "Identity-H", "family_name": "Liberation Sans", "font_type": "CIDFontType2", "italic": false, "monospaced": false, "name": "LiberationSans", "subset": false, "weight": 400}, "HasClip": true, "Lang": "en", "Page": 0, "Path": "//Document/Sect/Table/TR[12]/TD/P", "Text": "(William E. Kennard) ", "TextSize": 6.9490966796875, "attributes": {"LineHeight": 8.375}}, {"Bounds": [372.2109832763672, 450.57810974121094, 433.71746826171875, 459.4938049316406], "ClipBounds": [372.2109832763672, 450.57810974121094, 433.71746826171875, 459.4938049316406], "Page": 0, "Path": "//Document/Sect/Table/TR[12]/TD[2]", "attributes": {"BBox": [256.429999999993, 450.5759999999864, 539.4979999999923, 462.8149999999878], "BlockAlign": "After", "BorderColor": [[0, 0, 0], null, null, null], "BorderStyle": ["Solid", "None", "None", "None"], "BorderThickness": [0.375, 0, 0, 0], "ColIndex": 1, "Height": 12.25, "InlineAlign": "Center", "RowIndex": 11, "Width": 283.125}}, {"Bounds": [372.2109832763672, 450.57810974121094, 433.71746826171875, 459.4938049316406], "ClipBounds": [372.2109832763672, 450.57810974121094, 433.71746826171875, 459.4938049316406], "Font": {"alt_family_name": "Liberation Sans", "embedded": true, "encoding": "Identity-H", "family_name": "Liberation Sans", "font_type": "CIDFontType2", "italic": false, "monospaced": false, "name": "LiberationSans", "subset": false, "weight": 400}, "HasClip": true, "Lang": "en", "Page": 0, "Path": "//Document/Sect/Table/TR[12]/TD[2]/P", "Text": "(John S. Weinberg) ", "TextSize": 6.9490966796875, "attributes": {"LineHeight": 8.375}}], "pages": [{"boxes": {"CropBox": [0.0, 0.0, 595.0, 842.0], "MediaBox": [0.0, 0.0, 595.0, 842.0]}, "height": 842.0, "is_scanned": false, "page_number": 0, "rotation": 0, "width": 595.0}]}