{"version": {"json_export": "193", "page_segmentation": "5", "schema": "1.1.0", "structure": "1.1074.0", "table_structure": "5"}, "extended_metadata": {"ID_instance": "81 A3 62 9C DB B8 B2 11 0A 00 67 45 8B 6B C6 23 ", "ID_permanent": "34 44 20 44 43 20 35 46 20 39 43 20 44 42 20 42 38 20 42 32 20 31 31 20 30 41 20 30 30 20 36 37 20 34 35 20 38 42 20 36 42 20 43 36 20 32 33 20 ", "pdf_version": "1.6", "pdfa_compliance_level": "", "is_encrypted": false, "has_acroform": false, "is_digitally_signed": false, "pdfua_compliance_level": "", "page_count": 1, "has_embedded_files": false, "is_certified": false, "is_XFA": false, "language": "en"}, "elements": [{"Bounds": [32.77630615234375, 803.3762054443359, 368.9570770263672, 812.5281677246094], "ClipBounds": [32.77630615234375, 803.3762054443359, 368.9570770263672, 812.5281677246094], "Font": {"alt_family_name": "Liberation Sans", "embedded": true, "encoding": "Identity-H", "family_name": "Liberation Sans", "font_type": "CIDFontType2", "italic": true, "monospaced": false, "name": "LiberationSans-Italic", "subset": false, "weight": 400}, "HasClip": true, "Lang": "en", "Page": 0, "Path": "//Document/Sect/P", "Text": "Item 7. Management\u2019s Discussion and Analysis of Financial Condition and Results of Operations (Continued) ", "TextSize": 6.9490966796875, "attributes": {"LineHeight": 8.375, "SpaceAfter": 17.375}}, {"Bounds": [32.77630615234375, 777.2109222412109, 84.64021301269531, 787.002197265625], "ClipBounds": [32.77630615234375, 777.2109222412109, 84.64021301269531, 787.002197265625], "Font": {"alt_family_name": "Liberation Sans", "embedded": true, "encoding": "Identity-H", "family_name": "Liberation Sans", "font_type": "CIDFontType2", "italic": false, "monospaced": false, "name": "LiberationSans-Bold", "subset": false, "weight": 700}, "HasClip": true, "Lang": "en", "Page": 0, "Path": "//Document/Sect/Title", "Text": "Total Company ", "TextSize": 6.9490966796875, "attributes": {"LineHeight": 8.375}}, {"Bounds": [32.80516052246094, 737.0864410400391, 562.2522125244141, 766.5575714111328], "ClipBounds": [32.80516052246094, 737.0864410400391, 562.2522125244141, 766.5575714111328], "Font": {"alt_family_name": "Liberation Sans", "embedded": true, "encoding": "Identity-H", "family_name": "Liberation Sans", "font_type": "CIDFontType2", "italic": true, "monospaced": false, "name": "LiberationSans-Italic", "subset": false, "weight": 400}, "HasClip": true, "Lang": "en", "Page": 0, "Path": "//Document/Sect/P[2]", "Text": "Pension Plan Contributions and Strategy. Our strategy is to reduce the risk of our funded defined benefit pension plans, including minimizing the volatility of the value of our pension assets relative to pension liabilities and the need for unplanned use of capital resources to fund the plans. The strategy reduces balance sheet, cash flow, and income exposures and, in turn, reduces our risk profile. Going forward, we expect to: ", "TextSize": 6.9490966796875, "attributes": {"SpaceAfter": 12}}, {"Bounds": [45.60539245605469, 716.7803039550781, 49.75401306152344, 725.6959991455078], "ClipBounds": [45.60539245605469, 716.7803039550781, 49.75401306152344, 725.6959991455078], "Font": {"alt_family_name": "Liberation Sans", "embedded": true, "encoding": "Identity-H", "family_name": "Liberation Sans", "font_type": "CIDFontType2", "italic": false, "monospaced": false, "name": "LiberationSans", "subset": false, "weight": 400}, "HasClip": true, "Page": 0, "Path": "//Document/Sect/L/LI/Lbl", "Text": "\u2022 ", "TextSize": 6.9490966796875}, {"Bounds": [58.43440246582031, 716.7803039550781, 369.1953582763672, 725.6959991455078], "ClipBounds": [58.43440246582031, 716.7803039550781, 369.1953582763672, 725.6959991455078], "Font": {"alt_family_name": "Liberation Sans", "embedded": true, "encoding": "Identity-H", "family_name": "Liberation Sans", "font_type": "CIDFontType2", "italic": false, "monospaced": false, "name": "LiberationSans", "subset": false, "weight": 400}, "HasClip": true, "Page": 0, "Path": "//Document/Sect/L/LI/LBody", "Text": "Limit our pension contributions to offset ongoing service cost or meet regulatory requirements, if any; ", "TextSize": 6.9490966796875}, {"Bounds": [45.60539245605469, 706.6240081787109, 49.75401306152344, 715.5397033691406], "ClipBounds": [45.60539245605469, 706.6240081787109, 49.75401306152344, 715.5397033691406], "Font": {"alt_family_name": "Liberation Sans", "embedded": true, "encoding": "Identity-H", "family_name": "Liberation Sans", "font_type": "CIDFontType2", "italic": false, "monospaced": false, "name": "LiberationSans", "subset": false, "weight": 400}, "HasClip": true, "Page": 0, "Path": "//Document/Sect/L/LI[2]/Lbl", "Text": "\u2022 ", "TextSize": 6.9490966796875}, {"Bounds": [58.43440246582031, 706.6240081787109, 502.27757263183594, 715.5397033691406], "ClipBounds": [58.43440246582031, 706.6240081787109, 502.27757263183594, 715.5397033691406], "Font": {"alt_family_name": "Liberation Sans", "embedded": true, "encoding": "Identity-H", "family_name": "Liberation Sans", "font_type": "CIDFontType2", "italic": false, "monospaced": false, "name": "LiberationSans", "subset": false, "weight": 400}, "HasClip": true, "Page": 0, "Path": "//Document/Sect/L/LI[2]/LBody", "Text": "Minimize the volatility of the value of our pension assets relative to pension obligations and ensure assets are sufficient to pay plan benefits; and ", "TextSize": 6.9490966796875}, {"Bounds": [45.60539245605469, 696.4677124023438, 49.75401306152344, 705.3834075927734], "ClipBounds": [45.60539245605469, 696.4677124023438, 49.75401306152344, 705.3834075927734], "Font": {"alt_family_name": "Liberation Sans", "embedded": true, "encoding": "Identity-H", "family_name": "Liberation Sans", "font_type": "CIDFontType2", "italic": false, "monospaced": false, "name": "LiberationSans", "subset": false, "weight": 400}, "HasClip": true, "Page": 0, "Path": "//Document/Sect/L/LI[3]/Lbl", "Text": "\u2022 ", "TextSize": 6.9490966796875}, {"Bounds": [58.43440246582031, 696.4677124023438, 406.585693359375, 705.3834075927734], "ClipBounds": [58.43440246582031, 696.4677124023438, 406.585693359375, 705.3834075927734], "Font": {"alt_family_name": "Liberation Sans", "embedded": true, "encoding": "Identity-H", "family_name": "Liberation Sans", "font_type": "CIDFontType2", "italic": false, "monospaced": false, "name": "LiberationSans", "subset": false, "weight": 400}, "HasClip": true, "Page": 0, "Path": "//Document/Sect/L/LI[3]/LBody", "Text": "Evaluate strategic actions to reduce pension liabilities, such as plan design changes, curtailments, or settlements ", "TextSize": 6.9490966796875}, {"Bounds": [33.31089782714844, 477.09454345703125, 562.9850311279297, 692.3528289794922], "ClipBounds": [33.31089782714844, 477.09454345703125, 562.9850311279297, 692.3528289794922], "Page": 0, "Path": "//Document/Sect/Table", "attributes": {"BBox": [32.398699999999735, 475.4149999999936, 562.5369999999821, 690.9259999999776], "NumCol": 4, "NumRow": 14, "Placement": "Block", "SpaceAfter": 12.125}, "filePaths": ["tables/fileoutpart0.xlsx", "tables/fileoutpart1.png"]}, {"Path": "//Document/Sect/Table/TR/TD", "attributes": {"BBox": [32.398699999999735, 661.8869999999879, 355.0659999999916, 690.9259999999776], "BlockAlign": "Before", "ColIndex": 0, "Height": 29, "InlineAlign": "Start", "RowIndex": 0, "Width": 322.625}}, {"Bounds": [386.910888671875, 663.7553100585938, 401.4239044189453, 672.0402221679688], "ClipBounds": [386.910888671875, 663.7553100585938, 401.4239044189453, 672.0402221679688], "Page": 0, "Path": "//Document/Sect/Table/TR/TH", "attributes": {"BBox": [355.0659999999916, 661.6469999999972, 427.18299999999, 690.9259999999776], "BlockAlign": "After", "BorderColor": [null, [0, 0, 0], null, null], "BorderStyle": ["None", "Solid", "None", "None"], "BorderThickness": [0, 0.25, 0, 0], "ColIndex": 1, "Height": 29.25, "InlineAlign": "Center", "RowIndex": 0, "Width": 72.125}}, {"Bounds": [386.910888671875, 663.7553100585938, 401.4239044189453, 672.0402221679688], "ClipBounds": [386.910888671875, 663.7553100585938, 401.4239044189453, 672.0402221679688], "Font": {"alt_family_name": "Liberation Sans", "embedded": true, "encoding": "Identity-H", "family_name": "Liberation Sans", "font_type": "CIDFontType2", "italic": false, "monospaced": false, "name": "LiberationSans-Bold", "subset": false, "weight": 700}, "HasClip": true, "Lang": "en", "Page": 0, "Path": "//Document/Sect/Table/TR/TH/P", "Text": "2021 ", "TextSize": 5.8800048828125, "attributes": {"LineHeight": 7}}, {"Bounds": [456.9359893798828, 663.7553100585938, 471.4490051269531, 672.0402221679688], "ClipBounds": [456.9359893798828, 663.7553100585938, 471.4490051269531, 672.0402221679688], "Page": 0, "Path": "//Document/Sect/Table/TR/TH[2]", "attributes": {"BBox": [427.18299999999, 661.6469999999972, 497.7399999999907, 690.9259999999776], "BlockAlign": "After", "BorderColor": [null, [0, 0, 0], null, null], "BorderStyle": ["None", "Solid", "None", "None"], "BorderThickness": [0, 0.25, 0, 0], "ColIndex": 2, "Height": 29.25, "InlineAlign": "Center", "RowIndex": 0, "Width": 70.375}}, {"Bounds": [456.9359893798828, 663.7553100585938, 471.4490051269531, 672.0402221679688], "ClipBounds": [456.9359893798828, 663.7553100585938, 471.4490051269531, 672.0402221679688], "Font": {"alt_family_name": "Liberation Sans", "embedded": true, "encoding": "Identity-H", "family_name": "Liberation Sans", "font_type": "CIDFontType2", "italic": false, "monospaced": false, "name": "LiberationSans-Bold", "subset": false, "weight": 700}, "HasClip": true, "Lang": "en", "Page": 0, "Path": "//Document/Sect/Table/TR/TH[2]/P", "Text": "2022 ", "TextSize": 5.8800048828125, "attributes": {"LineHeight": 7}}, {"Bounds": [522.1501922607422, 663.7553100585938, 540.2382354736328, 692.3528289794922], "ClipBounds": [522.1501922607422, 663.7553100585938, 540.2382354736328, 692.3528289794922], "Page": 0, "Path": "//Document/Sect/Table/TR/TH[3]", "attributes": {"BBox": [497.7399999999907, 661.6469999999972, 562.5369999999821, 690.9259999999776], "BlockAlign": "Before", "BorderColor": [null, [0, 0, 0], null, null], "BorderStyle": ["None", "Solid", "None", "None"], "BorderThickness": [0, 0.25, 0, 0], "ColIndex": 3, "Height": 29.25, "InlineAlign": "End", "RowIndex": 0, "Width": 64.75}}, {"Bounds": [524.8229827880859, 684.0679016113281, 539.3359985351562, 692.3528289794922], "ClipBounds": [524.8229827880859, 684.0679016113281, 539.3359985351562, 692.3528289794922], "Font": {"alt_family_name": "Liberation Sans", "embedded": true, "encoding": "Identity-H", "family_name": "Liberation Sans", "font_type": "CIDFontType2", "italic": false, "monospaced": false, "name": "LiberationSans-Bold", "subset": false, "weight": 700}, "HasClip": true, "Lang": "en", "Page": 0, "Path": "//Document/Sect/Table/TR/TH[3]/P", "Text": "2022 ", "TextSize": 5.8800048828125, "attributes": {"LineHeight": 7}}, {"Bounds": [522.1501922607422, 673.9116058349609, 540.2382354736328, 682.1965179443359], "ClipBounds": [522.1501922607422, 673.9116058349609, 540.2382354736328, 682.1965179443359], "Font": {"alt_family_name": "Liberation Sans", "embedded": true, "encoding": "Identity-H", "family_name": "Liberation Sans", "font_type": "CIDFontType2", "italic": false, "monospaced": false, "name": "LiberationSans-Bold", "subset": false, "weight": 700}, "HasClip": true, "Lang": "en", "Page": 0, "Path": "//Document/Sect/Table/TR/TH[3]/P[2]", "Text": "H / (L) ", "TextSize": 5.8800048828125, "attributes": {"LineHeight": 7}}, {"Bounds": [524.8229827880859, 663.7553100585938, 539.3359985351562, 672.0402221679688], "ClipBounds": [524.8229827880859, 663.7553100585938, 539.3359985351562, 672.0402221679688], "Font": {"alt_family_name": "Liberation Sans", "embedded": true, "encoding": "Identity-H", "family_name": "Liberation Sans", "font_type": "CIDFontType2", "italic": false, "monospaced": false, "name": "LiberationSans-Bold", "subset": false, "weight": 700}, "HasClip": true, "Lang": "en", "Page": 0, "Path": "//Document/Sect/Table/TR/TH[3]/P[3]", "Text": "2021 ", "TextSize": 5.8800048828125, "attributes": {"LineHeight": 7}}, {"Bounds": [33.31089782714844, 651.8900451660156, 108.42532348632812, 659.43408203125], "ClipBounds": [33.31089782714844, 651.8900451660156, 108.42532348632812, 659.43408203125], "Page": 0, "Path": "//Document/Sect/Table/TR[2]/TD", "attributes": {"BBox": [32.398699999999735, 650.3679999999877, 562.5369999999821, 662.2469999999739], "BlockAlign": "Middle", "BorderColor": [[0, 0, 0], [0.8000029999999754, 0.9333339999999737, 1], null, null], "BorderStyle": ["Solid", "Solid", "None", "None"], "BorderThickness": [0.25, 0, 0, 0], "ColIndex": 0, "ColSpan": 4, "Height": 11.875, "InlineAlign": "Start", "RowIndex": 1, "Width": 530.125}}, {"Bounds": [33.31089782714844, 651.8900451660156, 108.42532348632812, 659.43408203125], "ClipBounds": [33.31089782714844, 651.8900451660156, 108.42532348632812, 659.43408203125], "Font": {"alt_family_name": "Liberation Sans", "embedded": true, "encoding": "Identity-H", "family_name": "Liberation Sans", "font_type": "CIDFontType2", "italic": false, "monospaced": false, "name": "LiberationSans", "subset": false, "weight": 400}, "HasClip": true, "Lang": "en", "Page": 0, "Path": "//Document/Sect/Table/TR[2]/TD/P", "Text": "Pension Funded Status ($B) ", "TextSize": 5.8800048828125, "attributes": {"LineHeight": 7}}, {"Bounds": [33.31089782714844, 639.5955505371094, 62.49687194824219, 647.1395874023438], "ClipBounds": [33.31089782714844, 639.5955505371094, 62.49687194824219, 647.1395874023438], "Page": 0, "Path": "//Document/Sect/Table/TR[3]/TD", "attributes": {"BBox": [32.398699999999735, 637.4079999999958, 355.0659999999916, 650.3679999999877], "BackgroundColor": [0.8000029999999754, 0.9333339999999737, 1], "BlockAlign": "Middle", "ColIndex": 0, "Height": 13, "InlineAlign": "Start", "RowIndex": 2, "Width": 322.625}}, {"Bounds": [33.31089782714844, 639.5955505371094, 62.49687194824219, 647.1395874023438], "ClipBounds": [33.31089782714844, 639.5955505371094, 62.49687194824219, 647.1395874023438], "Font": {"alt_family_name": "Liberation Sans", "embedded": true, "encoding": "Identity-H", "family_name": "Liberation Sans", "font_type": "CIDFontType2", "italic": false, "monospaced": false, "name": "LiberationSans", "subset": false, "weight": 400}, "HasClip": true, "Lang": "en", "Page": 0, "Path": "//Document/Sect/Table/TR[3]/TD/P", "Text": "U.S. Plans ", "TextSize": 5.8800048828125, "attributes": {"LineHeight": 7}}, {"Bounds": [360.985595703125, 639.5955505371094, 420.31126403808594, 647.1395874023438], "ClipBounds": [360.985595703125, 639.5955505371094, 420.31126403808594, 647.1395874023438], "Page": 0, "Path": "//Document/Sect/Table/TR[3]/TD[2]", "attributes": {"BBox": [355.0659999999916, 637.4079999999958, 427.18299999999, 650.3679999999877], "BackgroundColor": [0.8000029999999754, 0.9333339999999737, 1], "BlockAlign": "Middle", "ColIndex": 1, "Height": 13, "InlineAlign": "End", "RowIndex": 2, "Width": 72.125}}, {"Bounds": [360.985595703125, 639.5955505371094, 420.31126403808594, 647.1395874023438], "ClipBounds": [360.985595703125, 639.5955505371094, 420.31126403808594, 647.1395874023438], "Font": {"alt_family_name": "Liberation Sans", "embedded": true, "encoding": "Identity-H", "family_name": "Liberation Sans", "font_type": "CIDFontType2", "italic": false, "monospaced": false, "name": "LiberationSans", "subset": false, "weight": 400}, "HasClip": true, "Lang": "en", "Page": 0, "Path": "//Document/Sect/Table/TR[3]/TD[2]/P", "Text": "$ 1.0 ", "TextSize": 5.8800048828125, "attributes": {"LineHeight": 7}}, {"Bounds": [431.0106964111328, 639.5955505371094, 490.33636474609375, 647.1395874023438], "ClipBounds": [431.0106964111328, 639.5955505371094, 490.33636474609375, 647.1395874023438], "Page": 0, "Path": "//Document/Sect/Table/TR[3]/TD[3]", "attributes": {"BBox": [427.18299999999, 637.4079999999958, 497.7399999999907, 650.3679999999877], "BackgroundColor": [0.8000029999999754, 0.9333339999999737, 1], "BlockAlign": "Middle", "ColIndex": 2, "Height": 13, "InlineAlign": "End", "RowIndex": 2, "Width": 70.375}}, {"Bounds": [431.0106964111328, 639.5955505371094, 490.33636474609375, 647.1395874023438], "ClipBounds": [431.0106964111328, 639.5955505371094, 490.33636474609375, 647.1395874023438], "Font": {"alt_family_name": "Liberation Sans", "embedded": true, "encoding": "Identity-H", "family_name": "Liberation Sans", "font_type": "CIDFontType2", "italic": false, "monospaced": false, "name": "LiberationSans", "subset": false, "weight": 400}, "HasClip": true, "Lang": "en", "Page": 0, "Path": "//Document/Sect/Table/TR[3]/TD[3]/P", "Text": "$ 0.1 ", "TextSize": 5.8800048828125, "attributes": {"LineHeight": 7}}, {"Bounds": [501.03578186035156, 639.5955505371094, 561.6009674072266, 647.1395874023438], "ClipBounds": [501.03578186035156, 639.5955505371094, 561.6009674072266, 647.1395874023438], "Page": 0, "Path": "//Document/Sect/Table/TR[3]/TD[4]", "attributes": {"BBox": [497.7399999999907, 637.4079999999958, 562.5369999999821, 650.3679999999877], "BackgroundColor": [0.8000029999999754, 0.9333339999999737, 1], "BlockAlign": "Middle", "ColIndex": 3, "Height": 13, "InlineAlign": "End", "RowIndex": 2, "Width": 64.75}}, {"Bounds": [501.03578186035156, 639.5955505371094, 561.6009674072266, 647.1395874023438], "ClipBounds": [501.03578186035156, 639.5955505371094, 561.6009674072266, 647.1395874023438], "Font": {"alt_family_name": "Liberation Sans", "embedded": true, "encoding": "Identity-H", "family_name": "Liberation Sans", "font_type": "CIDFontType2", "italic": false, "monospaced": false, "name": "LiberationSans", "subset": false, "weight": 400}, "HasClip": true, "Lang": "en", "Page": 0, "Path": "//Document/Sect/Table/TR[3]/TD[4]/P", "Text": "$ (0.9) ", "TextSize": 5.8800048828125, "attributes": {"LineHeight": 7}}, {"Bounds": [33.31089782714844, 627.3010406494141, 75.22706604003906, 634.8450775146484], "ClipBounds": [33.31089782714844, 627.3010406494141, 75.22706604003906, 634.8450775146484], "Page": 0, "Path": "//Document/Sect/Table/TR[4]/TD", "attributes": {"BBox": [32.398699999999735, 625.8889999999956, 355.0659999999916, 637.5279999999912], "BackgroundColor": [1, 1, 1], "BlockAlign": "Middle", "BorderColor": [[0.8000029999999754, 0.9333339999999737, 1], [0.8000029999999754, 0.9333339999999737, 1], null, null], "BorderStyle": ["Solid", "Solid", "None", "None"], "ColIndex": 0, "Height": 11.625, "InlineAlign": "Start", "RowIndex": 3, "Width": 322.625}}, {"Bounds": [33.31089782714844, 627.3010406494141, 75.22706604003906, 634.8450775146484], "ClipBounds": [33.31089782714844, 627.3010406494141, 75.22706604003906, 634.8450775146484], "Font": {"alt_family_name": "Liberation Sans", "embedded": true, "encoding": "Identity-H", "family_name": "Liberation Sans", "font_type": "CIDFontType2", "italic": false, "monospaced": false, "name": "LiberationSans", "subset": false, "weight": 400}, "HasClip": true, "Lang": "en", "Page": 0, "Path": "//Document/Sect/Table/TR[4]/TD/P", "Text": "Non-U.S. Plans ", "TextSize": 5.8800048828125, "attributes": {"LineHeight": 7}}, {"Bounds": [408.025390625, 627.3010406494141, 421.5505676269531, 634.8450775146484], "ClipBounds": [408.025390625, 627.3010406494141, 421.5505676269531, 634.8450775146484], "Page": 0, "Path": "//Document/Sect/Table/TR[4]/TD[2]", "attributes": {"BBox": [355.0659999999916, 625.8889999999956, 427.18299999999, 637.5279999999912], "BackgroundColor": [1, 1, 1], "BlockAlign": "Middle", "BorderColor": [[0.8000029999999754, 0.9333339999999737, 1], [0.8000029999999754, 0.9333339999999737, 1], null, null], "BorderStyle": ["Solid", "Solid", "None", "None"], "ColIndex": 1, "Height": 11.625, "InlineAlign": "End", "RowIndex": 3, "Width": 72.125}}, {"Bounds": [408.025390625, 627.3010406494141, 421.5505676269531, 634.8450775146484], "ClipBounds": [408.025390625, 627.3010406494141, 421.5505676269531, 634.8450775146484], "Font": {"alt_family_name": "Liberation Sans", "embedded": true, "encoding": "Identity-H", "family_name": "Liberation Sans", "font_type": "CIDFontType2", "italic": false, "monospaced": false, "name": "LiberationSans", "subset": false, "weight": 400}, "HasClip": true, "Lang": "en", "Page": 0, "Path": "//Document/Sect/Table/TR[4]/TD[2]/P", "Text": "(1.3) ", "TextSize": 5.8800048828125, "attributes": {"LineHeight": 7}}, {"Bounds": [478.0504913330078, 627.3010406494141, 491.57566833496094, 634.8450775146484], "ClipBounds": [478.0504913330078, 627.3010406494141, 491.57566833496094, 634.8450775146484], "Page": 0, "Path": "//Document/Sect/Table/TR[4]/TD[3]", "attributes": {"BBox": [427.18299999999, 625.6489999999758, 497.7399999999907, 637.5279999999912], "BackgroundColor": [1, 1, 1], "BlockAlign": "Middle", "BorderColor": [[0.8000029999999754, 0.9333339999999737, 1], [0.0274505999999998, 0.0313720999999986, 0.0313720999999986], null, null], "BorderStyle": ["Solid", "Solid", "None", "None"], "BorderThickness": [0, 0.25, 0, 0], "ColIndex": 2, "Height": 11.875, "InlineAlign": "End", "RowIndex": 3, "Width": 70.375}}, {"Bounds": [478.0504913330078, 627.3010406494141, 491.57566833496094, 634.8450775146484], "ClipBounds": [478.0504913330078, 627.3010406494141, 491.57566833496094, 634.8450775146484], "Font": {"alt_family_name": "Liberation Sans", "embedded": true, "encoding": "Identity-H", "family_name": "Liberation Sans", "font_type": "CIDFontType2", "italic": false, "monospaced": false, "name": "LiberationSans", "subset": false, "weight": 400}, "HasClip": true, "Lang": "en", "Page": 0, "Path": "//Document/Sect/Table/TR[4]/TD[3]/P", "Text": "(0.3) ", "TextSize": 5.8800048828125, "attributes": {"LineHeight": 7}}, {"Bounds": [550.748291015625, 627.3010406494141, 560.3585510253906, 634.8450775146484], "ClipBounds": [550.748291015625, 627.3010406494141, 560.3585510253906, 634.8450775146484], "Page": 0, "Path": "//Document/Sect/Table/TR[4]/TD[4]", "attributes": {"BBox": [497.7399999999907, 625.6489999999758, 562.5369999999821, 637.5279999999912], "BackgroundColor": [1, 1, 1], "BlockAlign": "Middle", "BorderColor": [[0.8000029999999754, 0.9333339999999737, 1], [0.0274505999999998, 0.0313720999999986, 0.0313720999999986], null, null], "BorderStyle": ["Solid", "Solid", "None", "None"], "BorderThickness": [0, 0.25, 0, 0], "ColIndex": 3, "Height": 11.875, "InlineAlign": "End", "RowIndex": 3, "Width": 64.75}}, {"Bounds": [550.748291015625, 627.3010406494141, 560.3585510253906, 634.8450775146484], "ClipBounds": [550.748291015625, 627.3010406494141, 560.3585510253906, 634.8450775146484], "Font": {"alt_family_name": "Liberation Sans", "embedded": true, "encoding": "Identity-H", "family_name": "Liberation Sans", "font_type": "CIDFontType2", "italic": false, "monospaced": false, "name": "LiberationSans", "subset": false, "weight": 400}, "HasClip": true, "Lang": "en", "Page": 0, "Path": "//Document/Sect/Table/TR[4]/TD[4]/P", "Text": "1.0 ", "TextSize": 5.8800048828125, "attributes": {"LineHeight": 7}}, {"Bounds": [38.121795654296875, 613.4029388427734, 94.07588195800781, 620.9469909667969], "ClipBounds": [38.121795654296875, 613.4029388427734, 94.07588195800781, 620.9469909667969], "Page": 0, "Path": "//Document/Sect/Table/TR[5]/TD", "attributes": {"BBox": [32.398699999999735, 611.4889999999723, 355.0659999999916, 625.8889999999956], "BackgroundColor": [0.8000029999999754, 0.9333339999999737, 1], "BlockAlign": "Middle", "ColIndex": 0, "Height": 14.375, "InlineAlign": "Start", "RowIndex": 4, "Width": 322.625}}, {"Bounds": [38.121795654296875, 613.4029388427734, 94.07588195800781, 620.9469909667969], "ClipBounds": [38.121795654296875, 613.4029388427734, 94.07588195800781, 620.9469909667969], "Font": {"alt_family_name": "Liberation Sans", "embedded": true, "encoding": "Identity-H", "family_name": "Liberation Sans", "font_type": "CIDFontType2", "italic": false, "monospaced": false, "name": "LiberationSans", "subset": false, "weight": 400}, "HasClip": true, "Lang": "en", "Page": 0, "Path": "//Document/Sect/Table/TR[5]/TD/P", "Text": "Total Global Pension ", "TextSize": 5.8800048828125, "attributes": {"LineHeight": 7}}, {"Bounds": [360.985595703125, 614.4720458984375, 421.55076599121094, 622.0160827636719], "ClipBounds": [360.985595703125, 614.4720458984375, 421.55076599121094, 622.0160827636719], "Page": 0, "Path": "//Document/Sect/Table/TR[5]/TD[2]", "attributes": {"BBox": [355.0659999999916, 611.4889999999723, 427.18299999999, 625.8889999999956], "BackgroundColor": [0.8000029999999754, 0.9333339999999737, 1], "BlockAlign": "Middle", "ColIndex": 1, "Height": 14.375, "InlineAlign": "End", "RowIndex": 4, "Width": 72.125}}, {"Bounds": [360.985595703125, 614.4720458984375, 421.55076599121094, 622.0160827636719], "ClipBounds": [360.985595703125, 614.4720458984375, 421.55076599121094, 622.0160827636719], "Font": {"alt_family_name": "Liberation Sans", "embedded": true, "encoding": "Identity-H", "family_name": "Liberation Sans", "font_type": "CIDFontType2", "italic": false, "monospaced": false, "name": "LiberationSans", "subset": false, "weight": 400}, "HasClip": true, "Lang": "en", "Page": 0, "Path": "//Document/Sect/Table/TR[5]/TD[2]/P", "Text": "$ (0.3) ", "TextSize": 5.8800048828125, "attributes": {"LineHeight": 7}}, {"Bounds": [431.0106964111328, 614.4720458984375, 491.57586669921875, 622.0160827636719], "ClipBounds": [431.0106964111328, 614.4720458984375, 491.57586669921875, 622.0160827636719], "Page": 0, "Path": "//Document/Sect/Table/TR[5]/TD[3]", "attributes": {"BBox": [427.18299999999, 610.4089999999851, 497.7399999999907, 626.2489999999816], "BackgroundColor": [0.8000029999999754, 0.9333339999999737, 1], "BlockAlign": "Middle", "BorderColor": [[0.0274505999999998, 0.0313720999999986, 0.0313720999999986], [0.0117644999999999, 0.0117644999999999, 0.0117644999999999], null, null], "BorderStyle": ["Solid", "Solid", "None", "None"], "BorderThickness": [0.25, 1.125, 0, 0], "ColIndex": 2, "Height": 15.875, "InlineAlign": "End", "RowIndex": 4, "Width": 70.375}}, {"Bounds": [431.0106964111328, 614.4720458984375, 491.57586669921875, 622.0160827636719], "ClipBounds": [431.0106964111328, 614.4720458984375, 491.57586669921875, 622.0160827636719], "Font": {"alt_family_name": "Liberation Sans", "embedded": true, "encoding": "Identity-H", "family_name": "Liberation Sans", "font_type": "CIDFontType2", "italic": false, "monospaced": false, "name": "LiberationSans", "subset": false, "weight": 400}, "HasClip": true, "Lang": "en", "Page": 0, "Path": "//Document/Sect/Table/TR[5]/TD[3]/P", "Text": "$ (0.2) ", "TextSize": 5.8800048828125, "attributes": {"LineHeight": 7}}, {"Bounds": [501.03578186035156, 614.4720458984375, 560.3614654541016, 622.0160827636719], "ClipBounds": [501.03578186035156, 614.4720458984375, 560.3614654541016, 622.0160827636719], "Page": 0, "Path": "//Document/Sect/Table/TR[5]/TD[4]", "attributes": {"BBox": [497.7399999999907, 610.4089999999851, 564.3369999999995, 626.2489999999816], "BackgroundColor": [0.8000029999999754, 0.9333339999999737, 1], "BlockAlign": "Middle", "BorderColor": [[0.0274505999999998, 0.0313720999999986, 0.0313720999999986], [0.0117644999999999, 0.0117644999999999, 0.0117644999999999], null, [0.7137299999999982, 0.83137499999998, 0.890197999999998]], "BorderStyle": ["Solid", "Solid", "None", "Solid"], "BorderThickness": [0.25, 1.125, 0, 1.75], "ColIndex": 3, "Height": 15.875, "InlineAlign": "End", "RowIndex": 4, "Width": 66.625}}, {"Bounds": [501.03578186035156, 614.4720458984375, 560.3614654541016, 622.0160827636719], "ClipBounds": [501.03578186035156, 614.4720458984375, 560.3614654541016, 622.0160827636719], "Font": {"alt_family_name": "Liberation Sans", "embedded": true, "encoding": "Identity-H", "family_name": "Liberation Sans", "font_type": "CIDFontType2", "italic": false, "monospaced": false, "name": "LiberationSans", "subset": false, "weight": 400}, "HasClip": true, "Lang": "en", "Page": 0, "Path": "//Document/Sect/Table/TR[5]/TD[4]/P", "Text": "$ 0.1 ", "TextSize": 5.8800048828125, "attributes": {"LineHeight": 7}}, {"Bounds": [33.31089782714844, 592.5558471679688, 152.22401428222656, 600.0998840332031], "ClipBounds": [33.31089782714844, 592.5558471679688, 152.22401428222656, 600.0998840332031], "Page": 0, "Path": "//Document/Sect/Table/TR[6]/TD", "attributes": {"BBox": [32.398699999999735, 589.8899999999849, 562.5369999999821, 611.6089999999967], "BlockAlign": "After", "BorderColor": [[0.8000029999999754, 0.9333339999999737, 1], [0.8000029999999754, 0.9333339999999737, 1], null, null], "BorderStyle": ["Solid", "Solid", "None", "None"], "ColIndex": 0, "ColSpan": 4, "Height": 21.75, "InlineAlign": "Start", "RowIndex": 5, "Width": 530.125}}, {"Bounds": [33.31089782714844, 592.5558471679688, 152.22401428222656, 600.0998840332031], "ClipBounds": [33.31089782714844, 592.5558471679688, 152.22401428222656, 600.0998840332031], "Font": {"alt_family_name": "Liberation Sans", "embedded": true, "encoding": "Identity-H", "family_name": "Liberation Sans", "font_type": "CIDFontType2", "italic": false, "monospaced": false, "name": "LiberationSans", "subset": false, "weight": 400}, "HasClip": true, "Lang": "en", "Page": 0, "Path": "//Document/Sect/Table/TR[6]/TD/P", "Text": "Year-End Discount Rate (Weighted Average) ", "TextSize": 5.8800048828125, "attributes": {"LineHeight": 7}}, {"Bounds": [33.31089782714844, 580.2613525390625, 62.49687194824219, 587.8053894042969], "ClipBounds": [33.31089782714844, 580.2613525390625, 62.49687194824219, 587.8053894042969], "Page": 0, "Path": "//Document/Sect/Table/TR[7]/TD", "attributes": {"BBox": [32.398699999999735, 579.0909999999858, 355.0659999999916, 589.8899999999849], "BackgroundColor": [0.8000029999999754, 0.9333339999999737, 1], "BlockAlign": "Middle", "ColIndex": 0, "Height": 10.75, "InlineAlign": "Start", "RowIndex": 6, "Width": 322.625}}, {"Bounds": [33.31089782714844, 580.2613525390625, 62.49687194824219, 587.8053894042969], "ClipBounds": [33.31089782714844, 580.2613525390625, 62.49687194824219, 587.8053894042969], "Font": {"alt_family_name": "Liberation Sans", "embedded": true, "encoding": "Identity-H", "family_name": "Liberation Sans", "font_type": "CIDFontType2", "italic": false, "monospaced": false, "name": "LiberationSans", "subset": false, "weight": 400}, "HasClip": true, "Lang": "en", "Page": 0, "Path": "//Document/Sect/Table/TR[7]/TD/P", "Text": "U.S. Plans ", "TextSize": 5.8800048828125, "attributes": {"LineHeight": 7}}, {"Bounds": [407.49078369140625, 580.2613525390625, 426.97711181640625, 587.8053894042969], "ClipBounds": [407.49078369140625, 580.2613525390625, 426.97711181640625, 587.8053894042969], "Page": 0, "Path": "//Document/Sect/Table/TR[7]/TD[2]", "attributes": {"BBox": [355.0659999999916, 579.0909999999858, 427.18299999999, 589.8899999999849], "BackgroundColor": [0.8000029999999754, 0.9333339999999737, 1], "BlockAlign": "Middle", "ColIndex": 1, "Height": 10.75, "InlineAlign": "End", "RowIndex": 6, "Width": 72.125}}, {"Bounds": [407.49078369140625, 580.2613525390625, 426.97711181640625, 587.8053894042969], "ClipBounds": [407.49078369140625, 580.2613525390625, 426.97711181640625, 587.8053894042969], "Font": {"alt_family_name": "Liberation Sans", "embedded": true, "encoding": "Identity-H", "family_name": "Liberation Sans", "font_type": "CIDFontType2", "italic": false, "monospaced": false, "name": "LiberationSans", "subset": false, "weight": 400}, "HasClip": true, "Lang": "en", "Page": 0, "Path": "//Document/Sect/Table/TR[7]/TD[2]/P", "Text": "2.91 % ", "TextSize": 5.8800048828125, "attributes": {"LineHeight": 7}}, {"Bounds": [477.51588439941406, 580.2613525390625, 497.00221252441406, 587.8053894042969], "ClipBounds": [477.51588439941406, 580.2613525390625, 497.00221252441406, 587.8053894042969], "Page": 0, "Path": "//Document/Sect/Table/TR[7]/TD[3]", "attributes": {"BBox": [427.18299999999, 579.0909999999858, 497.7399999999907, 589.8899999999849], "BackgroundColor": [0.8000029999999754, 0.9333339999999737, 1], "BlockAlign": "Middle", "ColIndex": 2, "Height": 10.75, "InlineAlign": "End", "RowIndex": 6, "Width": 70.375}}, {"Bounds": [477.51588439941406, 580.2613525390625, 497.00221252441406, 587.8053894042969], "ClipBounds": [477.51588439941406, 580.2613525390625, 497.00221252441406, 587.8053894042969], "Font": {"alt_family_name": "Liberation Sans", "embedded": true, "encoding": "Identity-H", "family_name": "Liberation Sans", "font_type": "CIDFontType2", "italic": false, "monospaced": false, "name": "LiberationSans", "subset": false, "weight": 400}, "HasClip": true, "Lang": "en", "Page": 0, "Path": "//Document/Sect/Table/TR[7]/TD[3]/P", "Text": "5.51 % ", "TextSize": 5.8800048828125, "attributes": {"LineHeight": 7}}, {"Bounds": [537.3846893310547, 580.2613525390625, 562.9850311279297, 587.8053894042969], "ClipBounds": [537.3846893310547, 580.2613525390625, 562.9850311279297, 587.8053894042969], "Page": 0, "Path": "//Document/Sect/Table/TR[7]/TD[4]", "attributes": {"BBox": [497.7399999999907, 579.0909999999858, 562.5369999999821, 589.8899999999849], "BackgroundColor": [0.8000029999999754, 0.9333339999999737, 1], "BlockAlign": "Middle", "ColIndex": 3, "Height": 10.75, "InlineAlign": "End", "RowIndex": 6, "Width": 64.75}}, {"Bounds": [537.3846893310547, 580.2613525390625, 562.9850311279297, 587.8053894042969], "ClipBounds": [537.3846893310547, 580.2613525390625, 562.9850311279297, 587.8053894042969], "Font": {"alt_family_name": "Liberation Sans", "embedded": true, "encoding": "Identity-H", "family_name": "Liberation Sans", "font_type": "CIDFontType2", "italic": false, "monospaced": false, "name": "LiberationSans", "subset": false, "weight": 400}, "HasClip": true, "Lang": "en", "Page": 0, "Path": "//Document/Sect/Table/TR[7]/TD[4]/P", "Text": "2.60 ppts ", "TextSize": 5.8800048828125, "attributes": {"LineHeight": 7}}, {"Bounds": [33.31089782714844, 567.9668426513672, 75.22706604003906, 575.5108795166016], "ClipBounds": [33.31089782714844, 567.9668426513672, 75.22706604003906, 575.5108795166016], "Page": 0, "Path": "//Document/Sect/Table/TR[8]/TD", "attributes": {"BBox": [32.398699999999735, 566.130999999994, 355.0659999999916, 579.2109999999811], "BackgroundColor": [1, 1, 1], "BlockAlign": "Middle", "BorderColor": [[0.8000029999999754, 0.9333339999999737, 1], null, null, null], "BorderStyle": ["Solid", "None", "None", "None"], "ColIndex": 0, "Height": 13.125, "InlineAlign": "Start", "RowIndex": 7, "Width": 322.625}}, {"Bounds": [33.31089782714844, 567.9668426513672, 75.22706604003906, 575.5108795166016], "ClipBounds": [33.31089782714844, 567.9668426513672, 75.22706604003906, 575.5108795166016], "Font": {"alt_family_name": "Liberation Sans", "embedded": true, "encoding": "Identity-H", "family_name": "Liberation Sans", "font_type": "CIDFontType2", "italic": false, "monospaced": false, "name": "LiberationSans", "subset": false, "weight": 400}, "HasClip": true, "Lang": "en", "Page": 0, "Path": "//Document/Sect/Table/TR[8]/TD/P", "Text": "Non-U.S. Plans ", "TextSize": 5.8800048828125, "attributes": {"LineHeight": 7}}, {"Bounds": [407.49078369140625, 567.9668426513672, 426.97711181640625, 575.5108795166016], "ClipBounds": [407.49078369140625, 567.9668426513672, 426.97711181640625, 575.5108795166016], "Page": 0, "Path": "//Document/Sect/Table/TR[8]/TD[2]", "attributes": {"BBox": [355.0659999999916, 566.130999999994, 427.18299999999, 579.2109999999811], "BackgroundColor": [1, 1, 1], "BlockAlign": "Middle", "BorderColor": [[0.8000029999999754, 0.9333339999999737, 1], null, null, null], "BorderStyle": ["Solid", "None", "None", "None"], "ColIndex": 1, "Height": 13.125, "InlineAlign": "End", "RowIndex": 7, "Width": 72.125}}, {"Bounds": [407.49078369140625, 567.9668426513672, 426.97711181640625, 575.5108795166016], "ClipBounds": [407.49078369140625, 567.9668426513672, 426.97711181640625, 575.5108795166016], "Font": {"alt_family_name": "Liberation Sans", "embedded": true, "encoding": "Identity-H", "family_name": "Liberation Sans", "font_type": "CIDFontType2", "italic": false, "monospaced": false, "name": "LiberationSans", "subset": false, "weight": 400}, "HasClip": true, "Lang": "en", "Page": 0, "Path": "//Document/Sect/Table/TR[8]/TD[2]/P", "Text": "1.75 % ", "TextSize": 5.8800048828125, "attributes": {"LineHeight": 7}}, {"Bounds": [477.51588439941406, 567.9668426513672, 497.00221252441406, 575.5108795166016], "ClipBounds": [477.51588439941406, 567.9668426513672, 497.00221252441406, 575.5108795166016], "Page": 0, "Path": "//Document/Sect/Table/TR[8]/TD[3]", "attributes": {"BBox": [427.18299999999, 566.130999999994, 497.7399999999907, 579.2109999999811], "BackgroundColor": [1, 1, 1], "BlockAlign": "Middle", "BorderColor": [[0.8000029999999754, 0.9333339999999737, 1], null, null, null], "BorderStyle": ["Solid", "None", "None", "None"], "ColIndex": 2, "Height": 13.125, "InlineAlign": "End", "RowIndex": 7, "Width": 70.375}}, {"Bounds": [477.51588439941406, 567.9668426513672, 497.00221252441406, 575.5108795166016], "ClipBounds": [477.51588439941406, 567.9668426513672, 497.00221252441406, 575.5108795166016], "Font": {"alt_family_name": "Liberation Sans", "embedded": true, "encoding": "Identity-H", "family_name": "Liberation Sans", "font_type": "CIDFontType2", "italic": false, "monospaced": false, "name": "LiberationSans", "subset": false, "weight": 400}, "HasClip": true, "Lang": "en", "Page": 0, "Path": "//Document/Sect/Table/TR[8]/TD[3]/P", "Text": "4.42 % ", "TextSize": 5.8800048828125, "attributes": {"LineHeight": 7}}, {"Bounds": [537.3846893310547, 567.9668426513672, 562.9850311279297, 575.5108795166016], "ClipBounds": [537.3846893310547, 567.9668426513672, 562.9850311279297, 575.5108795166016], "Page": 0, "Path": "//Document/Sect/Table/TR[8]/TD[4]", "attributes": {"BBox": [497.7399999999907, 566.130999999994, 562.5369999999821, 579.2109999999811], "BackgroundColor": [1, 1, 1], "BlockAlign": "Middle", "BorderColor": [[0.8000029999999754, 0.9333339999999737, 1], null, null, null], "BorderStyle": ["Solid", "None", "None", "None"], "ColIndex": 3, "Height": 13.125, "InlineAlign": "End", "RowIndex": 7, "Width": 64.75}}, {"Bounds": [537.3846893310547, 567.9668426513672, 562.9850311279297, 575.5108795166016], "ClipBounds": [537.3846893310547, 567.9668426513672, 562.9850311279297, 575.5108795166016], "Font": {"alt_family_name": "Liberation Sans", "embedded": true, "encoding": "Identity-H", "family_name": "Liberation Sans", "font_type": "CIDFontType2", "italic": false, "monospaced": false, "name": "LiberationSans", "subset": false, "weight": 400}, "HasClip": true, "Lang": "en", "Page": 0, "Path": "//Document/Sect/Table/TR[8]/TD[4]/P", "Text": "2.67 ppts ", "TextSize": 5.8800048828125, "attributes": {"LineHeight": 7}}, {"Bounds": [33.31089782714844, 547.1196441650391, 89.59542846679688, 554.6636810302734], "ClipBounds": [33.31089782714844, 547.1196441650391, 89.59542846679688, 554.6636810302734], "Page": 0, "Path": "//Document/Sect/Table/TR[9]/TD", "attributes": {"BBox": [32.398699999999735, 545.9719999999797, 562.5369999999821, 566.130999999994], "BlockAlign": "After", "BorderColor": [null, [0.8000029999999754, 0.9333339999999737, 1], null, null], "BorderStyle": ["None", "Solid", "None", "None"], "ColIndex": 0, "ColSpan": 4, "Height": 20.125, "InlineAlign": "Start", "RowIndex": 8, "Width": 530.125}}, {"Bounds": [33.31089782714844, 547.1196441650391, 89.59542846679688, 554.6636810302734], "ClipBounds": [33.31089782714844, 547.1196441650391, 89.59542846679688, 554.6636810302734], "Font": {"alt_family_name": "Liberation Sans", "embedded": true, "encoding": "Identity-H", "family_name": "Liberation Sans", "font_type": "CIDFontType2", "italic": false, "monospaced": false, "name": "LiberationSans", "subset": false, "weight": 400}, "HasClip": true, "Lang": "en", "Page": 0, "Path": "//Document/Sect/Table/TR[9]/TD/P", "Text": "Actual Asset Returns ", "TextSize": 5.8800048828125, "attributes": {"LineHeight": 7}}, {"Bounds": [33.31089782714844, 534.8251495361328, 62.49687194824219, 542.3691864013672], "ClipBounds": [33.31089782714844, 534.8251495361328, 62.49687194824219, 542.3691864013672], "Page": 0, "Path": "//Document/Sect/Table/TR[10]/TD", "attributes": {"BBox": [32.398699999999735, 533.0129999999772, 355.0659999999916, 545.9719999999797], "BackgroundColor": [0.8000029999999754, 0.9333339999999737, 1], "BlockAlign": "Middle", "ColIndex": 0, "Height": 13, "InlineAlign": "Start", "RowIndex": 9, "Width": 322.625}}, {"Bounds": [33.31089782714844, 534.8251495361328, 62.49687194824219, 542.3691864013672], "ClipBounds": [33.31089782714844, 534.8251495361328, 62.49687194824219, 542.3691864013672], "Font": {"alt_family_name": "Liberation Sans", "embedded": true, "encoding": "Identity-H", "family_name": "Liberation Sans", "font_type": "CIDFontType2", "italic": false, "monospaced": false, "name": "LiberationSans", "subset": false, "weight": 400}, "HasClip": true, "Lang": "en", "Page": 0, "Path": "//Document/Sect/Table/TR[10]/TD/P", "Text": "U.S. Plans ", "TextSize": 5.8800048828125, "attributes": {"LineHeight": 7}}, {"Bounds": [407.49078369140625, 534.8251495361328, 426.97711181640625, 542.3691864013672], "ClipBounds": [407.49078369140625, 534.8251495361328, 426.97711181640625, 542.3691864013672], "Page": 0, "Path": "//Document/Sect/Table/TR[10]/TD[2]", "attributes": {"BBox": [355.0659999999916, 533.0129999999772, 427.18299999999, 545.9719999999797], "BackgroundColor": [0.8000029999999754, 0.9333339999999737, 1], "BlockAlign": "Middle", "ColIndex": 1, "Height": 13, "InlineAlign": "End", "RowIndex": 9, "Width": 72.125}}, {"Bounds": [407.49078369140625, 534.8251495361328, 426.97711181640625, 542.3691864013672], "ClipBounds": [407.49078369140625, 534.8251495361328, 426.97711181640625, 542.3691864013672], "Font": {"alt_family_name": "Liberation Sans", "embedded": true, "encoding": "Identity-H", "family_name": "Liberation Sans", "font_type": "CIDFontType2", "italic": false, "monospaced": false, "name": "LiberationSans", "subset": false, "weight": 400}, "HasClip": true, "Lang": "en", "Page": 0, "Path": "//Document/Sect/Table/TR[10]/TD[2]/P", "Text": "2.82 % ", "TextSize": 5.8800048828125, "attributes": {"LineHeight": 7}}, {"Bounds": [471.6358947753906, 534.8251495361328, 497.00103759765625, 542.3691864013672], "ClipBounds": [471.6358947753906, 534.8251495361328, 497.00103759765625, 542.3691864013672], "Page": 0, "Path": "//Document/Sect/Table/TR[10]/TD[3]", "attributes": {"BBox": [427.18299999999, 533.0129999999772, 497.7399999999907, 545.9719999999797], "BackgroundColor": [0.8000029999999754, 0.9333339999999737, 1], "BlockAlign": "Middle", "ColIndex": 2, "Height": 13, "InlineAlign": "End", "RowIndex": 9, "Width": 70.375}}, {"Bounds": [471.6358947753906, 534.8251495361328, 497.00103759765625, 542.3691864013672], "ClipBounds": [471.6358947753906, 534.8251495361328, 497.00103759765625, 542.3691864013672], "Font": {"alt_family_name": "Liberation Sans", "embedded": true, "encoding": "Identity-H", "family_name": "Liberation Sans", "font_type": "CIDFontType2", "italic": false, "monospaced": false, "name": "LiberationSans", "subset": false, "weight": 400}, "HasClip": true, "Lang": "en", "Page": 0, "Path": "//Document/Sect/Table/TR[10]/TD[3]/P", "Text": "(21.20)% ", "TextSize": 5.8800048828125, "attributes": {"LineHeight": 7}}, {"Bounds": [529.9010925292969, 534.8251495361328, 562.6750335693359, 542.3691864013672], "ClipBounds": [529.9010925292969, 534.8251495361328, 562.6750335693359, 542.3691864013672], "Page": 0, "Path": "//Document/Sect/Table/TR[10]/TD[4]", "attributes": {"BBox": [497.7399999999907, 533.0129999999772, 562.5369999999821, 545.9719999999797], "BackgroundColor": [0.8000029999999754, 0.9333339999999737, 1], "BlockAlign": "Middle", "ColIndex": 3, "Height": 13, "InlineAlign": "End", "RowIndex": 9, "Width": 64.75}}, {"Bounds": [529.9010925292969, 534.8251495361328, 562.6750335693359, 542.3691864013672], "ClipBounds": [529.9010925292969, 534.8251495361328, 562.6750335693359, 542.3691864013672], "Font": {"alt_family_name": "Liberation Sans", "embedded": true, "encoding": "Identity-H", "family_name": "Liberation Sans", "font_type": "CIDFontType2", "italic": false, "monospaced": false, "name": "LiberationSans", "subset": false, "weight": 400}, "HasClip": true, "Lang": "en", "Page": 0, "Path": "//Document/Sect/Table/TR[10]/TD[4]/P", "Text": "(24.02) ppts ", "TextSize": 5.8800048828125, "attributes": {"LineHeight": 7}}, {"Bounds": [33.31089782714844, 522.5307464599609, 75.22706604003906, 530.0747833251953], "ClipBounds": [33.31089782714844, 522.5307464599609, 75.22706604003906, 530.0747833251953], "Page": 0, "Path": "//Document/Sect/Table/TR[11]/TD", "attributes": {"BBox": [32.398699999999735, 521.4929999999877, 355.0659999999916, 533.1329999999725], "BackgroundColor": [1, 1, 1], "BlockAlign": "Middle", "BorderColor": [[0.8000029999999754, 0.9333339999999737, 1], null, null, null], "BorderStyle": ["Solid", "None", "None", "None"], "ColIndex": 0, "Height": 11.625, "InlineAlign": "Start", "RowIndex": 10, "Width": 322.625}}, {"Bounds": [33.31089782714844, 522.5307464599609, 75.22706604003906, 530.0747833251953], "ClipBounds": [33.31089782714844, 522.5307464599609, 75.22706604003906, 530.0747833251953], "Font": {"alt_family_name": "Liberation Sans", "embedded": true, "encoding": "Identity-H", "family_name": "Liberation Sans", "font_type": "CIDFontType2", "italic": false, "monospaced": false, "name": "LiberationSans", "subset": false, "weight": 400}, "HasClip": true, "Lang": "en", "Page": 0, "Path": "//Document/Sect/Table/TR[11]/TD/P", "Text": "Non-U.S. Plans ", "TextSize": 5.8800048828125, "attributes": {"LineHeight": 7}}, {"Bounds": [407.49078369140625, 522.5307464599609, 426.97711181640625, 530.0747833251953], "ClipBounds": [407.49078369140625, 522.5307464599609, 426.97711181640625, 530.0747833251953], "Page": 0, "Path": "//Document/Sect/Table/TR[11]/TD[2]", "attributes": {"BBox": [355.0659999999916, 521.4929999999877, 427.18299999999, 533.1329999999725], "BackgroundColor": [1, 1, 1], "BlockAlign": "Middle", "BorderColor": [[0.8000029999999754, 0.9333339999999737, 1], null, null, null], "BorderStyle": ["Solid", "None", "None", "None"], "ColIndex": 1, "Height": 11.625, "InlineAlign": "End", "RowIndex": 10, "Width": 72.125}}, {"Bounds": [407.49078369140625, 522.5307464599609, 426.97711181640625, 530.0747833251953], "ClipBounds": [407.49078369140625, 522.5307464599609, 426.97711181640625, 530.0747833251953], "Font": {"alt_family_name": "Liberation Sans", "embedded": true, "encoding": "Identity-H", "family_name": "Liberation Sans", "font_type": "CIDFontType2", "italic": false, "monospaced": false, "name": "LiberationSans", "subset": false, "weight": 400}, "HasClip": true, "Lang": "en", "Page": 0, "Path": "//Document/Sect/Table/TR[11]/TD[2]/P", "Text": "2.69 % ", "TextSize": 5.8800048828125, "attributes": {"LineHeight": 7}}, {"Bounds": [471.6358947753906, 522.5307464599609, 497.0010528564453, 530.0747833251953], "ClipBounds": [471.6358947753906, 522.5307464599609, 497.0010528564453, 530.0747833251953], "Page": 0, "Path": "//Document/Sect/Table/TR[11]/TD[3]", "attributes": {"BBox": [427.18299999999, 521.4929999999877, 497.7399999999907, 533.1329999999725], "BackgroundColor": [1, 1, 1], "BlockAlign": "Middle", "BorderColor": [[0.8000029999999754, 0.9333339999999737, 1], null, null, null], "BorderStyle": ["Solid", "None", "None", "None"], "ColIndex": 2, "Height": 11.625, "InlineAlign": "End", "RowIndex": 10, "Width": 70.375}}, {"Bounds": [471.6358947753906, 522.5307464599609, 497.0010528564453, 530.0747833251953], "ClipBounds": [471.6358947753906, 522.5307464599609, 497.0010528564453, 530.0747833251953], "Font": {"alt_family_name": "Liberation Sans", "embedded": true, "encoding": "Identity-H", "family_name": "Liberation Sans", "font_type": "CIDFontType2", "italic": false, "monospaced": false, "name": "LiberationSans", "subset": false, "weight": 400}, "HasClip": true, "Lang": "en", "Page": 0, "Path": "//Document/Sect/Table/TR[11]/TD[3]/P", "Text": "(25.40)% ", "TextSize": 5.8800048828125, "attributes": {"LineHeight": 7}}, {"Bounds": [529.9010925292969, 522.5307464599609, 562.6750335693359, 530.0747833251953], "ClipBounds": [529.9010925292969, 522.5307464599609, 562.6750335693359, 530.0747833251953], "Page": 0, "Path": "//Document/Sect/Table/TR[11]/TD[4]", "attributes": {"BBox": [497.7399999999907, 521.4929999999877, 562.5369999999821, 533.1329999999725], "BackgroundColor": [1, 1, 1], "BlockAlign": "Middle", "BorderColor": [[0.8000029999999754, 0.9333339999999737, 1], null, null, null], "BorderStyle": ["Solid", "None", "None", "None"], "ColIndex": 3, "Height": 11.625, "InlineAlign": "End", "RowIndex": 10, "Width": 64.75}}, {"Bounds": [529.9010925292969, 522.5307464599609, 562.6750335693359, 530.0747833251953], "ClipBounds": [529.9010925292969, 522.5307464599609, 562.6750335693359, 530.0747833251953], "Font": {"alt_family_name": "Liberation Sans", "embedded": true, "encoding": "Identity-H", "family_name": "Liberation Sans", "font_type": "CIDFontType2", "italic": false, "monospaced": false, "name": "LiberationSans", "subset": false, "weight": 400}, "HasClip": true, "Lang": "en", "Page": 0, "Path": "//Document/Sect/Table/TR[11]/TD[4]/P", "Text": "(28.09) ppts ", "TextSize": 5.8800048828125, "attributes": {"LineHeight": 7}}, {"Bounds": [33.31089782714844, 501.6835479736328, 123.9271240234375, 509.2275848388672], "ClipBounds": [33.31089782714844, 501.6835479736328, 123.9271240234375, 509.2275848388672], "Page": 0, "Path": "//Document/Sect/Table/TR[12]/TD", "attributes": {"BBox": [32.398699999999735, 499.8939999999857, 562.5369999999821, 521.4929999999877], "BlockAlign": "After", "BorderColor": [null, [0.8000029999999754, 0.9333339999999737, 1], null, null], "BorderStyle": ["None", "Solid", "None", "None"], "ColIndex": 0, "ColSpan": 4, "Height": 21.625, "InlineAlign": "Start", "RowIndex": 11, "Width": 530.125}}, {"Bounds": [33.31089782714844, 501.6835479736328, 123.9271240234375, 509.2275848388672], "ClipBounds": [33.31089782714844, 501.6835479736328, 123.9271240234375, 509.2275848388672], "Font": {"alt_family_name": "Liberation Sans", "embedded": true, "encoding": "Identity-H", "family_name": "Liberation Sans", "font_type": "CIDFontType2", "italic": false, "monospaced": false, "name": "LiberationSans", "subset": false, "weight": 400}, "HasClip": true, "Lang": "en", "Page": 0, "Path": "//Document/Sect/Table/TR[12]/TD/P", "Text": "Pension - Funded Plans Only ($B) ", "TextSize": 5.8800048828125, "attributes": {"LineHeight": 7}}, {"Bounds": [33.31089782714844, 489.38905334472656, 72.953857421875, 496.93309020996094], "ClipBounds": [33.31089782714844, 489.38905334472656, 72.953857421875, 496.93309020996094], "Page": 0, "Path": "//Document/Sect/Table/TR[13]/TD", "attributes": {"BBox": [32.398699999999735, 488.37399999999616, 355.0659999999916, 499.8939999999857], "BackgroundColor": [0.8000029999999754, 0.9333339999999737, 1], "BlockAlign": "Middle", "ColIndex": 0, "Height": 11.5, "InlineAlign": "Start", "RowIndex": 12, "Width": 322.625}}, {"Bounds": [33.31089782714844, 489.38905334472656, 72.953857421875, 496.93309020996094], "ClipBounds": [33.31089782714844, 489.38905334472656, 72.953857421875, 496.93309020996094], "Font": {"alt_family_name": "Liberation Sans", "embedded": true, "encoding": "Identity-H", "family_name": "Liberation Sans", "font_type": "CIDFontType2", "italic": false, "monospaced": false, "name": "LiberationSans", "subset": false, "weight": 400}, "HasClip": true, "Lang": "en", "Page": 0, "Path": "//Document/Sect/Table/TR[13]/TD/P", "Text": "Funded Status ", "TextSize": 5.8800048828125, "attributes": {"LineHeight": 7}}, {"Bounds": [360.985595703125, 489.38905334472656, 420.31126403808594, 496.93309020996094], "ClipBounds": [360.985595703125, 489.38905334472656, 420.31126403808594, 496.93309020996094], "Page": 0, "Path": "//Document/Sect/Table/TR[13]/TD[2]", "attributes": {"BBox": [355.0659999999916, 488.37399999999616, 427.18299999999, 499.8939999999857], "BackgroundColor": [0.8000029999999754, 0.9333339999999737, 1], "BlockAlign": "Middle", "ColIndex": 1, "Height": 11.5, "InlineAlign": "End", "RowIndex": 12, "Width": 72.125}}, {"Bounds": [360.985595703125, 489.38905334472656, 420.31126403808594, 496.93309020996094], "ClipBounds": [360.985595703125, 489.38905334472656, 420.31126403808594, 496.93309020996094], "Font": {"alt_family_name": "Liberation Sans", "embedded": true, "encoding": "Identity-H", "family_name": "Liberation Sans", "font_type": "CIDFontType2", "italic": false, "monospaced": false, "name": "LiberationSans", "subset": false, "weight": 400}, "HasClip": true, "Lang": "en", "Page": 0, "Path": "//Document/Sect/Table/TR[13]/TD[2]/P", "Text": "$ 5.8 ", "TextSize": 5.8800048828125, "attributes": {"LineHeight": 7}}, {"Bounds": [431.0106964111328, 489.38905334472656, 490.33636474609375, 496.93309020996094], "ClipBounds": [431.0106964111328, 489.38905334472656, 490.33636474609375, 496.93309020996094], "Page": 0, "Path": "//Document/Sect/Table/TR[13]/TD[3]", "attributes": {"BBox": [427.18299999999, 488.37399999999616, 497.7399999999907, 499.8939999999857], "BackgroundColor": [0.8000029999999754, 0.9333339999999737, 1], "BlockAlign": "Middle", "ColIndex": 2, "Height": 11.5, "InlineAlign": "End", "RowIndex": 12, "Width": 70.375}}, {"Bounds": [431.0106964111328, 489.38905334472656, 490.33636474609375, 496.93309020996094], "ClipBounds": [431.0106964111328, 489.38905334472656, 490.33636474609375, 496.93309020996094], "Font": {"alt_family_name": "Liberation Sans", "embedded": true, "encoding": "Identity-H", "family_name": "Liberation Sans", "font_type": "CIDFontType2", "italic": false, "monospaced": false, "name": "LiberationSans", "subset": false, "weight": 400}, "HasClip": true, "Lang": "en", "Page": 0, "Path": "//Document/Sect/Table/TR[13]/TD[3]/P", "Text": "$ 4.1 ", "TextSize": 5.8800048828125, "attributes": {"LineHeight": 7}}, {"Bounds": [501.03578186035156, 489.38905334472656, 561.6009674072266, 496.93309020996094], "ClipBounds": [501.03578186035156, 489.38905334472656, 561.6009674072266, 496.93309020996094], "Page": 0, "Path": "//Document/Sect/Table/TR[13]/TD[4]", "attributes": {"BBox": [497.7399999999907, 488.37399999999616, 562.5369999999821, 499.8939999999857], "BackgroundColor": [0.8000029999999754, 0.9333339999999737, 1], "BlockAlign": "Middle", "ColIndex": 3, "Height": 11.5, "InlineAlign": "End", "RowIndex": 12, "Width": 64.75}}, {"Bounds": [501.03578186035156, 489.38905334472656, 561.6009674072266, 496.93309020996094], "ClipBounds": [501.03578186035156, 489.38905334472656, 561.6009674072266, 496.93309020996094], "Font": {"alt_family_name": "Liberation Sans", "embedded": true, "encoding": "Identity-H", "family_name": "Liberation Sans", "font_type": "CIDFontType2", "italic": false, "monospaced": false, "name": "LiberationSans", "subset": false, "weight": 400}, "HasClip": true, "Lang": "en", "Page": 0, "Path": "//Document/Sect/Table/TR[13]/TD[4]/P", "Text": "$ (1.7) ", "TextSize": 5.8800048828125, "attributes": {"LineHeight": 7}}, {"Bounds": [33.31089782714844, 477.09454345703125, 115.70498657226562, 484.6385803222656], "ClipBounds": [33.31089782714844, 477.09454345703125, 115.70498657226562, 484.6385803222656], "Page": 0, "Path": "//Document/Sect/Table/TR[14]/TD", "attributes": {"BBox": [32.398699999999735, 475.4149999999936, 355.0659999999916, 488.4939999999915], "BackgroundColor": [1, 1, 1], "BlockAlign": "Middle", "BorderColor": [[0.8000029999999754, 0.9333339999999737, 1], null, null, null], "BorderStyle": ["Solid", "None", "None", "None"], "ColIndex": 0, "Height": 13.125, "InlineAlign": "Start", "RowIndex": 13, "Width": 322.625}}, {"Bounds": [33.31089782714844, 477.09454345703125, 115.70498657226562, 484.6385803222656], "ClipBounds": [33.31089782714844, 477.09454345703125, 115.70498657226562, 484.6385803222656], "Font": {"alt_family_name": "Liberation Sans", "embedded": true, "encoding": "Identity-H", "family_name": "Liberation Sans", "font_type": "CIDFontType2", "italic": false, "monospaced": false, "name": "LiberationSans", "subset": false, "weight": 400}, "HasClip": true, "Lang": "en", "Page": 0, "Path": "//Document/Sect/Table/TR[14]/TD/P", "Text": "Contributions for Funded Plans ", "TextSize": 5.8800048828125, "attributes": {"LineHeight": 7}}, {"Bounds": [410.6980895996094, 477.09454345703125, 420.30836486816406, 484.6385803222656], "ClipBounds": [410.6980895996094, 477.09454345703125, 420.30836486816406, 484.6385803222656], "Page": 0, "Path": "//Document/Sect/Table/TR[14]/TD[2]", "attributes": {"BBox": [355.0659999999916, 475.4149999999936, 427.18299999999, 488.4939999999915], "BackgroundColor": [1, 1, 1], "BlockAlign": "Middle", "BorderColor": [[0.8000029999999754, 0.9333339999999737, 1], null, null, null], "BorderStyle": ["Solid", "None", "None", "None"], "ColIndex": 1, "Height": 13.125, "InlineAlign": "End", "RowIndex": 13, "Width": 72.125}}, {"Bounds": [410.6980895996094, 477.09454345703125, 420.30836486816406, 484.6385803222656], "ClipBounds": [410.6980895996094, 477.09454345703125, 420.30836486816406, 484.6385803222656], "Font": {"alt_family_name": "Liberation Sans", "embedded": true, "encoding": "Identity-H", "family_name": "Liberation Sans", "font_type": "CIDFontType2", "italic": false, "monospaced": false, "name": "LiberationSans", "subset": false, "weight": 400}, "HasClip": true, "Lang": "en", "Page": 0, "Path": "//Document/Sect/Table/TR[14]/TD[2]/P", "Text": "0.8 ", "TextSize": 5.8800048828125, "attributes": {"LineHeight": 7}}, {"Bounds": [480.7231903076172, 477.09454345703125, 490.3334655761719, 484.6385803222656], "ClipBounds": [480.7231903076172, 477.09454345703125, 490.3334655761719, 484.6385803222656], "Page": 0, "Path": "//Document/Sect/Table/TR[14]/TD[3]", "attributes": {"BBox": [427.18299999999, 475.4149999999936, 497.7399999999907, 488.4939999999915], "BackgroundColor": [1, 1, 1], "BlockAlign": "Middle", "BorderColor": [[0.8000029999999754, 0.9333339999999737, 1], null, null, null], "BorderStyle": ["Solid", "None", "None", "None"], "ColIndex": 2, "Height": 13.125, "InlineAlign": "End", "RowIndex": 13, "Width": 70.375}}, {"Bounds": [480.7231903076172, 477.09454345703125, 490.3334655761719, 484.6385803222656], "ClipBounds": [480.7231903076172, 477.09454345703125, 490.3334655761719, 484.6385803222656], "Font": {"alt_family_name": "Liberation Sans", "embedded": true, "encoding": "Identity-H", "family_name": "Liberation Sans", "font_type": "CIDFontType2", "italic": false, "monospaced": false, "name": "LiberationSans", "subset": false, "weight": 400}, "HasClip": true, "Lang": "en", "Page": 0, "Path": "//Document/Sect/Table/TR[14]/TD[3]/P", "Text": "0.6 ", "TextSize": 5.8800048828125, "attributes": {"LineHeight": 7}}, {"Bounds": [548.0755920410156, 477.09454345703125, 561.6007690429688, 484.6385803222656], "ClipBounds": [548.0755920410156, 477.09454345703125, 561.6007690429688, 484.6385803222656], "Page": 0, "Path": "//Document/Sect/Table/TR[14]/TD[4]", "attributes": {"BBox": [497.7399999999907, 475.4149999999936, 562.5369999999821, 488.4939999999915], "BackgroundColor": [1, 1, 1], "BlockAlign": "Middle", "BorderColor": [[0.8000029999999754, 0.9333339999999737, 1], null, null, null], "BorderStyle": ["Solid", "None", "None", "None"], "ColIndex": 3, "Height": 13.125, "InlineAlign": "End", "RowIndex": 13, "Width": 64.75}}, {"Bounds": [548.0755920410156, 477.09454345703125, 561.6007690429688, 484.6385803222656], "ClipBounds": [548.0755920410156, 477.09454345703125, 561.6007690429688, 484.6385803222656], "Font": {"alt_family_name": "Liberation Sans", "embedded": true, "encoding": "Identity-H", "family_name": "Liberation Sans", "font_type": "CIDFontType2", "italic": false, "monospaced": false, "name": "LiberationSans", "subset": false, "weight": 400}, "HasClip": true, "Lang": "en", "Page": 0, "Path": "//Document/Sect/Table/TR[14]/TD[4]/P", "Text": "(0.2) ", "TextSize": 5.8800048828125, "attributes": {"LineHeight": 7}}, {"Bounds": [32.763458251953125, 421.7029571533203, 561.4739074707031, 461.097412109375], "ClipBounds": [32.763458251953125, 421.7029571533203, 561.4739074707031, 461.097412109375], "Font": {"alt_family_name": "Liberation Sans", "embedded": true, "encoding": "Identity-H", "family_name": "Liberation Sans", "font_type": "CIDFontType2", "italic": false, "monospaced": false, "name": "LiberationSans", "subset": false, "weight": 400}, "HasClip": true, "Lang": "en", "Page": 0, "Path": "//Document/Sect/P[3]", "Text": "Worldwide, our defined benefit pension plans were underfunded by $0.2 billion at December 31, 2022, an improvement of $0.1 billion from December 31, 2021, primarily reflecting the impact of higher discount rates mostly offset by negative asset performance. Of the $0.2 billion underfunded status at year-end 2022, our funded plans were $4.1 billion overfunded and our unfunded plans were $4.3 billion underfunded. These unfunded plans are \u201cpay as you go\u201d with benefits paid from Company cash and primarily include certain plans in Germany and U.S. defined benefit plans for senior management. ", "TextSize": 6.9490966796875, "attributes": {"SpaceAfter": 12}}, {"Bounds": [45.60539245605469, 401.4001159667969, 329.359375, 410.31581115722656], "ClipBounds": [45.60539245605469, 401.4001159667969, 329.359375, 410.31581115722656], "Font": {"alt_family_name": "Liberation Sans", "embedded": true, "encoding": "Identity-H", "family_name": "Liberation Sans", "font_type": "CIDFontType2", "italic": false, "monospaced": false, "name": "LiberationSans", "subset": false, "weight": 400}, "HasClip": true, "Lang": "en", "Page": 0, "Path": "//Document/Sect/P[4]", "Text": "The fixed income mix was 79% in both our U.S. plans and non-U.S. plans at year-end 2022. ", "TextSize": 6.9490966796875, "attributes": {"LineHeight": 8.375}}, {"Bounds": [32.77735900878906, 350.6087646484375, 560.7970733642578, 390.0032043457031], "ClipBounds": [32.77735900878906, 350.6087646484375, 560.7970733642578, 390.0032043457031], "Font": {"alt_family_name": "Liberation Sans", "embedded": true, "encoding": "Identity-H", "family_name": "Liberation Sans", "font_type": "CIDFontType2", "italic": false, "monospaced": false, "name": "LiberationSans", "subset": false, "weight": 400}, "HasClip": true, "Lang": "en", "Page": 0, "Path": "//Document/Sect/P[5]", "Text": "In 2022, we contributed $567 million to our global funded pension plans, a decrease of $206 million compared with 2021. During 2023, we expect to contribute between $500 million and $600 million of cash to our global funded pension plans. We also expect to make about $400 million of benefit payments to participants in unfunded plans. Based on current assumptions and regulations, we do not expect to have a legal requirement to fund our major U.S. plans in 2023. Our global funded plans remain fully funded in aggregate, demonstrating the effectiveness of our de-risking strategy and our commitment to a strong balance sheet. ", "TextSize": 6.9490966796875}, {"Bounds": [32.78431701660156, 320.1463317871094, 557.3461456298828, 339.2216033935547], "ClipBounds": [32.78431701660156, 320.1463317871094, 557.3461456298828, 339.2216033935547], "Font": {"alt_family_name": "Liberation Sans", "embedded": true, "encoding": "Identity-H", "family_name": "Liberation Sans", "font_type": "CIDFontType2", "italic": false, "monospaced": false, "name": "LiberationSans", "subset": false, "weight": 400}, "HasClip": true, "Lang": "en", "Page": 0, "Path": "//Document/Sect/P[6]", "Text": "For a detailed discussion of our pension plans, refer to the \u201cCritical Accounting Estimates - Pensions and Other Postretirement Employee Benefits\u201d section of Item 7 of Part II of our 2022 Form 10-K Report and Note 17 of the Notes to the Financial Statements. ", "TextSize": 6.9490966796875, "attributes": {"SpaceAfter": 17.375}}, {"Bounds": [293.63319396972656, 294.4916229248047, 303.06520080566406, 303.4073028564453], "ClipBounds": [293.63319396972656, 294.4916229248047, 303.06520080566406, 303.4073028564453], "Font": {"alt_family_name": "Liberation Sans", "embedded": true, "encoding": "Identity-H", "family_name": "Liberation Sans", "font_type": "CIDFontType2", "italic": false, "monospaced": false, "name": "LiberationSans", "subset": false, "weight": 400}, "HasClip": true, "Lang": "en", "Page": 0, "Path": "//Document/Sect/P[7]", "Text": "70 ", "TextSize": 6.9490966796875, "attributes": {"LineHeight": 8.375, "TextAlign": "Center"}}], "pages": [{"boxes": {"CropBox": [0.0, 0.0, 595.0, 842.0], "MediaBox": [0.0, 0.0, 595.0, 842.0]}, "height": 842.0, "is_scanned": false, "page_number": 0, "rotation": 0, "width": 595.0}]}