{"version": {"json_export": "193", "page_segmentation": "5", "schema": "1.1.0", "structure": "1.1074.0", "table_structure": "5"}, "extended_metadata": {"ID_instance": "D9 19 4F 9C DB B8 B2 11 0A 00 67 45 8B 6B C6 23 ", "ID_permanent": "37 32 20 38 42 20 34 43 20 39 43 20 44 42 20 42 38 20 42 32 20 31 31 20 30 41 20 30 30 20 36 37 20 34 35 20 38 42 20 36 42 20 43 36 20 32 33 20 ", "pdf_version": "1.6", "pdfa_compliance_level": "", "is_encrypted": false, "has_acroform": false, "is_digitally_signed": false, "pdfua_compliance_level": "", "page_count": 1, "has_embedded_files": false, "is_certified": false, "is_XFA": false, "language": "en"}, "elements": [{"Bounds": [32.77630615234375, 803.3762054443359, 368.9570770263672, 812.5281677246094], "ClipBounds": [32.77630615234375, 803.3762054443359, 368.9570770263672, 812.5281677246094], "Font": {"alt_family_name": "Liberation Sans", "embedded": true, "encoding": "Identity-H", "family_name": "Liberation Sans", "font_type": "CIDFontType2", "italic": true, "monospaced": false, "name": "LiberationSans-Italic", "subset": false, "weight": 400}, "HasClip": true, "Lang": "en", "Page": 0, "Path": "//Document/Sect/P", "Text": "Item 7. Management\u2019s Discussion and Analysis of Financial Condition and Results of Operations (Continued) ", "TextSize": 6.9490966796875, "attributes": {"LineHeight": 8.375, "SpaceAfter": 17.375}}, {"Bounds": [45.60539245605469, 777.2109222412109, 139.89773559570312, 787.002197265625], "ClipBounds": [45.60539245605469, 777.2109222412109, 139.89773559570312, 787.002197265625], "Font": {"alt_family_name": "Liberation Sans", "embedded": true, "encoding": "Identity-H", "family_name": "Liberation Sans", "font_type": "CIDFontType2", "italic": false, "monospaced": false, "name": "LiberationSans-Bold", "subset": false, "weight": 700}, "HasClip": true, "Lang": "en", "Page": 0, "Path": "//Document/Sect/Title", "Text": "International Markets Group ", "TextSize": 6.9490966796875, "attributes": {"LineHeight": 8.375, "SpaceAfter": 9.875}}, {"Bounds": [46.139892578125, 691.9807434082031, 562.9289245605469, 773.6033172607422], "ClipBounds": [46.139892578125, 691.9807434082031, 562.9289245605469, 773.6033172607422], "Page": 0, "Path": "//Document/Sect/Table", "attributes": {"BBox": [32.398699999999735, 689.9659999999858, 562.5369999999821, 772.1629999999714], "NumCol": 6, "NumRow": 7, "Placement": "Block", "SpaceAfter": 10}, "filePaths": ["tables/fileoutpart0.xlsx", "tables/fileoutpart1.png"]}, {"Path": "//Document/Sect/Table/TR/TD", "attributes": {"BBox": [32.398699999999735, 763.5229999999865, 306.1079999999929, 772.1629999999714], "BlockAlign": "Before", "ColIndex": 0, "Height": 8.625, "InlineAlign": "Start", "RowIndex": 0, "Width": 273.75}}, {"Bounds": [354.5710906982422, 765.3184051513672, 369.0841064453125, 773.6033172607422], "ClipBounds": [354.5710906982422, 765.3184051513672, 369.0841064453125, 773.6033172607422], "Page": 0, "Path": "//Document/Sect/Table/TR/TH", "attributes": {"BBox": [306.1079999999929, 763.1629999999714, 385.3039999999892, 772.1629999999714], "BlockAlign": "Before", "BorderColor": [null, [0, 0, 0], null, null], "BorderStyle": ["None", "Solid", "None", "None"], "BorderThickness": [0, 0.375, 0, 0], "ColIndex": 1, "Height": 9, "InlineAlign": "End", "RowIndex": 0, "Width": 79.25}}, {"Bounds": [354.5710906982422, 765.3184051513672, 369.0841064453125, 773.6033172607422], "ClipBounds": [354.5710906982422, 765.3184051513672, 369.0841064453125, 773.6033172607422], "Font": {"alt_family_name": "Liberation Sans", "embedded": true, "encoding": "Identity-H", "family_name": "Liberation Sans", "font_type": "CIDFontType2", "italic": false, "monospaced": false, "name": "LiberationSans-Bold", "subset": false, "weight": 700}, "HasClip": true, "Lang": "en", "Page": 0, "Path": "//Document/Sect/Table/TR/TH/P", "Text": "2020 ", "TextSize": 5.8800048828125, "attributes": {"LineHeight": 7}}, {"Path": "//Document/Sect/Table/TR/TH[2]", "attributes": {"BBox": [385.3039999999892, 763.1629999999714, 398.2639999999956, 772.1629999999714], "BlockAlign": "Before", "BorderColor": [null, [0, 0, 0], null, null], "BorderStyle": ["None", "Solid", "None", "None"], "BorderThickness": [0, 0.375, 0, 0], "ColIndex": 2, "Height": 9, "InlineAlign": "Start", "RowIndex": 0, "Width": 13}}, {"Bounds": [445.4432830810547, 765.3184051513672, 459.956298828125, 773.6033172607422], "ClipBounds": [445.4432830810547, 765.3184051513672, 459.956298828125, 773.6033172607422], "Page": 0, "Path": "//Document/Sect/Table/TR/TH[3]", "attributes": {"BBox": [398.2639999999956, 763.1629999999714, 470.38099999999395, 772.1629999999714], "BlockAlign": "Before", "BorderColor": [null, [0, 0, 0], null, null], "BorderStyle": ["None", "Solid", "None", "None"], "BorderThickness": [0, 0.375, 0, 0], "ColIndex": 3, "Height": 9, "InlineAlign": "End", "RowIndex": 0, "Width": 72.125}}, {"Bounds": [445.4432830810547, 765.3184051513672, 459.956298828125, 773.6033172607422], "ClipBounds": [445.4432830810547, 765.3184051513672, 459.956298828125, 773.6033172607422], "Font": {"alt_family_name": "Liberation Sans", "embedded": true, "encoding": "Identity-H", "family_name": "Liberation Sans", "font_type": "CIDFontType2", "italic": false, "monospaced": false, "name": "LiberationSans-Bold", "subset": false, "weight": 700}, "HasClip": true, "Lang": "en", "Page": 0, "Path": "//Document/Sect/Table/TR/TH[3]/P", "Text": "2021 ", "TextSize": 5.8800048828125, "attributes": {"LineHeight": 7}}, {"Path": "//Document/Sect/Table/TR/TH[4]", "attributes": {"BBox": [470.38099999999395, 763.1629999999714, 499.179999999993, 772.1629999999714], "BlockAlign": "Before", "BorderColor": [null, [0, 0, 0], null, null], "BorderStyle": ["None", "Solid", "None", "None"], "BorderThickness": [0, 0.375, 0, 0], "ColIndex": 4, "Height": 9, "InlineAlign": "Start", "RowIndex": 0, "Width": 28.75}}, {"Bounds": [525.6247863769531, 765.3184051513672, 543.7128448486328, 773.6033172607422], "ClipBounds": [525.6247863769531, 765.3184051513672, 543.7128448486328, 773.6033172607422], "Page": 0, "Path": "//Document/Sect/Table/TR/TH[5]", "attributes": {"BBox": [499.179999999993, 763.1629999999714, 562.5369999999821, 772.1629999999714], "BlockAlign": "Before", "BorderColor": [null, [0, 0, 0], null, null], "BorderStyle": ["None", "Solid", "None", "None"], "BorderThickness": [0, 0.375, 0, 0], "ColIndex": 5, "Height": 9, "InlineAlign": "Center", "RowIndex": 0, "Width": 63.375}}, {"Bounds": [525.6247863769531, 765.3184051513672, 543.7128448486328, 773.6033172607422], "ClipBounds": [525.6247863769531, 765.3184051513672, 543.7128448486328, 773.6033172607422], "Font": {"alt_family_name": "Liberation Sans", "embedded": true, "encoding": "Identity-H", "family_name": "Liberation Sans", "font_type": "CIDFontType2", "italic": false, "monospaced": false, "name": "LiberationSans-Bold", "subset": false, "weight": 700}, "HasClip": true, "Lang": "en", "Page": 0, "Path": "//Document/Sect/Table/TR/TH[5]/P", "Text": "H / (L) ", "TextSize": 5.8800048828125, "attributes": {"LineHeight": 7}}, {"Bounds": [46.139892578125, 753.0238952636719, 80.54554748535156, 761.3088226318359], "ClipBounds": [46.139892578125, 753.0238952636719, 80.54554748535156, 761.3088226318359], "Page": 0, "Path": "//Document/Sect/Table/TR[2]/TD", "attributes": {"BBox": [32.398699999999735, 752.0039999999863, 306.1079999999929, 763.5229999999865], "BlockAlign": "Middle", "BorderColor": [null, [0.8000029999999754, 0.9333339999999737, 1], null, null], "BorderStyle": ["None", "Solid", "None", "None"], "ColIndex": 0, "Height": 11.5, "InlineAlign": "Start", "RowIndex": 1, "Width": 273.75}}, {"Bounds": [46.139892578125, 753.0238952636719, 80.54554748535156, 761.3088226318359], "ClipBounds": [46.139892578125, 753.0238952636719, 80.54554748535156, 761.3088226318359], "Font": {"alt_family_name": "Liberation Sans", "embedded": true, "encoding": "Identity-H", "family_name": "Liberation Sans", "font_type": "CIDFontType2", "italic": false, "monospaced": false, "name": "LiberationSans-Bold", "subset": false, "weight": 700}, "HasClip": true, "Lang": "en", "Page": 0, "Path": "//Document/Sect/Table/TR[2]/TD/P", "Text": "Key Metrics ", "TextSize": 5.8800048828125, "attributes": {"LineHeight": 7}}, {"Path": "//Document/Sect/Table/TR[2]/TD[2]", "attributes": {"BBox": [306.1079999999929, 752.0039999999863, 398.2639999999956, 763.8829999999725], "BlockAlign": "Before", "BorderColor": [[0, 0, 0], [0.8000029999999754, 0.9333339999999737, 1], null, null], "BorderStyle": ["Solid", "Solid", "None", "None"], "BorderThickness": [0.375, 0, 0, 0], "ColIndex": 1, "ColSpan": 2, "Height": 11.875, "InlineAlign": "Start", "RowIndex": 1, "Width": 92.125}}, {"Path": "//Document/Sect/Table/TR[2]/TD[3]", "attributes": {"BBox": [398.2639999999956, 752.0039999999863, 562.5369999999821, 763.8829999999725], "BlockAlign": "Before", "BorderColor": [[0, 0, 0], [0.8000029999999754, 0.9333339999999737, 1], null, null], "BorderStyle": ["Solid", "Solid", "None", "None"], "BorderThickness": [0.375, 0, 0, 0], "ColIndex": 3, "ColSpan": 3, "Height": 11.875, "InlineAlign": "Start", "RowIndex": 1, "Width": 164.25}}, {"Bounds": [46.139892578125, 741.1586456298828, 93.60443115234375, 748.7026824951172], "ClipBounds": [46.139892578125, 741.1586456298828, 93.60443115234375, 748.7026824951172], "Page": 0, "Path": "//Document/Sect/Table/TR[3]/TD", "attributes": {"BBox": [32.398699999999735, 740.4839999999967, 306.1079999999929, 752.0039999999863], "BackgroundColor": [0.8000029999999754, 0.9333339999999737, 1], "BlockAlign": "Middle", "ColIndex": 0, "Height": 11.5, "InlineAlign": "Start", "RowIndex": 2, "Width": 273.75}}, {"Bounds": [46.139892578125, 741.1586456298828, 93.60443115234375, 748.7026824951172], "ClipBounds": [46.139892578125, 741.1586456298828, 93.60443115234375, 748.7026824951172], "Font": {"alt_family_name": "Liberation Sans", "embedded": true, "encoding": "Identity-H", "family_name": "Liberation Sans", "font_type": "CIDFontType2", "italic": false, "monospaced": false, "name": "LiberationSans", "subset": false, "weight": 400}, "HasClip": true, "Lang": "en", "Page": 0, "Path": "//Document/Sect/Table/TR[3]/TD/P", "Text": "Market Share (%) ", "TextSize": 5.8800048828125, "attributes": {"LineHeight": 7}}, {"Bounds": [369.5382843017578, 741.1586456298828, 379.1485595703125, 748.7026824951172], "ClipBounds": [369.5382843017578, 741.1586456298828, 379.1485595703125, 748.7026824951172], "Page": 0, "Path": "//Document/Sect/Table/TR[3]/TD[2]", "attributes": {"BBox": [306.1079999999929, 740.4839999999967, 385.3039999999892, 752.0039999999863], "BackgroundColor": [0.8000029999999754, 0.9333339999999737, 1], "BlockAlign": "Middle", "ColIndex": 1, "Height": 11.5, "InlineAlign": "End", "RowIndex": 2, "Width": 79.25}}, {"Bounds": [369.5382843017578, 741.1586456298828, 379.1485595703125, 748.7026824951172], "ClipBounds": [369.5382843017578, 741.1586456298828, 379.1485595703125, 748.7026824951172], "Font": {"alt_family_name": "Liberation Sans", "embedded": true, "encoding": "Identity-H", "family_name": "Liberation Sans", "font_type": "CIDFontType2", "italic": false, "monospaced": false, "name": "LiberationSans", "subset": false, "weight": 400}, "HasClip": true, "Lang": "en", "Page": 0, "Path": "//Document/Sect/Table/TR[3]/TD[2]/P", "Text": "1.7 ", "TextSize": 5.8800048828125, "attributes": {"LineHeight": 7}}, {"Bounds": [391.9890899658203, 741.1586456298828, 398.64524841308594, 748.7026824951172], "ClipBounds": [391.9890899658203, 741.1586456298828, 398.64524841308594, 748.7026824951172], "Page": 0, "Path": "//Document/Sect/Table/TR[3]/TD[3]", "attributes": {"BBox": [385.3039999999892, 740.4839999999967, 398.2639999999956, 752.0039999999863], "BackgroundColor": [0.8000029999999754, 0.9333339999999737, 1], "BlockAlign": "Middle", "ColIndex": 2, "Height": 11.5, "InlineAlign": "End", "RowIndex": 2, "Width": 13}}, {"Bounds": [391.9890899658203, 741.1586456298828, 398.64524841308594, 748.7026824951172], "ClipBounds": [391.9890899658203, 741.1586456298828, 398.64524841308594, 748.7026824951172], "Font": {"alt_family_name": "Liberation Sans", "embedded": true, "encoding": "Identity-H", "family_name": "Liberation Sans", "font_type": "CIDFontType2", "italic": false, "monospaced": false, "name": "LiberationSans", "subset": false, "weight": 400}, "HasClip": true, "Lang": "en", "Page": 0, "Path": "//Document/Sect/Table/TR[3]/TD[3]/P", "Text": "% ", "TextSize": 5.8800048828125, "attributes": {"LineHeight": 7}}, {"Bounds": [460.4104919433594, 741.1586456298828, 470.02076721191406, 748.7026824951172], "ClipBounds": [460.4104919433594, 741.1586456298828, 470.02076721191406, 748.7026824951172], "Page": 0, "Path": "//Document/Sect/Table/TR[3]/TD[4]", "attributes": {"BBox": [398.2639999999956, 740.4839999999967, 470.38099999999395, 752.0039999999863], "BackgroundColor": [0.8000029999999754, 0.9333339999999737, 1], "BlockAlign": "Middle", "ColIndex": 3, "Height": 11.5, "InlineAlign": "End", "RowIndex": 2, "Width": 72.125}}, {"Bounds": [460.4104919433594, 741.1586456298828, 470.02076721191406, 748.7026824951172], "ClipBounds": [460.4104919433594, 741.1586456298828, 470.02076721191406, 748.7026824951172], "Font": {"alt_family_name": "Liberation Sans", "embedded": true, "encoding": "Identity-H", "family_name": "Liberation Sans", "font_type": "CIDFontType2", "italic": false, "monospaced": false, "name": "LiberationSans", "subset": false, "weight": 400}, "HasClip": true, "Lang": "en", "Page": 0, "Path": "//Document/Sect/Table/TR[3]/TD[4]/P", "Text": "1.8 ", "TextSize": 5.8800048828125, "attributes": {"LineHeight": 7}}, {"Bounds": [482.8612823486328, 741.1586456298828, 489.51744079589844, 748.7026824951172], "ClipBounds": [482.8612823486328, 741.1586456298828, 489.51744079589844, 748.7026824951172], "Page": 0, "Path": "//Document/Sect/Table/TR[3]/TD[5]", "attributes": {"BBox": [470.38099999999395, 740.4839999999967, 499.179999999993, 752.0039999999863], "BackgroundColor": [0.8000029999999754, 0.9333339999999737, 1], "BlockAlign": "Middle", "ColIndex": 4, "Height": 11.5, "InlineAlign": "Center", "RowIndex": 2, "Width": 28.75}}, {"Bounds": [482.8612823486328, 741.1586456298828, 489.51744079589844, 748.7026824951172], "ClipBounds": [482.8612823486328, 741.1586456298828, 489.51744079589844, 748.7026824951172], "Font": {"alt_family_name": "Liberation Sans", "embedded": true, "encoding": "Identity-H", "family_name": "Liberation Sans", "font_type": "CIDFontType2", "italic": false, "monospaced": false, "name": "LiberationSans", "subset": false, "weight": 400}, "HasClip": true, "Lang": "en", "Page": 0, "Path": "//Document/Sect/Table/TR[3]/TD[5]/P", "Text": "% ", "TextSize": 5.8800048828125, "attributes": {"LineHeight": 7}}, {"Bounds": [542.7300872802734, 741.1586456298828, 562.7855834960938, 748.7026824951172], "ClipBounds": [542.7300872802734, 741.1586456298828, 562.7855834960938, 748.7026824951172], "Page": 0, "Path": "//Document/Sect/Table/TR[3]/TD[6]", "attributes": {"BBox": [499.179999999993, 740.4839999999967, 562.5369999999821, 752.0039999999863], "BackgroundColor": [0.8000029999999754, 0.9333339999999737, 1], "BlockAlign": "Middle", "ColIndex": 5, "Height": 11.5, "InlineAlign": "End", "RowIndex": 2, "Width": 63.375}}, {"Bounds": [542.7300872802734, 741.1586456298828, 562.7855834960938, 748.7026824951172], "ClipBounds": [542.7300872802734, 741.1586456298828, 562.7855834960938, 748.7026824951172], "Font": {"alt_family_name": "Liberation Sans", "embedded": true, "encoding": "Identity-H", "family_name": "Liberation Sans", "font_type": "CIDFontType2", "italic": false, "monospaced": false, "name": "LiberationSans", "subset": false, "weight": 400}, "HasClip": true, "Lang": "en", "Page": 0, "Path": "//Document/Sect/Table/TR[3]/TD[6]/P", "Text": "\u2014 ppts ", "TextSize": 5.8800048828125, "attributes": {"LineHeight": 7}}, {"Bounds": [46.139892578125, 728.8641357421875, 114.16444396972656, 736.4081878662109], "ClipBounds": [46.139892578125, 728.8641357421875, 114.16444396972656, 736.4081878662109], "Page": 0, "Path": "//Document/Sect/Table/TR[4]/TD", "attributes": {"BBox": [32.398699999999735, 727.5249999999942, 306.1079999999929, 740.6039999999921], "BackgroundColor": [1, 1, 1], "BlockAlign": "Middle", "BorderColor": [[0.8000029999999754, 0.9333339999999737, 1], [0.8000029999999754, 0.9333339999999737, 1], null, null], "BorderStyle": ["Solid", "Solid", "None", "None"], "ColIndex": 0, "Height": 13.125, "InlineAlign": "Start", "RowIndex": 3, "Width": 273.75}}, {"Bounds": [46.139892578125, 728.8641357421875, 114.16444396972656, 736.4081878662109], "ClipBounds": [46.139892578125, 728.8641357421875, 114.16444396972656, 736.4081878662109], "Font": {"alt_family_name": "Liberation Sans", "embedded": true, "encoding": "Identity-H", "family_name": "Liberation Sans", "font_type": "CIDFontType2", "italic": false, "monospaced": false, "name": "LiberationSans", "subset": false, "weight": 400}, "HasClip": true, "Lang": "en", "Page": 0, "Path": "//Document/Sect/Table/TR[4]/TD/P", "Text": "Wholesale Units (000) (a) ", "TextSize": 5.8800048828125, "attributes": {"LineHeight": 7}}, {"Bounds": [367.93458557128906, 728.8641357421875, 379.1818542480469, 736.4081878662109], "ClipBounds": [367.93458557128906, 728.8641357421875, 379.1818542480469, 736.4081878662109], "Page": 0, "Path": "//Document/Sect/Table/TR[4]/TD[2]", "attributes": {"BBox": [306.1079999999929, 727.5249999999942, 385.3039999999892, 740.6039999999921], "BackgroundColor": [1, 1, 1], "BlockAlign": "Middle", "BorderColor": [[0.8000029999999754, 0.9333339999999737, 1], [0.8000029999999754, 0.9333339999999737, 1], null, null], "BorderStyle": ["Solid", "Solid", "None", "None"], "ColIndex": 1, "Height": 13.125, "InlineAlign": "End", "RowIndex": 3, "Width": 79.25}}, {"Bounds": [367.93458557128906, 728.8641357421875, 379.1818542480469, 736.4081878662109], "ClipBounds": [367.93458557128906, 728.8641357421875, 379.1818542480469, 736.4081878662109], "Font": {"alt_family_name": "Liberation Sans", "embedded": true, "encoding": "Identity-H", "family_name": "Liberation Sans", "font_type": "CIDFontType2", "italic": false, "monospaced": false, "name": "LiberationSans", "subset": false, "weight": 400}, "HasClip": true, "Lang": "en", "Page": 0, "Path": "//Document/Sect/Table/TR[4]/TD[2]/P", "Text": "284 ", "TextSize": 5.8800048828125, "attributes": {"LineHeight": 7}}, {"Path": "//Document/Sect/Table/TR[4]/TD[3]", "attributes": {"BBox": [385.3039999999892, 727.5249999999942, 398.2639999999956, 740.6039999999921], "BackgroundColor": [1, 1, 1], "BlockAlign": "Before", "BorderColor": [[0.8000029999999754, 0.9333339999999737, 1], [0.8000029999999754, 0.9333339999999737, 1], null, null], "BorderStyle": ["Solid", "Solid", "None", "None"], "ColIndex": 2, "Height": 13.125, "InlineAlign": "End", "RowIndex": 3, "Width": 13}}, {"Bounds": [458.806884765625, 728.8641357421875, 470.0541534423828, 736.4081878662109], "ClipBounds": [458.806884765625, 728.8641357421875, 470.0541534423828, 736.4081878662109], "Page": 0, "Path": "//Document/Sect/Table/TR[4]/TD[4]", "attributes": {"BBox": [398.2639999999956, 727.5249999999942, 470.38099999999395, 740.6039999999921], "BackgroundColor": [1, 1, 1], "BlockAlign": "Middle", "BorderColor": [[0.8000029999999754, 0.9333339999999737, 1], [0.8000029999999754, 0.9333339999999737, 1], null, null], "BorderStyle": ["Solid", "Solid", "None", "None"], "ColIndex": 3, "Height": 13.125, "InlineAlign": "End", "RowIndex": 3, "Width": 72.125}}, {"Bounds": [458.806884765625, 728.8641357421875, 470.0541534423828, 736.4081878662109], "ClipBounds": [458.806884765625, 728.8641357421875, 470.0541534423828, 736.4081878662109], "Font": {"alt_family_name": "Liberation Sans", "embedded": true, "encoding": "Identity-H", "family_name": "Liberation Sans", "font_type": "CIDFontType2", "italic": false, "monospaced": false, "name": "LiberationSans", "subset": false, "weight": 400}, "HasClip": true, "Lang": "en", "Page": 0, "Path": "//Document/Sect/Table/TR[4]/TD[4]/P", "Text": "315 ", "TextSize": 5.8800048828125, "attributes": {"LineHeight": 7}}, {"Path": "//Document/Sect/Table/TR[4]/TD[5]", "attributes": {"BBox": [470.38099999999395, 727.5249999999942, 499.179999999993, 740.6039999999921], "BackgroundColor": [1, 1, 1], "BlockAlign": "Before", "BorderColor": [[0.8000029999999754, 0.9333339999999737, 1], [0.8000029999999754, 0.9333339999999737, 1], null, null], "BorderStyle": ["Solid", "Solid", "None", "None"], "ColIndex": 4, "Height": 13.125, "InlineAlign": "Center", "RowIndex": 3, "Width": 28.75}}, {"Bounds": [552.8863830566406, 728.8641357421875, 560.8679046630859, 736.4081878662109], "ClipBounds": [552.8863830566406, 728.8641357421875, 560.8679046630859, 736.4081878662109], "Page": 0, "Path": "//Document/Sect/Table/TR[4]/TD[6]", "attributes": {"BBox": [499.179999999993, 727.5249999999942, 562.5369999999821, 740.6039999999921], "BackgroundColor": [1, 1, 1], "BlockAlign": "Middle", "BorderColor": [[0.8000029999999754, 0.9333339999999737, 1], [0.8000029999999754, 0.9333339999999737, 1], null, null], "BorderStyle": ["Solid", "Solid", "None", "None"], "ColIndex": 5, "Height": 13.125, "InlineAlign": "End", "RowIndex": 3, "Width": 63.375}}, {"Bounds": [552.8863830566406, 728.8641357421875, 560.8679046630859, 736.4081878662109], "ClipBounds": [552.8863830566406, 728.8641357421875, 560.8679046630859, 736.4081878662109], "Font": {"alt_family_name": "Liberation Sans", "embedded": true, "encoding": "Identity-H", "family_name": "Liberation Sans", "font_type": "CIDFontType2", "italic": false, "monospaced": false, "name": "LiberationSans", "subset": false, "weight": 400}, "HasClip": true, "Lang": "en", "Page": 0, "Path": "//Document/Sect/Table/TR[4]/TD[6]/P", "Text": "31 ", "TextSize": 5.8800048828125, "attributes": {"LineHeight": 7}}, {"Bounds": [46.139892578125, 716.5696411132812, 84.80795288085938, 724.1136779785156], "ClipBounds": [46.139892578125, 716.5696411132812, 84.80795288085938, 724.1136779785156], "Page": 0, "Path": "//Document/Sect/Table/TR[5]/TD", "attributes": {"BBox": [32.398699999999735, 714.5649999999732, 306.1079999999929, 727.5249999999942], "BackgroundColor": [0.8000029999999754, 0.9333339999999737, 1], "BlockAlign": "Middle", "ColIndex": 0, "Height": 13, "InlineAlign": "Start", "RowIndex": 4, "Width": 273.75}}, {"Bounds": [46.139892578125, 716.5696411132812, 84.80795288085938, 724.1136779785156], "ClipBounds": [46.139892578125, 716.5696411132812, 84.80795288085938, 724.1136779785156], "Font": {"alt_family_name": "Liberation Sans", "embedded": true, "encoding": "Identity-H", "family_name": "Liberation Sans", "font_type": "CIDFontType2", "italic": false, "monospaced": false, "name": "LiberationSans", "subset": false, "weight": 400}, "HasClip": true, "Lang": "en", "Page": 0, "Path": "//Document/Sect/Table/TR[5]/TD/P", "Text": "Revenue ($M) ", "TextSize": 5.8800048828125, "attributes": {"LineHeight": 7}}, {"Bounds": [324.6366882324219, 716.5696411132812, 378.73387145996094, 724.1136779785156], "ClipBounds": [324.6366882324219, 716.5696411132812, 378.73387145996094, 724.1136779785156], "Page": 0, "Path": "//Document/Sect/Table/TR[5]/TD[2]", "attributes": {"BBox": [306.1079999999929, 714.5649999999732, 385.3039999999892, 727.5249999999942], "BackgroundColor": [0.8000029999999754, 0.9333339999999737, 1], "BlockAlign": "Middle", "ColIndex": 1, "Height": 13, "InlineAlign": "End", "RowIndex": 4, "Width": 79.25}}, {"Bounds": [324.6366882324219, 716.5696411132812, 378.73387145996094, 724.1136779785156], "ClipBounds": [324.6366882324219, 716.5696411132812, 378.73387145996094, 724.1136779785156], "Font": {"alt_family_name": "Liberation Sans", "embedded": true, "encoding": "Identity-H", "family_name": "Liberation Sans", "font_type": "CIDFontType2", "italic": false, "monospaced": false, "name": "LiberationSans", "subset": false, "weight": 400}, "HasClip": true, "Lang": "en", "Page": 0, "Path": "//Document/Sect/Table/TR[5]/TD[2]/P", "Text": "$ 7,541 ", "TextSize": 5.8800048828125, "attributes": {"LineHeight": 7}}, {"Path": "//Document/Sect/Table/TR[5]/TD[3]", "attributes": {"BBox": [385.3039999999892, 714.5649999999732, 398.2639999999956, 727.5249999999942], "BackgroundColor": [0.8000029999999754, 0.9333339999999737, 1], "BlockAlign": "Before", "ColIndex": 2, "Height": 13, "InlineAlign": "End", "RowIndex": 4, "Width": 13}}, {"Bounds": [415.5089874267578, 716.5696411132812, 469.6061706542969, 724.1136779785156], "ClipBounds": [415.5089874267578, 716.5696411132812, 469.6061706542969, 724.1136779785156], "Page": 0, "Path": "//Document/Sect/Table/TR[5]/TD[4]", "attributes": {"BBox": [398.2639999999956, 714.5649999999732, 470.38099999999395, 727.5249999999942], "BackgroundColor": [0.8000029999999754, 0.9333339999999737, 1], "BlockAlign": "Middle", "ColIndex": 3, "Height": 13, "InlineAlign": "End", "RowIndex": 4, "Width": 72.125}}, {"Bounds": [415.5089874267578, 716.5696411132812, 469.6061706542969, 724.1136779785156], "ClipBounds": [415.5089874267578, 716.5696411132812, 469.6061706542969, 724.1136779785156], "Font": {"alt_family_name": "Liberation Sans", "embedded": true, "encoding": "Identity-H", "family_name": "Liberation Sans", "font_type": "CIDFontType2", "italic": false, "monospaced": false, "name": "LiberationSans", "subset": false, "weight": 400}, "HasClip": true, "Lang": "en", "Page": 0, "Path": "//Document/Sect/Table/TR[5]/TD[4]/P", "Text": "$ 8,955 ", "TextSize": 5.8800048828125, "attributes": {"LineHeight": 7}}, {"Path": "//Document/Sect/Table/TR[5]/TD[5]", "attributes": {"BBox": [470.38099999999395, 714.5649999999732, 499.179999999993, 727.5249999999942], "BackgroundColor": [0.8000029999999754, 0.9333339999999737, 1], "BlockAlign": "Before", "ColIndex": 4, "Height": 13, "InlineAlign": "Center", "RowIndex": 4, "Width": 28.75}}, {"Bounds": [506.3811798095703, 716.5696411132812, 560.4783630371094, 724.1136779785156], "ClipBounds": [506.3811798095703, 716.5696411132812, 560.4783630371094, 724.1136779785156], "Page": 0, "Path": "//Document/Sect/Table/TR[5]/TD[6]", "attributes": {"BBox": [499.179999999993, 714.5649999999732, 562.5369999999821, 727.5249999999942], "BackgroundColor": [0.8000029999999754, 0.9333339999999737, 1], "BlockAlign": "Middle", "ColIndex": 5, "Height": 13, "InlineAlign": "End", "RowIndex": 4, "Width": 63.375}}, {"Bounds": [506.3811798095703, 716.5696411132812, 560.4783630371094, 724.1136779785156], "ClipBounds": [506.3811798095703, 716.5696411132812, 560.4783630371094, 724.1136779785156], "Font": {"alt_family_name": "Liberation Sans", "embedded": true, "encoding": "Identity-H", "family_name": "Liberation Sans", "font_type": "CIDFontType2", "italic": false, "monospaced": false, "name": "LiberationSans", "subset": false, "weight": 400}, "HasClip": true, "Lang": "en", "Page": 0, "Path": "//Document/Sect/Table/TR[5]/TD[6]/P", "Text": "$ 1,414 ", "TextSize": 5.8800048828125, "attributes": {"LineHeight": 7}}, {"Bounds": [46.139892578125, 704.2752380371094, 74.34742736816406, 711.8192749023438], "ClipBounds": [46.139892578125, 704.2752380371094, 74.34742736816406, 711.8192749023438], "Page": 0, "Path": "//Document/Sect/Table/TR[6]/TD", "attributes": {"BBox": [32.398699999999735, 703.045999999973, 306.1079999999929, 714.6849999999977], "BackgroundColor": [1, 1, 1], "BlockAlign": "Middle", "BorderColor": [[0.8000029999999754, 0.9333339999999737, 1], [0.8000029999999754, 0.9333339999999737, 1], null, null], "BorderStyle": ["Solid", "Solid", "None", "None"], "ColIndex": 0, "Height": 11.625, "InlineAlign": "Start", "RowIndex": 5, "Width": 273.75}}, {"Bounds": [46.139892578125, 704.2752380371094, 74.34742736816406, 711.8192749023438], "ClipBounds": [46.139892578125, 704.2752380371094, 74.34742736816406, 711.8192749023438], "Font": {"alt_family_name": "Liberation Sans", "embedded": true, "encoding": "Identity-H", "family_name": "Liberation Sans", "font_type": "CIDFontType2", "italic": false, "monospaced": false, "name": "LiberationSans", "subset": false, "weight": 400}, "HasClip": true, "Lang": "en", "Page": 0, "Path": "//Document/Sect/Table/TR[6]/TD/P", "Text": "EBIT ($M) ", "TextSize": 5.8800048828125, "attributes": {"LineHeight": 7}}, {"Bounds": [365.2618865966797, 704.2752380371094, 380.42405700683594, 711.8192749023438], "ClipBounds": [365.2618865966797, 704.2752380371094, 380.42405700683594, 711.8192749023438], "Page": 0, "Path": "//Document/Sect/Table/TR[6]/TD[2]", "attributes": {"BBox": [306.1079999999929, 703.045999999973, 385.3039999999892, 714.6849999999977], "BackgroundColor": [1, 1, 1], "BlockAlign": "Middle", "BorderColor": [[0.8000029999999754, 0.9333339999999737, 1], [0.8000029999999754, 0.9333339999999737, 1], null, null], "BorderStyle": ["Solid", "Solid", "None", "None"], "ColIndex": 1, "Height": 11.625, "InlineAlign": "End", "RowIndex": 5, "Width": 79.25}}, {"Bounds": [365.2618865966797, 704.2752380371094, 380.42405700683594, 711.8192749023438], "ClipBounds": [365.2618865966797, 704.2752380371094, 380.42405700683594, 711.8192749023438], "Font": {"alt_family_name": "Liberation Sans", "embedded": true, "encoding": "Identity-H", "family_name": "Liberation Sans", "font_type": "CIDFontType2", "italic": false, "monospaced": false, "name": "LiberationSans", "subset": false, "weight": 400}, "HasClip": true, "Lang": "en", "Page": 0, "Path": "//Document/Sect/Table/TR[6]/TD[2]/P", "Text": "(164) ", "TextSize": 5.8800048828125, "attributes": {"LineHeight": 7}}, {"Path": "//Document/Sect/Table/TR[6]/TD[3]", "attributes": {"BBox": [385.3039999999892, 703.045999999973, 398.2639999999956, 714.6849999999977], "BackgroundColor": [1, 1, 1], "BlockAlign": "Before", "BorderColor": [[0.8000029999999754, 0.9333339999999737, 1], [0.8000029999999754, 0.9333339999999737, 1], null, null], "BorderStyle": ["Solid", "Solid", "None", "None"], "ColIndex": 2, "Height": 11.625, "InlineAlign": "End", "RowIndex": 5, "Width": 13}}, {"Bounds": [458.806884765625, 704.2752380371094, 470.0541534423828, 711.8192749023438], "ClipBounds": [458.806884765625, 704.2752380371094, 470.0541534423828, 711.8192749023438], "Page": 0, "Path": "//Document/Sect/Table/TR[6]/TD[4]", "attributes": {"BBox": [398.2639999999956, 703.045999999973, 470.38099999999395, 714.6849999999977], "BackgroundColor": [1, 1, 1], "BlockAlign": "Middle", "BorderColor": [[0.8000029999999754, 0.9333339999999737, 1], [0.8000029999999754, 0.9333339999999737, 1], null, null], "BorderStyle": ["Solid", "Solid", "None", "None"], "ColIndex": 3, "Height": 11.625, "InlineAlign": "End", "RowIndex": 5, "Width": 72.125}}, {"Bounds": [458.806884765625, 704.2752380371094, 470.0541534423828, 711.8192749023438], "ClipBounds": [458.806884765625, 704.2752380371094, 470.0541534423828, 711.8192749023438], "Font": {"alt_family_name": "Liberation Sans", "embedded": true, "encoding": "Identity-H", "family_name": "Liberation Sans", "font_type": "CIDFontType2", "italic": false, "monospaced": false, "name": "LiberationSans", "subset": false, "weight": 400}, "HasClip": true, "Lang": "en", "Page": 0, "Path": "//Document/Sect/Table/TR[6]/TD[4]/P", "Text": "622 ", "TextSize": 5.8800048828125, "attributes": {"LineHeight": 7}}, {"Path": "//Document/Sect/Table/TR[6]/TD[5]", "attributes": {"BBox": [470.38099999999395, 703.045999999973, 499.179999999993, 714.6849999999977], "BackgroundColor": [1, 1, 1], "BlockAlign": "Before", "BorderColor": [[0.8000029999999754, 0.9333339999999737, 1], [0.8000029999999754, 0.9333339999999737, 1], null, null], "BorderStyle": ["Solid", "Solid", "None", "None"], "ColIndex": 4, "Height": 11.625, "InlineAlign": "Center", "RowIndex": 5, "Width": 28.75}}, {"Bounds": [549.6791839599609, 704.2752380371094, 560.9264526367188, 711.8192749023438], "ClipBounds": [549.6791839599609, 704.2752380371094, 560.9264526367188, 711.8192749023438], "Page": 0, "Path": "//Document/Sect/Table/TR[6]/TD[6]", "attributes": {"BBox": [499.179999999993, 703.045999999973, 562.5369999999821, 714.6849999999977], "BackgroundColor": [1, 1, 1], "BlockAlign": "Middle", "BorderColor": [[0.8000029999999754, 0.9333339999999737, 1], [0.8000029999999754, 0.9333339999999737, 1], null, null], "BorderStyle": ["Solid", "Solid", "None", "None"], "ColIndex": 5, "Height": 11.625, "InlineAlign": "End", "RowIndex": 5, "Width": 63.375}}, {"Bounds": [549.6791839599609, 704.2752380371094, 560.9264526367188, 711.8192749023438], "ClipBounds": [549.6791839599609, 704.2752380371094, 560.9264526367188, 711.8192749023438], "Font": {"alt_family_name": "Liberation Sans", "embedded": true, "encoding": "Identity-H", "family_name": "Liberation Sans", "font_type": "CIDFontType2", "italic": false, "monospaced": false, "name": "LiberationSans", "subset": false, "weight": 400}, "HasClip": true, "Lang": "en", "Page": 0, "Path": "//Document/Sect/Table/TR[6]/TD[6]/P", "Text": "786 ", "TextSize": 5.8800048828125, "attributes": {"LineHeight": 7}}, {"Bounds": [46.139892578125, 691.9807434082031, 90.98783874511719, 699.5247802734375], "ClipBounds": [46.139892578125, 691.9807434082031, 90.98783874511719, 699.5247802734375], "Page": 0, "Path": "//Document/Sect/Table/TR[7]/TD", "attributes": {"BBox": [32.398699999999735, 689.9659999999858, 306.1079999999929, 703.045999999973], "BackgroundColor": [0.8000029999999754, 0.9333339999999737, 1], "BlockAlign": "Middle", "ColIndex": 0, "Height": 13.125, "InlineAlign": "Start", "RowIndex": 6, "Width": 273.75}}, {"Bounds": [46.139892578125, 691.9807434082031, 90.98783874511719, 699.5247802734375], "ClipBounds": [46.139892578125, 691.9807434082031, 90.98783874511719, 699.5247802734375], "Font": {"alt_family_name": "Liberation Sans", "embedded": true, "encoding": "Identity-H", "family_name": "Liberation Sans", "font_type": "CIDFontType2", "italic": false, "monospaced": false, "name": "LiberationSans", "subset": false, "weight": 400}, "HasClip": true, "Lang": "en", "Page": 0, "Path": "//Document/Sect/Table/TR[7]/TD/P", "Text": "EBIT Margin (%) ", "TextSize": 5.8800048828125, "attributes": {"LineHeight": 7}}, {"Bounds": [366.86558532714844, 691.9807434082031, 380.39076232910156, 699.5247802734375], "ClipBounds": [366.86558532714844, 691.9807434082031, 380.39076232910156, 699.5247802734375], "Page": 0, "Path": "//Document/Sect/Table/TR[7]/TD[2]", "attributes": {"BBox": [306.1079999999929, 689.9659999999858, 385.3039999999892, 703.045999999973], "BackgroundColor": [0.8000029999999754, 0.9333339999999737, 1], "BlockAlign": "Middle", "ColIndex": 1, "Height": 13.125, "InlineAlign": "End", "RowIndex": 6, "Width": 79.25}}, {"Bounds": [366.86558532714844, 691.9807434082031, 380.39076232910156, 699.5247802734375], "ClipBounds": [366.86558532714844, 691.9807434082031, 380.39076232910156, 699.5247802734375], "Font": {"alt_family_name": "Liberation Sans", "embedded": true, "encoding": "Identity-H", "family_name": "Liberation Sans", "font_type": "CIDFontType2", "italic": false, "monospaced": false, "name": "LiberationSans", "subset": false, "weight": 400}, "HasClip": true, "Lang": "en", "Page": 0, "Path": "//Document/Sect/Table/TR[7]/TD[2]/P", "Text": "(2.2) ", "TextSize": 5.8800048828125, "attributes": {"LineHeight": 7}}, {"Bounds": [391.9890899658203, 691.9807434082031, 398.64524841308594, 699.5247802734375], "ClipBounds": [391.9890899658203, 691.9807434082031, 398.64524841308594, 699.5247802734375], "Page": 0, "Path": "//Document/Sect/Table/TR[7]/TD[3]", "attributes": {"BBox": [385.3039999999892, 689.9659999999858, 398.2639999999956, 703.045999999973], "BackgroundColor": [0.8000029999999754, 0.9333339999999737, 1], "BlockAlign": "Middle", "ColIndex": 2, "Height": 13.125, "InlineAlign": "End", "RowIndex": 6, "Width": 13}}, {"Bounds": [391.9890899658203, 691.9807434082031, 398.64524841308594, 699.5247802734375], "ClipBounds": [391.9890899658203, 691.9807434082031, 398.64524841308594, 699.5247802734375], "Font": {"alt_family_name": "Liberation Sans", "embedded": true, "encoding": "Identity-H", "family_name": "Liberation Sans", "font_type": "CIDFontType2", "italic": false, "monospaced": false, "name": "LiberationSans", "subset": false, "weight": 400}, "HasClip": true, "Lang": "en", "Page": 0, "Path": "//Document/Sect/Table/TR[7]/TD[3]/P", "Text": "% ", "TextSize": 5.8800048828125, "attributes": {"LineHeight": 7}}, {"Bounds": [460.4104919433594, 691.9807434082031, 470.02076721191406, 699.5247802734375], "ClipBounds": [460.4104919433594, 691.9807434082031, 470.02076721191406, 699.5247802734375], "Page": 0, "Path": "//Document/Sect/Table/TR[7]/TD[4]", "attributes": {"BBox": [398.2639999999956, 689.9659999999858, 470.38099999999395, 703.045999999973], "BackgroundColor": [0.8000029999999754, 0.9333339999999737, 1], "BlockAlign": "Middle", "ColIndex": 3, "Height": 13.125, "InlineAlign": "End", "RowIndex": 6, "Width": 72.125}}, {"Bounds": [460.4104919433594, 691.9807434082031, 470.02076721191406, 699.5247802734375], "ClipBounds": [460.4104919433594, 691.9807434082031, 470.02076721191406, 699.5247802734375], "Font": {"alt_family_name": "Liberation Sans", "embedded": true, "encoding": "Identity-H", "family_name": "Liberation Sans", "font_type": "CIDFontType2", "italic": false, "monospaced": false, "name": "LiberationSans", "subset": false, "weight": 400}, "HasClip": true, "Lang": "en", "Page": 0, "Path": "//Document/Sect/Table/TR[7]/TD[4]/P", "Text": "6.9 ", "TextSize": 5.8800048828125, "attributes": {"LineHeight": 7}}, {"Bounds": [482.8612823486328, 691.9807434082031, 489.51744079589844, 699.5247802734375], "ClipBounds": [482.8612823486328, 691.9807434082031, 489.51744079589844, 699.5247802734375], "Page": 0, "Path": "//Document/Sect/Table/TR[7]/TD[5]", "attributes": {"BBox": [470.38099999999395, 689.9659999999858, 499.179999999993, 703.045999999973], "BackgroundColor": [0.8000029999999754, 0.9333339999999737, 1], "BlockAlign": "Middle", "ColIndex": 4, "Height": 13.125, "InlineAlign": "Center", "RowIndex": 6, "Width": 28.75}}, {"Bounds": [482.8612823486328, 691.9807434082031, 489.51744079589844, 699.5247802734375], "ClipBounds": [482.8612823486328, 691.9807434082031, 489.51744079589844, 699.5247802734375], "Font": {"alt_family_name": "Liberation Sans", "embedded": true, "encoding": "Identity-H", "family_name": "Liberation Sans", "font_type": "CIDFontType2", "italic": false, "monospaced": false, "name": "LiberationSans", "subset": false, "weight": 400}, "HasClip": true, "Lang": "en", "Page": 0, "Path": "//Document/Sect/Table/TR[7]/TD[5]/P", "Text": "% ", "TextSize": 5.8800048828125, "attributes": {"LineHeight": 7}}, {"Bounds": [540.5919799804688, 691.9807434082031, 562.9289245605469, 699.5247802734375], "ClipBounds": [540.5919799804688, 691.9807434082031, 562.9289245605469, 699.5247802734375], "Page": 0, "Path": "//Document/Sect/Table/TR[7]/TD[6]", "attributes": {"BBox": [499.179999999993, 689.9659999999858, 562.5369999999821, 703.045999999973], "BackgroundColor": [0.8000029999999754, 0.9333339999999737, 1], "BlockAlign": "Middle", "ColIndex": 5, "Height": 13.125, "InlineAlign": "End", "RowIndex": 6, "Width": 63.375}}, {"Bounds": [540.5919799804688, 691.9807434082031, 562.9289245605469, 699.5247802734375], "ClipBounds": [540.5919799804688, 691.9807434082031, 562.9289245605469, 699.5247802734375], "Font": {"alt_family_name": "Liberation Sans", "embedded": true, "encoding": "Identity-H", "family_name": "Liberation Sans", "font_type": "CIDFontType2", "italic": false, "monospaced": false, "name": "LiberationSans", "subset": false, "weight": 400}, "HasClip": true, "Lang": "en", "Page": 0, "Path": "//Document/Sect/Table/TR[7]/TD[6]/P", "Text": "9.1 ppts ", "TextSize": 5.8800048828125, "attributes": {"LineHeight": 7}}, {"Bounds": [32.77630615234375, 667.3917388916016, 521.4419250488281, 674.9357757568359], "ClipBounds": [32.77630615234375, 667.3917388916016, 521.4419250488281, 674.9357757568359], "Font": {"alt_family_name": "Liberation Sans", "embedded": true, "encoding": "Identity-H", "family_name": "Liberation Sans", "font_type": "CIDFontType2", "italic": false, "monospaced": false, "name": "LiberationSans", "subset": false, "weight": 400}, "HasClip": true, "Lang": "en", "Page": 0, "Path": "//Document/Sect/Footnote", "Text": "(a) Includes Ford brand vehicles produced and sold by our unconsolidated affiliate in Russia (about 14,000 units in 2020 and 22,000 units in 2021). Revenue does not include these sales. ", "TextSize": 5.8800048828125, "attributes": {"LineHeight": 7, "SpaceAfter": 15.375}}, {"Bounds": [33.31089782714844, 644.5117034912109, 161.70481872558594, 652.796630859375], "ClipBounds": [33.31089782714844, 644.5117034912109, 161.70481872558594, 652.796630859375], "Font": {"alt_family_name": "Liberation Sans", "embedded": true, "encoding": "Identity-H", "family_name": "Liberation Sans", "font_type": "CIDFontType2", "italic": false, "monospaced": false, "name": "LiberationSans-Bold", "subset": false, "weight": 700}, "HasClip": true, "Lang": "en", "Page": 0, "Path": "//Document/Sect[2]/H1", "Text": "Change in EBIT by Causal Factor (in millions) ", "TextSize": 5.8800048828125, "attributes": {"LineHeight": 7, "SpaceAfter": 5.5}}, {"Bounds": [38.121795654296875, 556.8467102050781, 562.1688537597656, 640.1904907226562], "ClipBounds": [38.121795654296875, 556.8467102050781, 562.1688537597656, 640.1904907226562], "Page": 0, "Path": "//Document/Sect[2]/Table", "attributes": {"BBox": [32.398699999999735, 554.6119999999937, 562.5369999999821, 643.5279999999912], "NumCol": 2, "NumRow": 7, "Placement": "Block", "SpaceAfter": 10}, "filePaths": ["tables/fileoutpart2.xlsx", "tables/fileoutpart3.png"]}, {"Bounds": [38.121795654296875, 632.6464385986328, 92.43182373046875, 640.1904907226562], "ClipBounds": [38.121795654296875, 632.6464385986328, 92.43182373046875, 640.1904907226562], "Page": 0, "Path": "//Document/Sect[2]/Table/TR/TD", "attributes": {"BBox": [32.398699999999735, 630.2089999999735, 499.179999999993, 643.5279999999912], "BackgroundColor": [0.8000029999999754, 0.9333339999999737, 1], "BlockAlign": "Middle", "ColIndex": 0, "Height": 13.375, "InlineAlign": "Start", "RowIndex": 0, "Width": 466.75}}, {"Bounds": [38.121795654296875, 632.6464385986328, 92.43182373046875, 640.1904907226562], "ClipBounds": [38.121795654296875, 632.6464385986328, 92.43182373046875, 640.1904907226562], "Font": {"alt_family_name": "Liberation Sans", "embedded": true, "encoding": "Identity-H", "family_name": "Liberation Sans", "font_type": "CIDFontType2", "italic": false, "monospaced": false, "name": "LiberationSans", "subset": false, "weight": 400}, "HasClip": true, "Lang": "en", "Page": 0, "Path": "//Document/Sect[2]/Table/TR/TD/P", "Text": "2020 Full Year EBIT ", "TextSize": 5.8800048828125, "attributes": {"LineHeight": 7}}, {"Bounds": [499.96669006347656, 632.6464385986328, 562.1688537597656, 640.1904907226562], "ClipBounds": [499.96669006347656, 632.6464385986328, 562.1688537597656, 640.1904907226562], "Page": 0, "Path": "//Document/Sect[2]/Table/TR/TD[2]", "attributes": {"BBox": [499.179999999993, 630.2089999999735, 562.5369999999821, 643.5279999999912], "BackgroundColor": [0.8000029999999754, 0.9333339999999737, 1], "BlockAlign": "Middle", "ColIndex": 1, "Height": 13.375, "InlineAlign": "End", "RowIndex": 0, "Width": 63.375}}, {"Bounds": [499.96669006347656, 632.6464385986328, 562.1688537597656, 640.1904907226562], "ClipBounds": [499.96669006347656, 632.6464385986328, 562.1688537597656, 640.1904907226562], "Font": {"alt_family_name": "Liberation Sans", "embedded": true, "encoding": "Identity-H", "family_name": "Liberation Sans", "font_type": "CIDFontType2", "italic": false, "monospaced": false, "name": "LiberationSans", "subset": false, "weight": 400}, "HasClip": true, "Lang": "en", "Page": 0, "Path": "//Document/Sect[2]/Table/TR/TD[2]/P", "Text": "$ (164) ", "TextSize": 5.8800048828125, "attributes": {"LineHeight": 7}}, {"Bounds": [38.121795654296875, 620.35205078125, 73.50175476074219, 627.8960876464844], "ClipBounds": [38.121795654296875, 620.35205078125, 73.50175476074219, 627.8960876464844], "Page": 0, "Path": "//Document/Sect[2]/Table/TR[2]/TD", "attributes": {"BBox": [32.398699999999735, 618.6889999999839, 499.179999999993, 630.3289999999979], "BackgroundColor": [1, 1, 1], "BlockAlign": "Middle", "BorderColor": [[0.8000029999999754, 0.9333339999999737, 1], [0.8000029999999754, 0.9333339999999737, 1], null, null], "BorderStyle": ["Solid", "Solid", "None", "None"], "ColIndex": 0, "Height": 11.625, "InlineAlign": "Start", "RowIndex": 1, "Width": 466.75}}, {"Bounds": [38.121795654296875, 620.35205078125, 73.50175476074219, 627.8960876464844], "ClipBounds": [38.121795654296875, 620.35205078125, 73.50175476074219, 627.8960876464844], "Font": {"alt_family_name": "Liberation Sans", "embedded": true, "encoding": "Identity-H", "family_name": "Liberation Sans", "font_type": "CIDFontType2", "italic": false, "monospaced": false, "name": "LiberationSans", "subset": false, "weight": 400}, "HasClip": true, "Lang": "en", "Page": 0, "Path": "//Document/Sect[2]/Table/TR[2]/TD/P", "Text": "Volume / Mix ", "TextSize": 5.8800048828125, "attributes": {"LineHeight": 7}}, {"Bounds": [549.6791839599609, 620.35205078125, 560.9264526367188, 627.8960876464844], "ClipBounds": [549.6791839599609, 620.35205078125, 560.9264526367188, 627.8960876464844], "Page": 0, "Path": "//Document/Sect[2]/Table/TR[2]/TD[2]", "attributes": {"BBox": [499.179999999993, 618.6889999999839, 562.5369999999821, 630.3289999999979], "BackgroundColor": [1, 1, 1], "BlockAlign": "Middle", "BorderColor": [[0.8000029999999754, 0.9333339999999737, 1], [0.8000029999999754, 0.9333339999999737, 1], null, null], "BorderStyle": ["Solid", "Solid", "None", "None"], "ColIndex": 1, "Height": 11.625, "InlineAlign": "End", "RowIndex": 1, "Width": 63.375}}, {"Bounds": [549.6791839599609, 620.35205078125, 560.9264526367188, 627.8960876464844], "ClipBounds": [549.6791839599609, 620.35205078125, 560.9264526367188, 627.8960876464844], "Font": {"alt_family_name": "Liberation Sans", "embedded": true, "encoding": "Identity-H", "family_name": "Liberation Sans", "font_type": "CIDFontType2", "italic": false, "monospaced": false, "name": "LiberationSans", "subset": false, "weight": 400}, "HasClip": true, "Lang": "en", "Page": 0, "Path": "//Document/Sect[2]/Table/TR[2]/TD[2]/P", "Text": "150 ", "TextSize": 5.8800048828125, "attributes": {"LineHeight": 7}}, {"Bounds": [38.121795654296875, 608.0575408935547, 68.28736877441406, 615.6015777587891], "ClipBounds": [38.121795654296875, 608.0575408935547, 68.28736877441406, 615.6015777587891], "Page": 0, "Path": "//Document/Sect[2]/Table/TR[3]/TD", "attributes": {"BBox": [32.398699999999735, 605.7299999999814, 499.179999999993, 618.6889999999839], "BackgroundColor": [0.8000029999999754, 0.9333339999999737, 1], "BlockAlign": "Middle", "ColIndex": 0, "Height": 13, "InlineAlign": "Start", "RowIndex": 2, "Width": 466.75}}, {"Bounds": [38.121795654296875, 608.0575408935547, 68.28736877441406, 615.6015777587891], "ClipBounds": [38.121795654296875, 608.0575408935547, 68.28736877441406, 615.6015777587891], "Font": {"alt_family_name": "Liberation Sans", "embedded": true, "encoding": "Identity-H", "family_name": "Liberation Sans", "font_type": "CIDFontType2", "italic": false, "monospaced": false, "name": "LiberationSans", "subset": false, "weight": 400}, "HasClip": true, "Lang": "en", "Page": 0, "Path": "//Document/Sect[2]/Table/TR[3]/TD/P", "Text": "Net Pricing ", "TextSize": 5.8800048828125, "attributes": {"LineHeight": 7}}, {"Bounds": [549.6791839599609, 608.0575408935547, 560.9264526367188, 615.6015777587891], "ClipBounds": [549.6791839599609, 608.0575408935547, 560.9264526367188, 615.6015777587891], "Page": 0, "Path": "//Document/Sect[2]/Table/TR[3]/TD[2]", "attributes": {"BBox": [499.179999999993, 605.7299999999814, 562.5369999999821, 618.6889999999839], "BackgroundColor": [0.8000029999999754, 0.9333339999999737, 1], "BlockAlign": "Middle", "ColIndex": 1, "Height": 13, "InlineAlign": "End", "RowIndex": 2, "Width": 63.375}}, {"Bounds": [549.6791839599609, 608.0575408935547, 560.9264526367188, 615.6015777587891], "ClipBounds": [549.6791839599609, 608.0575408935547, 560.9264526367188, 615.6015777587891], "Font": {"alt_family_name": "Liberation Sans", "embedded": true, "encoding": "Identity-H", "family_name": "Liberation Sans", "font_type": "CIDFontType2", "italic": false, "monospaced": false, "name": "LiberationSans", "subset": false, "weight": 400}, "HasClip": true, "Lang": "en", "Page": 0, "Path": "//Document/Sect[2]/Table/TR[3]/TD[2]/P", "Text": "218 ", "TextSize": 5.8800048828125, "attributes": {"LineHeight": 7}}, {"Bounds": [38.121795654296875, 595.7630462646484, 51.66343688964844, 603.3070831298828], "ClipBounds": [38.121795654296875, 595.7630462646484, 51.66343688964844, 603.3070831298828], "Page": 0, "Path": "//Document/Sect[2]/Table/TR[4]/TD", "attributes": {"BBox": [32.398699999999735, 594.929999999993, 499.179999999993, 605.8499999999767], "BackgroundColor": [1, 1, 1], "BlockAlign": "Middle", "BorderColor": [[0.8000029999999754, 0.9333339999999737, 1], [0.8000029999999754, 0.9333339999999737, 1], null, null], "BorderStyle": ["Solid", "Solid", "None", "None"], "ColIndex": 0, "Height": 10.875, "InlineAlign": "Start", "RowIndex": 3, "Width": 466.75}}, {"Bounds": [38.121795654296875, 595.7630462646484, 51.66343688964844, 603.3070831298828], "ClipBounds": [38.121795654296875, 595.7630462646484, 51.66343688964844, 603.3070831298828], "Font": {"alt_family_name": "Liberation Sans", "embedded": true, "encoding": "Identity-H", "family_name": "Liberation Sans", "font_type": "CIDFontType2", "italic": false, "monospaced": false, "name": "LiberationSans", "subset": false, "weight": 400}, "HasClip": true, "Lang": "en", "Page": 0, "Path": "//Document/Sect[2]/Table/TR[4]/TD/P", "Text": "Cost ", "TextSize": 5.8800048828125, "attributes": {"LineHeight": 7}}, {"Bounds": [552.8863830566406, 595.7630462646484, 560.8679046630859, 603.3070831298828], "ClipBounds": [552.8863830566406, 595.7630462646484, 560.8679046630859, 603.3070831298828], "Page": 0, "Path": "//Document/Sect[2]/Table/TR[4]/TD[2]", "attributes": {"BBox": [499.179999999993, 594.929999999993, 562.5369999999821, 605.8499999999767], "BackgroundColor": [1, 1, 1], "BlockAlign": "Middle", "BorderColor": [[0.8000029999999754, 0.9333339999999737, 1], [0.8000029999999754, 0.9333339999999737, 1], null, null], "BorderStyle": ["Solid", "Solid", "None", "None"], "ColIndex": 1, "Height": 10.875, "InlineAlign": "End", "RowIndex": 3, "Width": 63.375}}, {"Bounds": [552.8863830566406, 595.7630462646484, 560.8679046630859, 603.3070831298828], "ClipBounds": [552.8863830566406, 595.7630462646484, 560.8679046630859, 603.3070831298828], "Font": {"alt_family_name": "Liberation Sans", "embedded": true, "encoding": "Identity-H", "family_name": "Liberation Sans", "font_type": "CIDFontType2", "italic": false, "monospaced": false, "name": "LiberationSans", "subset": false, "weight": 400}, "HasClip": true, "Lang": "en", "Page": 0, "Path": "//Document/Sect[2]/Table/TR[4]/TD[2]/P", "Text": "24 ", "TextSize": 5.8800048828125, "attributes": {"LineHeight": 7}}, {"Bounds": [38.121795654296875, 583.4685516357422, 65.69781494140625, 591.0125885009766], "ClipBounds": [38.121795654296875, 583.4685516357422, 65.69781494140625, 591.0125885009766], "Page": 0, "Path": "//Document/Sect[2]/Table/TR[5]/TD", "attributes": {"BBox": [32.398699999999735, 581.9709999999905, 499.179999999993, 594.929999999993], "BackgroundColor": [0.8000029999999754, 0.9333339999999737, 1], "BlockAlign": "Middle", "ColIndex": 0, "Height": 13, "InlineAlign": "Start", "RowIndex": 4, "Width": 466.75}}, {"Bounds": [38.121795654296875, 583.4685516357422, 65.69781494140625, 591.0125885009766], "ClipBounds": [38.121795654296875, 583.4685516357422, 65.69781494140625, 591.0125885009766], "Font": {"alt_family_name": "Liberation Sans", "embedded": true, "encoding": "Identity-H", "family_name": "Liberation Sans", "font_type": "CIDFontType2", "italic": false, "monospaced": false, "name": "LiberationSans", "subset": false, "weight": 400}, "HasClip": true, "Lang": "en", "Page": 0, "Path": "//Document/Sect[2]/Table/TR[5]/TD/P", "Text": "Exchange ", "TextSize": 5.8800048828125, "attributes": {"LineHeight": 7}}, {"Bounds": [549.6791839599609, 583.4685516357422, 560.9264526367188, 591.0125885009766], "ClipBounds": [549.6791839599609, 583.4685516357422, 560.9264526367188, 591.0125885009766], "Page": 0, "Path": "//Document/Sect[2]/Table/TR[5]/TD[2]", "attributes": {"BBox": [499.179999999993, 581.9709999999905, 562.5369999999821, 594.929999999993], "BackgroundColor": [0.8000029999999754, 0.9333339999999737, 1], "BlockAlign": "Middle", "ColIndex": 1, "Height": 13, "InlineAlign": "End", "RowIndex": 4, "Width": 63.375}}, {"Bounds": [549.6791839599609, 583.4685516357422, 560.9264526367188, 591.0125885009766], "ClipBounds": [549.6791839599609, 583.4685516357422, 560.9264526367188, 591.0125885009766], "Font": {"alt_family_name": "Liberation Sans", "embedded": true, "encoding": "Identity-H", "family_name": "Liberation Sans", "font_type": "CIDFontType2", "italic": false, "monospaced": false, "name": "LiberationSans", "subset": false, "weight": 400}, "HasClip": true, "Lang": "en", "Page": 0, "Path": "//Document/Sect[2]/Table/TR[5]/TD[2]/P", "Text": "344 ", "TextSize": 5.8800048828125, "attributes": {"LineHeight": 7}}, {"Bounds": [38.121795654296875, 571.1740417480469, 54.26121520996094, 578.7180786132812], "ClipBounds": [38.121795654296875, 571.1740417480469, 54.26121520996094, 578.7180786132812], "Page": 0, "Path": "//Document/Sect[2]/Table/TR[6]/TD", "attributes": {"BBox": [32.398699999999735, 569.0109999999986, 499.179999999993, 582.0909999999858], "BackgroundColor": [1, 1, 1], "BlockAlign": "Middle", "BorderColor": [[0.8000029999999754, 0.9333339999999737, 1], [0.8000029999999754, 0.9333339999999737, 1], null, null], "BorderStyle": ["Solid", "Solid", "None", "None"], "ColIndex": 0, "Height": 13.125, "InlineAlign": "Start", "RowIndex": 5, "Width": 466.75}}, {"Bounds": [38.121795654296875, 571.1740417480469, 54.26121520996094, 578.7180786132812], "ClipBounds": [38.121795654296875, 571.1740417480469, 54.26121520996094, 578.7180786132812], "Font": {"alt_family_name": "Liberation Sans", "embedded": true, "encoding": "Identity-H", "family_name": "Liberation Sans", "font_type": "CIDFontType2", "italic": false, "monospaced": false, "name": "LiberationSans", "subset": false, "weight": 400}, "HasClip": true, "Lang": "en", "Page": 0, "Path": "//Document/Sect[2]/Table/TR[6]/TD/P", "Text": "Other ", "TextSize": 5.8800048828125, "attributes": {"LineHeight": 7}}, {"Bounds": [552.8863830566406, 571.1740417480469, 560.8679046630859, 578.7180786132812], "ClipBounds": [552.8863830566406, 571.1740417480469, 560.8679046630859, 578.7180786132812], "Page": 0, "Path": "//Document/Sect[2]/Table/TR[6]/TD[2]", "attributes": {"BBox": [499.179999999993, 569.0109999999986, 562.5369999999821, 582.0909999999858], "BackgroundColor": [1, 1, 1], "BlockAlign": "Middle", "BorderColor": [[0.8000029999999754, 0.9333339999999737, 1], [0.8000029999999754, 0.9333339999999737, 1], null, null], "BorderStyle": ["Solid", "Solid", "None", "None"], "ColIndex": 1, "Height": 13.125, "InlineAlign": "End", "RowIndex": 5, "Width": 63.375}}, {"Bounds": [552.8863830566406, 571.1740417480469, 560.8679046630859, 578.7180786132812], "ClipBounds": [552.8863830566406, 571.1740417480469, 560.8679046630859, 578.7180786132812], "Font": {"alt_family_name": "Liberation Sans", "embedded": true, "encoding": "Identity-H", "family_name": "Liberation Sans", "font_type": "CIDFontType2", "italic": false, "monospaced": false, "name": "LiberationSans", "subset": false, "weight": 400}, "HasClip": true, "Lang": "en", "Page": 0, "Path": "//Document/Sect[2]/Table/TR[6]/TD[2]/P", "Text": "50 ", "TextSize": 5.8800048828125, "attributes": {"LineHeight": 7}}, {"Bounds": [41.32899475097656, 556.8467102050781, 97.27601623535156, 565.1316223144531], "ClipBounds": [41.32899475097656, 556.8467102050781, 97.27601623535156, 565.1316223144531], "Page": 0, "Path": "//Document/Sect[2]/Table/TR[7]/TD", "attributes": {"BBox": [32.398699999999735, 554.6119999999937, 499.179999999993, 569.0109999999986], "BackgroundColor": [0.8000029999999754, 0.9333339999999737, 1], "BlockAlign": "Middle", "ColIndex": 0, "Height": 14.375, "InlineAlign": "Start", "RowIndex": 6, "Width": 466.75}}, {"Bounds": [41.32899475097656, 556.8467102050781, 97.27601623535156, 565.1316223144531], "ClipBounds": [41.32899475097656, 556.8467102050781, 97.27601623535156, 565.1316223144531], "Font": {"alt_family_name": "Liberation Sans", "embedded": true, "encoding": "Identity-H", "family_name": "Liberation Sans", "font_type": "CIDFontType2", "italic": false, "monospaced": false, "name": "LiberationSans-Bold", "subset": false, "weight": 700}, "HasClip": true, "Lang": "en", "Page": 0, "Path": "//Document/Sect[2]/Table/TR[7]/TD/P", "Text": "2021 Full Year EBIT ", "TextSize": 5.8800048828125, "attributes": {"LineHeight": 7}}, {"Bounds": [499.96669006347656, 557.9158020019531, 560.9293518066406, 566.2007293701172], "ClipBounds": [499.96669006347656, 557.9158020019531, 560.9293518066406, 566.2007293701172], "Page": 0, "Path": "//Document/Sect[2]/Table/TR[7]/TD[2]", "attributes": {"BBox": [499.179999999993, 554.6119999999937, 562.5369999999821, 569.0109999999986], "BackgroundColor": [0.8000029999999754, 0.9333339999999737, 1], "BlockAlign": "Middle", "ColIndex": 1, "Height": 14.375, "InlineAlign": "End", "RowIndex": 6, "Width": 63.375}}, {"Bounds": [499.96669006347656, 557.9158020019531, 560.9293518066406, 566.2007293701172], "ClipBounds": [499.96669006347656, 557.9158020019531, 560.9293518066406, 566.2007293701172], "Font": {"alt_family_name": "Liberation Sans", "embedded": true, "encoding": "Identity-H", "family_name": "Liberation Sans", "font_type": "CIDFontType2", "italic": false, "monospaced": false, "name": "LiberationSans-Bold", "subset": false, "weight": 700}, "HasClip": true, "Lang": "en", "Page": 0, "Path": "//Document/Sect[2]/Table/TR[7]/TD[2]/P", "Text": "$ 622 ", "TextSize": 5.8800048828125, "attributes": {"LineHeight": 7}}, {"Bounds": [32.791259765625, 510.97483825683594, 559.2105865478516, 540.2097015380859], "ClipBounds": [32.791259765625, 510.97483825683594, 559.2105865478516, 540.2097015380859], "Font": {"alt_family_name": "Liberation Sans", "embedded": true, "encoding": "Identity-H", "family_name": "Liberation Sans", "font_type": "CIDFontType2", "italic": false, "monospaced": false, "name": "LiberationSans", "subset": false, "weight": 400}, "HasClip": true, "Lang": "en", "Page": 0, "Path": "//Document/Sect[2]/P", "Text": "In our International Markets Group, 2021 wholesales increased 11% from 2020, reflecting the non-recurrence of the COVID-related production suspension and higher industry volumes, partially offset by the impact of semiconductor-related supply constraints. Full year 2021 revenue increased 19% from 2020, driven by higher volume and mix, higher net pricing, and stronger currencies. ", "TextSize": 6.9490966796875, "attributes": {"SpaceAfter": 10.125}}, {"Bounds": [32.80516052246094, 480.5091247558594, 561.9944000244141, 499.58441162109375], "ClipBounds": [32.80516052246094, 480.5091247558594, 561.9944000244141, 499.58441162109375], "Font": {"alt_family_name": "Liberation Sans", "embedded": true, "encoding": "Identity-H", "family_name": "Liberation Sans", "font_type": "CIDFontType2", "italic": false, "monospaced": false, "name": "LiberationSans", "subset": false, "weight": 400}, "HasClip": true, "Lang": "en", "Page": 0, "Path": "//Document/Sect[2]/P[2]", "Text": "Our International Markets Group\u2019s 2021 EBIT improved $786 million from 2020 with an EBIT margin of 6.9%. The EBIT improvement was driven by stronger currencies, higher net pricing and volume, and lower warranty expense. ", "TextSize": 6.9490966796875, "attributes": {"SpaceAfter": 17.375}}, {"Bounds": [293.63319396972656, 454.85430908203125, 303.06520080566406, 463.77000427246094], "ClipBounds": [293.63319396972656, 454.85430908203125, 303.06520080566406, 463.77000427246094], "Font": {"alt_family_name": "Liberation Sans", "embedded": true, "encoding": "Identity-H", "family_name": "Liberation Sans", "font_type": "CIDFontType2", "italic": false, "monospaced": false, "name": "LiberationSans", "subset": false, "weight": 400}, "HasClip": true, "Lang": "en", "Page": 0, "Path": "//Document/Sect[2]/P[3]", "Text": "57 ", "TextSize": 6.9490966796875, "attributes": {"LineHeight": 8.375, "TextAlign": "Center"}}], "pages": [{"boxes": {"CropBox": [0.0, 0.0, 595.0, 842.0], "MediaBox": [0.0, 0.0, 595.0, 842.0]}, "height": 842.0, "is_scanned": false, "page_number": 0, "rotation": 0, "width": 595.0}]}