{"version": {"json_export": "193", "page_segmentation": "5", "schema": "1.1.0", "structure": "1.1074.0", "table_structure": "5"}, "extended_metadata": {"ID_instance": "BC DD 3F 9C DB B8 B2 11 0A 00 67 45 8B 6B C6 23 ", "ID_permanent": "36 39 20 46 41 20 33 43 20 39 43 20 44 42 20 42 38 20 42 32 20 31 31 20 30 41 20 30 30 20 36 37 20 34 35 20 38 42 20 36 42 20 43 36 20 32 33 20 ", "pdf_version": "1.6", "pdfa_compliance_level": "", "is_encrypted": false, "has_acroform": false, "is_digitally_signed": false, "pdfua_compliance_level": "", "page_count": 1, "has_embedded_files": false, "is_certified": false, "is_XFA": false, "language": "en"}, "elements": [{"Bounds": [220.6680908203125, 792.708740234375, 375.4822235107422, 812.6596069335938], "ClipBounds": [220.6680908203125, 792.708740234375, 375.4822235107422, 812.6596069335938], "Font": {"alt_family_name": "Liberation Sans", "embedded": true, "encoding": "Identity-H", "family_name": "Liberation Sans", "font_type": "CIDFontType2", "italic": false, "monospaced": false, "name": "LiberationSans-Bold", "subset": false, "weight": 700}, "HasClip": true, "Lang": "en", "Page": 0, "Path": "//Document/Sect/Title", "Text": "FORD MOTOR COMPANY AND SUBSIDIARIES NOTES TO THE FINANCIAL STATEMENTS ", "TextSize": 6.9490966796875, "attributes": {"LineHeight": 10.25, "TextAlign": "Center"}}, {"Bounds": [32.77630615234375, 770.7957153320312, 125.35752868652344, 780.5870056152344], "ClipBounds": [32.77630615234375, 770.7957153320312, 125.35752868652344, 780.5870056152344], "Font": {"alt_family_name": "Liberation Sans", "embedded": true, "encoding": "Identity-H", "family_name": "Liberation Sans", "font_type": "CIDFontType2", "italic": false, "monospaced": false, "name": "LiberationSans-Bold", "subset": false, "weight": 700}, "HasClip": true, "Lang": "en", "Page": 0, "Path": "//Document/Sect[2]/H1", "Text": "NOTE 13. NET PROPERTY ", "TextSize": 6.9490966796875, "attributes": {"LineHeight": 8.375, "SpaceAfter": 10.125}}, {"Bounds": [32.77857971191406, 740.8308258056641, 563.149169921875, 759.9060974121094], "ClipBounds": [32.77857971191406, 740.8308258056641, 563.149169921875, 759.9060974121094], "Font": {"alt_family_name": "Liberation Sans", "embedded": true, "encoding": "Identity-H", "family_name": "Liberation Sans", "font_type": "CIDFontType2", "italic": false, "monospaced": false, "name": "LiberationSans", "subset": false, "weight": 400}, "HasClip": true, "Lang": "en", "Page": 0, "Path": "//Document/Sect[2]/P", "Text": "Net property is reported at cost, net of accumulated depreciation, which includes impairments. We capitalize new assets when we expect to use the asset for more than one year. Routine maintenance and repair costs are expensed when incurred. ", "TextSize": 6.9490966796875, "attributes": {"SpaceAfter": 10.125}}, {"Bounds": [32.78375244140625, 700.2055206298828, 541.4727172851562, 729.4371948242188], "ClipBounds": [32.78375244140625, 700.2055206298828, 541.4727172851562, 729.4371948242188], "Font": {"alt_family_name": "Liberation Sans", "embedded": true, "encoding": "Identity-H", "family_name": "Liberation Sans", "font_type": "CIDFontType2", "italic": false, "monospaced": false, "name": "LiberationSans", "subset": false, "weight": 400}, "HasClip": true, "Lang": "en", "Page": 0, "Path": "//Document/Sect[2]/P[2]", "Text": "Property and equipment are depreciated primarily using the straight-line method over the estimated useful life of the asset. Useful lives range from 3 years to 40 years. The estimated useful lives generally are 14.5 years for machinery and equipment, 8 years for software, 30 years for land improvements, and 40 years for buildings. Tooling generally is amortized over the expected life of a product program using a straight-line method. ", "TextSize": 6.9490966796875, "attributes": {"SpaceAfter": 12}}, {"Bounds": [45.60539245605469, 679.8962097167969, 222.4537353515625, 688.8119049072266], "ClipBounds": [45.60539245605469, 679.8962097167969, 222.4537353515625, 688.8119049072266], "Font": {"alt_family_name": "Liberation Sans", "embedded": true, "encoding": "Identity-H", "family_name": "Liberation Sans", "font_type": "CIDFontType2", "italic": false, "monospaced": false, "name": "LiberationSans", "subset": false, "weight": 400}, "HasClip": true, "Lang": "en", "Page": 0, "Path": "//Document/Sect[2]/P[3]", "Text": "Net property at December 31 was as follows (in millions): ", "TextSize": 6.9490966796875, "attributes": {"LineHeight": 8.375, "SpaceAfter": 9.875}}, {"Bounds": [46.139892578125, 541.7735443115234, 562.1768798828125, 675.7813262939453], "ClipBounds": [46.139892578125, 541.7735443115234, 562.1768798828125, 675.7813262939453], "Page": 0, "Path": "//Document/Sect[2]/Table", "attributes": {"BBox": [32.398699999999735, 538.7719999999972, 562.5369999999821, 674.3669999999984], "NumCol": 3, "NumRow": 11, "Placement": "Block", "SpaceAfter": 11.625}, "filePaths": ["tables/fileoutpart0.xlsx", "tables/fileoutpart1.png"]}, {"Path": "//Document/Sect[2]/Table/TR/TD", "attributes": {"BBox": [32.398699999999735, 665.4869999999937, 340.66599999999744, 674.3669999999984], "BlockAlign": "Before", "BorderColor": [null, [0.8000029999999754, 0.9333339999999737, 1], null, null], "BorderStyle": ["None", "Solid", "None", "None"], "ColIndex": 0, "Height": 8.875, "InlineAlign": "Start", "RowIndex": 0, "Width": 308.25}}, {"Bounds": [448.6505889892578, 667.4963989257812, 463.1636047363281, 675.7813262939453], "ClipBounds": [448.6505889892578, 667.4963989257812, 463.1636047363281, 675.7813262939453], "Page": 0, "Path": "//Document/Sect[2]/Table/TR/TH", "attributes": {"BBox": [340.66599999999744, 665.4869999999937, 487.65999999998894, 674.3669999999984], "BlockAlign": "Before", "BorderColor": [null, [0.8000029999999754, 0.9333339999999737, 1], null, null], "BorderStyle": ["None", "Solid", "None", "None"], "ColIndex": 1, "Height": 8.875, "InlineAlign": "End", "RowIndex": 0, "Width": 147}}, {"Bounds": [448.6505889892578, 667.4963989257812, 463.1636047363281, 675.7813262939453], "ClipBounds": [448.6505889892578, 667.4963989257812, 463.1636047363281, 675.7813262939453], "Font": {"alt_family_name": "Liberation Sans", "embedded": true, "encoding": "Identity-H", "family_name": "Liberation Sans", "font_type": "CIDFontType2", "italic": false, "monospaced": false, "name": "LiberationSans-Bold", "subset": false, "weight": 700}, "HasClip": true, "Lang": "en", "Page": 0, "Path": "//Document/Sect[2]/Table/TR/TH/P", "Text": "2021 ", "TextSize": 5.8800048828125, "attributes": {"LineHeight": 7}}, {"Bounds": [525.6247863769531, 667.4963989257812, 540.1378021240234, 675.7813262939453], "ClipBounds": [525.6247863769531, 667.4963989257812, 540.1378021240234, 675.7813262939453], "Page": 0, "Path": "//Document/Sect[2]/Table/TR/TH[2]", "attributes": {"BBox": [487.65999999998894, 665.4869999999937, 562.5369999999821, 674.3669999999984], "BlockAlign": "Before", "BorderColor": [null, [0, 0, 0], null, null], "BorderStyle": ["None", "Solid", "None", "None"], "ColIndex": 2, "Height": 8.875, "InlineAlign": "Center", "RowIndex": 0, "Width": 74.875}}, {"Bounds": [525.6247863769531, 667.4963989257812, 540.1378021240234, 675.7813262939453], "ClipBounds": [525.6247863769531, 667.4963989257812, 540.1378021240234, 675.7813262939453], "Font": {"alt_family_name": "Liberation Sans", "embedded": true, "encoding": "Identity-H", "family_name": "Liberation Sans", "font_type": "CIDFontType2", "italic": false, "monospaced": false, "name": "LiberationSans-Bold", "subset": false, "weight": 700}, "HasClip": true, "Lang": "en", "Page": 0, "Path": "//Document/Sect[2]/Table/TR/TH[2]/P", "Text": "2022 ", "TextSize": 5.8800048828125, "attributes": {"LineHeight": 7}}, {"Bounds": [46.139892578125, 655.0966491699219, 60.65290832519531, 662.6406860351562], "ClipBounds": [46.139892578125, 655.0966491699219, 60.65290832519531, 662.6406860351562], "Page": 0, "Path": "//Document/Sect[2]/Table/TR[2]/TD", "attributes": {"BBox": [32.398699999999735, 653.9679999999935, 340.66599999999744, 665.4869999999937], "BackgroundColor": [0.8000029999999754, 0.9333339999999737, 1], "BlockAlign": "Middle", "ColIndex": 0, "Height": 11.5, "InlineAlign": "Start", "RowIndex": 1, "Width": 308.25}}, {"Bounds": [46.139892578125, 655.0966491699219, 60.65290832519531, 662.6406860351562], "ClipBounds": [46.139892578125, 655.0966491699219, 60.65290832519531, 662.6406860351562], "Font": {"alt_family_name": "Liberation Sans", "embedded": true, "encoding": "Identity-H", "family_name": "Liberation Sans", "font_type": "CIDFontType2", "italic": false, "monospaced": false, "name": "LiberationSans", "subset": false, "weight": 400}, "HasClip": true, "Lang": "en", "Page": 0, "Path": "//Document/Sect[2]/Table/TR[2]/TD/P", "Text": "Land ", "TextSize": 5.8800048828125, "attributes": {"LineHeight": 7}}, {"Bounds": [425.665283203125, 655.0966491699219, 482.34730529785156, 662.6406860351562], "ClipBounds": [425.665283203125, 655.0966491699219, 482.34730529785156, 662.6406860351562], "Page": 0, "Path": "//Document/Sect[2]/Table/TR[2]/TD[2]", "attributes": {"BBox": [340.66599999999744, 653.9679999999935, 487.65999999998894, 665.4869999999937], "BackgroundColor": [0.8000029999999754, 0.9333339999999737, 1], "BlockAlign": "Middle", "ColIndex": 1, "Height": 11.5, "InlineAlign": "End", "RowIndex": 1, "Width": 147}}, {"Bounds": [425.665283203125, 655.0966491699219, 482.34730529785156, 662.6406860351562], "ClipBounds": [425.665283203125, 655.0966491699219, 482.34730529785156, 662.6406860351562], "Font": {"alt_family_name": "Liberation Sans", "embedded": true, "encoding": "Identity-H", "family_name": "Liberation Sans", "font_type": "CIDFontType2", "italic": false, "monospaced": false, "name": "LiberationSans", "subset": false, "weight": 400}, "HasClip": true, "Lang": "en", "Page": 0, "Path": "//Document/Sect[2]/Table/TR[2]/TD[2]/P", "Text": "$ 450 ", "TextSize": 5.8800048828125, "attributes": {"LineHeight": 7}}, {"Bounds": [502.63938903808594, 655.0966491699219, 559.3214111328125, 662.6406860351562], "ClipBounds": [502.63938903808594, 655.0966491699219, 559.3214111328125, 662.6406860351562], "Page": 0, "Path": "//Document/Sect[2]/Table/TR[2]/TD[3]", "attributes": {"BBox": [487.65999999998894, 653.9679999999935, 562.6569999999774, 665.6069999999891], "BackgroundColor": [0.8000029999999754, 0.9333339999999737, 1], "BlockAlign": "Middle", "BorderColor": [[0, 0, 0], [0, 0, 0], null, [0, 0, 0]], "BorderStyle": ["Solid", "Solid", "None", "Solid"], "BorderThickness": [0, 0, 0, 0.125], "ColIndex": 2, "Height": 11.625, "InlineAlign": "End", "RowIndex": 1, "Width": 75}}, {"Bounds": [502.63938903808594, 655.0966491699219, 559.3214111328125, 662.6406860351562], "ClipBounds": [502.63938903808594, 655.0966491699219, 559.3214111328125, 662.6406860351562], "Font": {"alt_family_name": "Liberation Sans", "embedded": true, "encoding": "Identity-H", "family_name": "Liberation Sans", "font_type": "CIDFontType2", "italic": false, "monospaced": false, "name": "LiberationSans", "subset": false, "weight": 400}, "HasClip": true, "Lang": "en", "Page": 0, "Path": "//Document/Sect[2]/Table/TR[2]/TD[3]/P", "Text": "$ 371 ", "TextSize": 5.8800048828125, "attributes": {"LineHeight": 7}}, {"Bounds": [46.139892578125, 642.8021392822266, 134.08529663085938, 650.3461761474609], "ClipBounds": [46.139892578125, 642.8021392822266, 134.08529663085938, 650.3461761474609], "Page": 0, "Path": "//Document/Sect[2]/Table/TR[3]/TD", "attributes": {"BBox": [32.398699999999735, 641.0079999999725, 340.66599999999744, 654.0879999999888], "BackgroundColor": [1, 1, 1], "BlockAlign": "Middle", "BorderColor": [[0.8000029999999754, 0.9333339999999737, 1], [0.8000029999999754, 0.9333339999999737, 1], null, null], "BorderStyle": ["Solid", "Solid", "None", "None"], "ColIndex": 0, "Height": 13.125, "InlineAlign": "Start", "RowIndex": 2, "Width": 308.25}}, {"Bounds": [46.139892578125, 642.8021392822266, 134.08529663085938, 650.3461761474609], "ClipBounds": [46.139892578125, 642.8021392822266, 134.08529663085938, 650.3461761474609], "Font": {"alt_family_name": "Liberation Sans", "embedded": true, "encoding": "Identity-H", "family_name": "Liberation Sans", "font_type": "CIDFontType2", "italic": false, "monospaced": false, "name": "LiberationSans", "subset": false, "weight": 400}, "HasClip": true, "Lang": "en", "Page": 0, "Path": "//Document/Sect[2]/Table/TR[3]/TD/P", "Text": "Buildings and land improvements ", "TextSize": 5.8800048828125, "attributes": {"LineHeight": 7}}, {"Bounds": [462.54869079589844, 642.8021392822266, 481.9562225341797, 650.3461761474609], "ClipBounds": [462.54869079589844, 642.8021392822266, 481.9562225341797, 650.3461761474609], "Page": 0, "Path": "//Document/Sect[2]/Table/TR[3]/TD[2]", "attributes": {"BBox": [340.66599999999744, 641.0079999999725, 487.65999999998894, 654.0879999999888], "BackgroundColor": [1, 1, 1], "BlockAlign": "Middle", "BorderColor": [[0.8000029999999754, 0.9333339999999737, 1], [0.8000029999999754, 0.9333339999999737, 1], null, null], "BorderStyle": ["Solid", "Solid", "None", "None"], "ColIndex": 1, "Height": 13.125, "InlineAlign": "End", "RowIndex": 2, "Width": 147}}, {"Bounds": [462.54869079589844, 642.8021392822266, 481.9562225341797, 650.3461761474609], "ClipBounds": [462.54869079589844, 642.8021392822266, 481.9562225341797, 650.3461761474609], "Font": {"alt_family_name": "Liberation Sans", "embedded": true, "encoding": "Identity-H", "family_name": "Liberation Sans", "font_type": "CIDFontType2", "italic": false, "monospaced": false, "name": "LiberationSans", "subset": false, "weight": 400}, "HasClip": true, "Lang": "en", "Page": 0, "Path": "//Document/Sect[2]/Table/TR[3]/TD[2]/P", "Text": "12,438 ", "TextSize": 5.8800048828125, "attributes": {"LineHeight": 7}}, {"Bounds": [539.5228881835938, 642.8021392822266, 558.930419921875, 650.3461761474609], "ClipBounds": [539.5228881835938, 642.8021392822266, 558.930419921875, 650.3461761474609], "Page": 0, "Path": "//Document/Sect[2]/Table/TR[3]/TD[3]", "attributes": {"BBox": [487.65999999998894, 641.0079999999725, 562.5369999999821, 654.0879999999888], "BackgroundColor": [1, 1, 1], "BlockAlign": "Middle", "BorderColor": [[0, 0, 0], [0.8000029999999754, 0.9333339999999737, 1], null, null], "BorderStyle": ["Solid", "Solid", "None", "None"], "ColIndex": 2, "Height": 13.125, "InlineAlign": "End", "RowIndex": 2, "Width": 74.875}}, {"Bounds": [539.5228881835938, 642.8021392822266, 558.930419921875, 650.3461761474609], "ClipBounds": [539.5228881835938, 642.8021392822266, 558.930419921875, 650.3461761474609], "Font": {"alt_family_name": "Liberation Sans", "embedded": true, "encoding": "Identity-H", "family_name": "Liberation Sans", "font_type": "CIDFontType2", "italic": false, "monospaced": false, "name": "LiberationSans", "subset": false, "weight": 400}, "HasClip": true, "Lang": "en", "Page": 0, "Path": "//Document/Sect[2]/Table/TR[3]/TD[3]/P", "Text": "11,946 ", "TextSize": 5.8800048828125, "attributes": {"LineHeight": 7}}, {"Bounds": [46.139892578125, 630.5076446533203, 133.42967224121094, 638.0516815185547], "ClipBounds": [46.139892578125, 630.5076446533203, 133.42967224121094, 638.0516815185547], "Page": 0, "Path": "//Document/Sect[2]/Table/TR[4]/TD", "attributes": {"BBox": [32.398699999999735, 628.0489999999991, 340.66599999999744, 641.0079999999725], "BackgroundColor": [0.8000029999999754, 0.9333339999999737, 1], "BlockAlign": "Middle", "ColIndex": 0, "Height": 13, "InlineAlign": "Start", "RowIndex": 3, "Width": 308.25}}, {"Bounds": [46.139892578125, 630.5076446533203, 133.42967224121094, 638.0516815185547], "ClipBounds": [46.139892578125, 630.5076446533203, 133.42967224121094, 638.0516815185547], "Font": {"alt_family_name": "Liberation Sans", "embedded": true, "encoding": "Identity-H", "family_name": "Liberation Sans", "font_type": "CIDFontType2", "italic": false, "monospaced": false, "name": "LiberationSans", "subset": false, "weight": 400}, "HasClip": true, "Lang": "en", "Page": 0, "Path": "//Document/Sect[2]/Table/TR[4]/TD/P", "Text": "Machinery, equipment, and other ", "TextSize": 5.8800048828125, "attributes": {"LineHeight": 7}}, {"Bounds": [462.54869079589844, 630.5076446533203, 481.9562225341797, 638.0516815185547], "ClipBounds": [462.54869079589844, 630.5076446533203, 481.9562225341797, 638.0516815185547], "Page": 0, "Path": "//Document/Sect[2]/Table/TR[4]/TD[2]", "attributes": {"BBox": [340.66599999999744, 628.0489999999991, 487.65999999998894, 641.0079999999725], "BackgroundColor": [0.8000029999999754, 0.9333339999999737, 1], "BlockAlign": "Middle", "ColIndex": 1, "Height": 13, "InlineAlign": "End", "RowIndex": 3, "Width": 147}}, {"Bounds": [462.54869079589844, 630.5076446533203, 481.9562225341797, 638.0516815185547], "ClipBounds": [462.54869079589844, 630.5076446533203, 481.9562225341797, 638.0516815185547], "Font": {"alt_family_name": "Liberation Sans", "embedded": true, "encoding": "Identity-H", "family_name": "Liberation Sans", "font_type": "CIDFontType2", "italic": false, "monospaced": false, "name": "LiberationSans", "subset": false, "weight": 400}, "HasClip": true, "Lang": "en", "Page": 0, "Path": "//Document/Sect[2]/Table/TR[4]/TD[2]/P", "Text": "39,636 ", "TextSize": 5.8800048828125, "attributes": {"LineHeight": 7}}, {"Bounds": [539.5228881835938, 630.5076446533203, 558.930419921875, 638.0516815185547], "ClipBounds": [539.5228881835938, 630.5076446533203, 558.930419921875, 638.0516815185547], "Page": 0, "Path": "//Document/Sect[2]/Table/TR[4]/TD[3]", "attributes": {"BBox": [487.65999999998894, 628.0489999999991, 562.5369999999821, 641.0079999999725], "BackgroundColor": [0.8000029999999754, 0.9333339999999737, 1], "BlockAlign": "Middle", "ColIndex": 2, "Height": 13, "InlineAlign": "End", "RowIndex": 3, "Width": 74.875}}, {"Bounds": [539.5228881835938, 630.5076446533203, 558.930419921875, 638.0516815185547], "ClipBounds": [539.5228881835938, 630.5076446533203, 558.930419921875, 638.0516815185547], "Font": {"alt_family_name": "Liberation Sans", "embedded": true, "encoding": "Identity-H", "family_name": "Liberation Sans", "font_type": "CIDFontType2", "italic": false, "monospaced": false, "name": "LiberationSans", "subset": false, "weight": 400}, "HasClip": true, "Lang": "en", "Page": 0, "Path": "//Document/Sect[2]/Table/TR[4]/TD[3]/P", "Text": "38,964 ", "TextSize": 5.8800048828125, "attributes": {"LineHeight": 7}}, {"Bounds": [46.139892578125, 618.2131500244141, 70.75886535644531, 625.7571868896484], "ClipBounds": [46.139892578125, 618.2131500244141, 70.75886535644531, 625.7571868896484], "Page": 0, "Path": "//Document/Sect[2]/Table/TR[5]/TD", "attributes": {"BBox": [32.398699999999735, 616.5289999999804, 340.66599999999744, 628.1689999999944], "BackgroundColor": [1, 1, 1], "BlockAlign": "Middle", "BorderColor": [[0.8000029999999754, 0.9333339999999737, 1], [0.8000029999999754, 0.9333339999999737, 1], null, null], "BorderStyle": ["Solid", "Solid", "None", "None"], "ColIndex": 0, "Height": 11.625, "InlineAlign": "Start", "RowIndex": 4, "Width": 308.25}}, {"Bounds": [46.139892578125, 618.2131500244141, 70.75886535644531, 625.7571868896484], "ClipBounds": [46.139892578125, 618.2131500244141, 70.75886535644531, 625.7571868896484], "Font": {"alt_family_name": "Liberation Sans", "embedded": true, "encoding": "Identity-H", "family_name": "Liberation Sans", "font_type": "CIDFontType2", "italic": false, "monospaced": false, "name": "LiberationSans", "subset": false, "weight": 400}, "HasClip": true, "Lang": "en", "Page": 0, "Path": "//Document/Sect[2]/Table/TR[5]/TD/P", "Text": "Software ", "TextSize": 5.8800048828125, "attributes": {"LineHeight": 7}}, {"Bounds": [465.7559814453125, 618.2131500244141, 481.89776611328125, 625.7571868896484], "ClipBounds": [465.7559814453125, 618.2131500244141, 481.89776611328125, 625.7571868896484], "Page": 0, "Path": "//Document/Sect[2]/Table/TR[5]/TD[2]", "attributes": {"BBox": [340.66599999999744, 616.5289999999804, 487.65999999998894, 628.1689999999944], "BackgroundColor": [1, 1, 1], "BlockAlign": "Middle", "BorderColor": [[0.8000029999999754, 0.9333339999999737, 1], [0.8000029999999754, 0.9333339999999737, 1], null, null], "BorderStyle": ["Solid", "Solid", "None", "None"], "ColIndex": 1, "Height": 11.625, "InlineAlign": "End", "RowIndex": 4, "Width": 147}}, {"Bounds": [465.7559814453125, 618.2131500244141, 481.89776611328125, 625.7571868896484], "ClipBounds": [465.7559814453125, 618.2131500244141, 481.89776611328125, 625.7571868896484], "Font": {"alt_family_name": "Liberation Sans", "embedded": true, "encoding": "Identity-H", "family_name": "Liberation Sans", "font_type": "CIDFontType2", "italic": false, "monospaced": false, "name": "LiberationSans", "subset": false, "weight": 400}, "HasClip": true, "Lang": "en", "Page": 0, "Path": "//Document/Sect[2]/Table/TR[5]/TD[2]/P", "Text": "4,598 ", "TextSize": 5.8800048828125, "attributes": {"LineHeight": 7}}, {"Bounds": [542.7300872802734, 618.2131500244141, 558.8718566894531, 625.7571868896484], "ClipBounds": [542.7300872802734, 618.2131500244141, 558.8718566894531, 625.7571868896484], "Page": 0, "Path": "//Document/Sect[2]/Table/TR[5]/TD[3]", "attributes": {"BBox": [487.65999999998894, 616.5289999999804, 562.5369999999821, 628.1689999999944], "BackgroundColor": [1, 1, 1], "BlockAlign": "Middle", "BorderColor": [[0.8000029999999754, 0.9333339999999737, 1], [0.8000029999999754, 0.9333339999999737, 1], null, null], "BorderStyle": ["Solid", "Solid", "None", "None"], "ColIndex": 2, "Height": 11.625, "InlineAlign": "End", "RowIndex": 4, "Width": 74.875}}, {"Bounds": [542.7300872802734, 618.2131500244141, 558.8718566894531, 625.7571868896484], "ClipBounds": [542.7300872802734, 618.2131500244141, 558.8718566894531, 625.7571868896484], "Font": {"alt_family_name": "Liberation Sans", "embedded": true, "encoding": "Identity-H", "family_name": "Liberation Sans", "font_type": "CIDFontType2", "italic": false, "monospaced": false, "name": "LiberationSans", "subset": false, "weight": 400}, "HasClip": true, "Lang": "en", "Page": 0, "Path": "//Document/Sect[2]/Table/TR[5]/TD[3]/P", "Text": "5,042 ", "TextSize": 5.8800048828125, "attributes": {"LineHeight": 7}}, {"Bounds": [46.139892578125, 605.9187469482422, 111.23385620117188, 613.4627838134766], "ClipBounds": [46.139892578125, 605.9187469482422, 111.23385620117188, 613.4627838134766], "Page": 0, "Path": "//Document/Sect[2]/Table/TR[6]/TD", "attributes": {"BBox": [32.398699999999735, 605.0099999999802, 340.66599999999744, 616.5289999999804], "BackgroundColor": [0.8000029999999754, 0.9333339999999737, 1], "BlockAlign": "Middle", "ColIndex": 0, "Height": 11.5, "InlineAlign": "Start", "RowIndex": 5, "Width": 308.25}}, {"Bounds": [46.139892578125, 605.9187469482422, 111.23385620117188, 613.4627838134766], "ClipBounds": [46.139892578125, 605.9187469482422, 111.23385620117188, 613.4627838134766], "Font": {"alt_family_name": "Liberation Sans", "embedded": true, "encoding": "Identity-H", "family_name": "Liberation Sans", "font_type": "CIDFontType2", "italic": false, "monospaced": false, "name": "LiberationSans", "subset": false, "weight": 400}, "HasClip": true, "Lang": "en", "Page": 0, "Path": "//Document/Sect[2]/Table/TR[6]/TD/P", "Text": "Construction in progress ", "TextSize": 5.8800048828125, "attributes": {"LineHeight": 7}}, {"Bounds": [465.7559814453125, 605.9187469482422, 481.89776611328125, 613.4627838134766], "ClipBounds": [465.7559814453125, 605.9187469482422, 481.89776611328125, 613.4627838134766], "Page": 0, "Path": "//Document/Sect[2]/Table/TR[6]/TD[2]", "attributes": {"BBox": [340.66599999999744, 605.0099999999802, 487.65999999998894, 616.5289999999804], "BackgroundColor": [0.8000029999999754, 0.9333339999999737, 1], "BlockAlign": "Middle", "ColIndex": 1, "Height": 11.5, "InlineAlign": "End", "RowIndex": 5, "Width": 147}}, {"Bounds": [465.7559814453125, 605.9187469482422, 481.89776611328125, 613.4627838134766], "ClipBounds": [465.7559814453125, 605.9187469482422, 481.89776611328125, 613.4627838134766], "Font": {"alt_family_name": "Liberation Sans", "embedded": true, "encoding": "Identity-H", "family_name": "Liberation Sans", "font_type": "CIDFontType2", "italic": false, "monospaced": false, "name": "LiberationSans", "subset": false, "weight": 400}, "HasClip": true, "Lang": "en", "Page": 0, "Path": "//Document/Sect[2]/Table/TR[6]/TD[2]/P", "Text": "2,152 ", "TextSize": 5.8800048828125, "attributes": {"LineHeight": 7}}, {"Bounds": [542.7300872802734, 605.9187469482422, 558.8718566894531, 613.4627838134766], "ClipBounds": [542.7300872802734, 605.9187469482422, 558.8718566894531, 613.4627838134766], "Page": 0, "Path": "//Document/Sect[2]/Table/TR[6]/TD[3]", "attributes": {"BBox": [487.65999999998894, 605.0099999999802, 562.5369999999821, 616.5289999999804], "BackgroundColor": [0.8000029999999754, 0.9333339999999737, 1], "BlockAlign": "Middle", "ColIndex": 2, "Height": 11.5, "InlineAlign": "End", "RowIndex": 5, "Width": 74.875}}, {"Bounds": [542.7300872802734, 605.9187469482422, 558.8718566894531, 613.4627838134766], "ClipBounds": [542.7300872802734, 605.9187469482422, 558.8718566894531, 613.4627838134766], "Font": {"alt_family_name": "Liberation Sans", "embedded": true, "encoding": "Identity-H", "family_name": "Liberation Sans", "font_type": "CIDFontType2", "italic": false, "monospaced": false, "name": "LiberationSans", "subset": false, "weight": 400}, "HasClip": true, "Lang": "en", "Page": 0, "Path": "//Document/Sect[2]/Table/TR[6]/TD[3]/P", "Text": "3,203 ", "TextSize": 5.8800048828125, "attributes": {"LineHeight": 7}}, {"Bounds": [50.9508056640625, 593.0896453857422, 162.713134765625, 600.6336822509766], "ClipBounds": [50.9508056640625, 593.0896453857422, 162.713134765625, 600.6336822509766], "Page": 0, "Path": "//Document/Sect[2]/Table/TR[7]/TD", "attributes": {"BBox": [32.398699999999735, 590.609999999986, 340.66599999999744, 605.1299999999756], "BackgroundColor": [1, 1, 1], "BlockAlign": "Middle", "BorderColor": [[0.8000029999999754, 0.9333339999999737, 1], [0.8000029999999754, 0.9333339999999737, 1], null, null], "BorderStyle": ["Solid", "Solid", "None", "None"], "ColIndex": 0, "Height": 14.5, "InlineAlign": "Start", "RowIndex": 6, "Width": 308.25}}, {"Bounds": [50.9508056640625, 593.0896453857422, 162.713134765625, 600.6336822509766], "ClipBounds": [50.9508056640625, 593.0896453857422, 162.713134765625, 600.6336822509766], "Font": {"alt_family_name": "Liberation Sans", "embedded": true, "encoding": "Identity-H", "family_name": "Liberation Sans", "font_type": "CIDFontType2", "italic": false, "monospaced": false, "name": "LiberationSans", "subset": false, "weight": 400}, "HasClip": true, "Lang": "en", "Page": 0, "Path": "//Document/Sect[2]/Table/TR[7]/TD/P", "Text": "Total land, plant and equipment, and other ", "TextSize": 5.8800048828125, "attributes": {"LineHeight": 7}}, {"Bounds": [462.54869079589844, 593.0896453857422, 481.9562225341797, 600.6336822509766], "ClipBounds": [462.54869079589844, 593.0896453857422, 481.9562225341797, 600.6336822509766], "Page": 0, "Path": "//Document/Sect[2]/Table/TR[7]/TD[2]", "attributes": {"BBox": [340.66599999999744, 590.609999999986, 487.65999999998894, 605.1299999999756], "BackgroundColor": [1, 1, 1], "BlockAlign": "Middle", "BorderColor": [[0.8000029999999754, 0.9333339999999737, 1], [0.8000029999999754, 0.9333339999999737, 1], null, null], "BorderStyle": ["Solid", "Solid", "None", "None"], "ColIndex": 1, "Height": 14.5, "InlineAlign": "End", "RowIndex": 6, "Width": 147}}, {"Bounds": [462.54869079589844, 593.0896453857422, 481.9562225341797, 600.6336822509766], "ClipBounds": [462.54869079589844, 593.0896453857422, 481.9562225341797, 600.6336822509766], "Font": {"alt_family_name": "Liberation Sans", "embedded": true, "encoding": "Identity-H", "family_name": "Liberation Sans", "font_type": "CIDFontType2", "italic": false, "monospaced": false, "name": "LiberationSans", "subset": false, "weight": 400}, "HasClip": true, "Lang": "en", "Page": 0, "Path": "//Document/Sect[2]/Table/TR[7]/TD[2]/P", "Text": "59,274 ", "TextSize": 5.8800048828125, "attributes": {"LineHeight": 7}}, {"Bounds": [539.5228881835938, 593.0896453857422, 558.930419921875, 600.6336822509766], "ClipBounds": [539.5228881835938, 593.0896453857422, 558.930419921875, 600.6336822509766], "Page": 0, "Path": "//Document/Sect[2]/Table/TR[7]/TD[3]", "attributes": {"BBox": [487.65999999998894, 590.609999999986, 562.5369999999821, 605.1299999999756], "BackgroundColor": [1, 1, 1], "BlockAlign": "Middle", "BorderColor": [[0.8000029999999754, 0.9333339999999737, 1], [0.8000029999999754, 0.9333339999999737, 1], null, null], "BorderStyle": ["Solid", "Solid", "None", "None"], "ColIndex": 2, "Height": 14.5, "InlineAlign": "End", "RowIndex": 6, "Width": 74.875}}, {"Bounds": [539.5228881835938, 593.0896453857422, 558.930419921875, 600.6336822509766], "ClipBounds": [539.5228881835938, 593.0896453857422, 558.930419921875, 600.6336822509766], "Font": {"alt_family_name": "Liberation Sans", "embedded": true, "encoding": "Identity-H", "family_name": "Liberation Sans", "font_type": "CIDFontType2", "italic": false, "monospaced": false, "name": "LiberationSans", "subset": false, "weight": 400}, "HasClip": true, "Lang": "en", "Page": 0, "Path": "//Document/Sect[2]/Table/TR[7]/TD[3]/P", "Text": "59,526 ", "TextSize": 5.8800048828125, "attributes": {"LineHeight": 7}}, {"Bounds": [46.139892578125, 580.7952423095703, 115.15875244140625, 588.3392791748047], "ClipBounds": [46.139892578125, 580.7952423095703, 115.15875244140625, 588.3392791748047], "Page": 0, "Path": "//Document/Sect[2]/Table/TR[8]/TD", "attributes": {"BBox": [32.398699999999735, 579.0909999999858, 340.66599999999744, 590.609999999986], "BackgroundColor": [0.8000029999999754, 0.9333339999999737, 1], "BlockAlign": "Middle", "ColIndex": 0, "Height": 11.5, "InlineAlign": "Start", "RowIndex": 7, "Width": 308.25}}, {"Bounds": [46.139892578125, 580.7952423095703, 115.15875244140625, 588.3392791748047], "ClipBounds": [46.139892578125, 580.7952423095703, 115.15875244140625, 588.3392791748047], "Font": {"alt_family_name": "Liberation Sans", "embedded": true, "encoding": "Identity-H", "family_name": "Liberation Sans", "font_type": "CIDFontType2", "italic": false, "monospaced": false, "name": "LiberationSans", "subset": false, "weight": 400}, "HasClip": true, "Lang": "en", "Page": 0, "Path": "//Document/Sect[2]/Table/TR[8]/TD/P", "Text": "Accumulated depreciation ", "TextSize": 5.8800048828125, "attributes": {"LineHeight": 7}}, {"Bounds": [458.2723846435547, 580.7952423095703, 485.2027893066406, 588.3392791748047], "ClipBounds": [458.2723846435547, 580.7952423095703, 485.2027893066406, 588.3392791748047], "Page": 0, "Path": "//Document/Sect[2]/Table/TR[8]/TD[2]", "attributes": {"BBox": [340.66599999999744, 579.0909999999858, 487.65999999998894, 590.609999999986], "BackgroundColor": [0.8000029999999754, 0.9333339999999737, 1], "BlockAlign": "Middle", "ColIndex": 1, "Height": 11.5, "InlineAlign": "End", "RowIndex": 7, "Width": 147}}, {"Bounds": [458.2723846435547, 580.7952423095703, 485.2027893066406, 588.3392791748047], "ClipBounds": [458.2723846435547, 580.7952423095703, 485.2027893066406, 588.3392791748047], "Font": {"alt_family_name": "Liberation Sans", "embedded": true, "encoding": "Identity-H", "family_name": "Liberation Sans", "font_type": "CIDFontType2", "italic": false, "monospaced": false, "name": "LiberationSans", "subset": false, "weight": 400}, "HasClip": true, "Lang": "en", "Page": 0, "Path": "//Document/Sect[2]/Table/TR[8]/TD[2]/P", "Text": "( 32,342 ) ", "TextSize": 5.8800048828125, "attributes": {"LineHeight": 7}}, {"Bounds": [535.2464904785156, 580.7952423095703, 562.1768798828125, 588.3392791748047], "ClipBounds": [535.2464904785156, 580.7952423095703, 562.1768798828125, 588.3392791748047], "Page": 0, "Path": "//Document/Sect[2]/Table/TR[8]/TD[3]", "attributes": {"BBox": [487.65999999998894, 579.0909999999858, 562.5369999999821, 590.609999999986], "BackgroundColor": [0.8000029999999754, 0.9333339999999737, 1], "BlockAlign": "Middle", "ColIndex": 2, "Height": 11.5, "InlineAlign": "End", "RowIndex": 7, "Width": 74.875}}, {"Bounds": [535.2464904785156, 580.7952423095703, 562.1768798828125, 588.3392791748047], "ClipBounds": [535.2464904785156, 580.7952423095703, 562.1768798828125, 588.3392791748047], "Font": {"alt_family_name": "Liberation Sans", "embedded": true, "encoding": "Identity-H", "family_name": "Liberation Sans", "font_type": "CIDFontType2", "italic": false, "monospaced": false, "name": "LiberationSans", "subset": false, "weight": 400}, "HasClip": true, "Lang": "en", "Page": 0, "Path": "//Document/Sect[2]/Table/TR[8]/TD[3]/P", "Text": "( 31,781 ) ", "TextSize": 5.8800048828125, "attributes": {"LineHeight": 7}}, {"Bounds": [50.9508056640625, 567.9661407470703, 158.79705810546875, 575.5101928710938], "ClipBounds": [50.9508056640625, 567.9661407470703, 158.79705810546875, 575.5101928710938], "Page": 0, "Path": "//Document/Sect[2]/Table/TR[9]/TD", "attributes": {"BBox": [32.398699999999735, 566.130999999994, 340.66599999999744, 579.2109999999811], "BackgroundColor": [1, 1, 1], "BlockAlign": "Middle", "BorderColor": [[0.8000029999999754, 0.9333339999999737, 1], [0.8000029999999754, 0.9333339999999737, 1], null, null], "BorderStyle": ["Solid", "Solid", "None", "None"], "ColIndex": 0, "Height": 13.125, "InlineAlign": "Start", "RowIndex": 8, "Width": 308.25}}, {"Bounds": [50.9508056640625, 567.9661407470703, 158.79705810546875, 575.5101928710938], "ClipBounds": [50.9508056640625, 567.9661407470703, 158.79705810546875, 575.5101928710938], "Font": {"alt_family_name": "Liberation Sans", "embedded": true, "encoding": "Identity-H", "family_name": "Liberation Sans", "font_type": "CIDFontType2", "italic": false, "monospaced": false, "name": "LiberationSans", "subset": false, "weight": 400}, "HasClip": true, "Lang": "en", "Page": 0, "Path": "//Document/Sect[2]/Table/TR[9]/TD/P", "Text": "Net land, plant and equipment, and other ", "TextSize": 5.8800048828125, "attributes": {"LineHeight": 7}}, {"Bounds": [462.54869079589844, 567.9661407470703, 481.9562225341797, 575.5101928710938], "ClipBounds": [462.54869079589844, 567.9661407470703, 481.9562225341797, 575.5101928710938], "Page": 0, "Path": "//Document/Sect[2]/Table/TR[9]/TD[2]", "attributes": {"BBox": [340.66599999999744, 566.130999999994, 487.65999999998894, 579.2109999999811], "BackgroundColor": [1, 1, 1], "BlockAlign": "Middle", "BorderColor": [[0.8000029999999754, 0.9333339999999737, 1], [0.8000029999999754, 0.9333339999999737, 1], null, null], "BorderStyle": ["Solid", "Solid", "None", "None"], "ColIndex": 1, "Height": 13.125, "InlineAlign": "End", "RowIndex": 8, "Width": 147}}, {"Bounds": [462.54869079589844, 567.9661407470703, 481.9562225341797, 575.5101928710938], "ClipBounds": [462.54869079589844, 567.9661407470703, 481.9562225341797, 575.5101928710938], "Font": {"alt_family_name": "Liberation Sans", "embedded": true, "encoding": "Identity-H", "family_name": "Liberation Sans", "font_type": "CIDFontType2", "italic": false, "monospaced": false, "name": "LiberationSans", "subset": false, "weight": 400}, "HasClip": true, "Lang": "en", "Page": 0, "Path": "//Document/Sect[2]/Table/TR[9]/TD[2]/P", "Text": "26,932 ", "TextSize": 5.8800048828125, "attributes": {"LineHeight": 7}}, {"Bounds": [539.5228881835938, 567.9661407470703, 558.930419921875, 575.5101928710938], "ClipBounds": [539.5228881835938, 567.9661407470703, 558.930419921875, 575.5101928710938], "Page": 0, "Path": "//Document/Sect[2]/Table/TR[9]/TD[3]", "attributes": {"BBox": [487.65999999998894, 566.130999999994, 562.5369999999821, 579.2109999999811], "BackgroundColor": [1, 1, 1], "BlockAlign": "Middle", "BorderColor": [[0.8000029999999754, 0.9333339999999737, 1], [0.8000029999999754, 0.9333339999999737, 1], null, null], "BorderStyle": ["Solid", "Solid", "None", "None"], "ColIndex": 2, "Height": 13.125, "InlineAlign": "End", "RowIndex": 8, "Width": 74.875}}, {"Bounds": [539.5228881835938, 567.9661407470703, 558.930419921875, 575.5101928710938], "ClipBounds": [539.5228881835938, 567.9661407470703, 558.930419921875, 575.5101928710938], "Font": {"alt_family_name": "Liberation Sans", "embedded": true, "encoding": "Identity-H", "family_name": "Liberation Sans", "font_type": "CIDFontType2", "italic": false, "monospaced": false, "name": "LiberationSans", "subset": false, "weight": 400}, "HasClip": true, "Lang": "en", "Page": 0, "Path": "//Document/Sect[2]/Table/TR[9]/TD[3]/P", "Text": "27,745 ", "TextSize": 5.8800048828125, "attributes": {"LineHeight": 7}}, {"Bounds": [46.139892578125, 555.6716461181641, 118.40216064453125, 563.2156829833984], "ClipBounds": [46.139892578125, 555.6716461181641, 118.40216064453125, 563.2156829833984], "Page": 0, "Path": "//Document/Sect[2]/Table/TR[10]/TD", "attributes": {"BBox": [32.398699999999735, 553.1719999999914, 340.66599999999744, 566.130999999994], "BackgroundColor": [0.8000029999999754, 0.9333339999999737, 1], "BlockAlign": "Middle", "ColIndex": 0, "Height": 13, "InlineAlign": "Start", "RowIndex": 9, "Width": 308.25}}, {"Bounds": [46.139892578125, 555.6716461181641, 118.40216064453125, 563.2156829833984], "ClipBounds": [46.139892578125, 555.6716461181641, 118.40216064453125, 563.2156829833984], "Font": {"alt_family_name": "Liberation Sans", "embedded": true, "encoding": "Identity-H", "family_name": "Liberation Sans", "font_type": "CIDFontType2", "italic": false, "monospaced": false, "name": "LiberationSans", "subset": false, "weight": 400}, "HasClip": true, "Lang": "en", "Page": 0, "Path": "//Document/Sect[2]/Table/TR[10]/TD/P", "Text": "Tooling, net of amortization ", "TextSize": 5.8800048828125, "attributes": {"LineHeight": 7}}, {"Bounds": [462.54869079589844, 555.6716461181641, 481.9562225341797, 563.2156829833984], "ClipBounds": [462.54869079589844, 555.6716461181641, 481.9562225341797, 563.2156829833984], "Page": 0, "Path": "//Document/Sect[2]/Table/TR[10]/TD[2]", "attributes": {"BBox": [340.66599999999744, 553.1719999999914, 487.65999999998894, 566.130999999994], "BackgroundColor": [0.8000029999999754, 0.9333339999999737, 1], "BlockAlign": "Middle", "ColIndex": 1, "Height": 13, "InlineAlign": "End", "RowIndex": 9, "Width": 147}}, {"Bounds": [462.54869079589844, 555.6716461181641, 481.9562225341797, 563.2156829833984], "ClipBounds": [462.54869079589844, 555.6716461181641, 481.9562225341797, 563.2156829833984], "Font": {"alt_family_name": "Liberation Sans", "embedded": true, "encoding": "Identity-H", "family_name": "Liberation Sans", "font_type": "CIDFontType2", "italic": false, "monospaced": false, "name": "LiberationSans", "subset": false, "weight": 400}, "HasClip": true, "Lang": "en", "Page": 0, "Path": "//Document/Sect[2]/Table/TR[10]/TD[2]/P", "Text": "10,207 ", "TextSize": 5.8800048828125, "attributes": {"LineHeight": 7}}, {"Bounds": [542.7300872802734, 555.6716461181641, 558.8718566894531, 563.2156829833984], "ClipBounds": [542.7300872802734, 555.6716461181641, 558.8718566894531, 563.2156829833984], "Page": 0, "Path": "//Document/Sect[2]/Table/TR[10]/TD[3]", "attributes": {"BBox": [487.65999999998894, 553.1719999999914, 562.5369999999821, 566.130999999994], "BackgroundColor": [0.8000029999999754, 0.9333339999999737, 1], "BlockAlign": "Middle", "ColIndex": 2, "Height": 13, "InlineAlign": "End", "RowIndex": 9, "Width": 74.875}}, {"Bounds": [542.7300872802734, 555.6716461181641, 558.8718566894531, 563.2156829833984], "ClipBounds": [542.7300872802734, 555.6716461181641, 558.8718566894531, 563.2156829833984], "Font": {"alt_family_name": "Liberation Sans", "embedded": true, "encoding": "Identity-H", "family_name": "Liberation Sans", "font_type": "CIDFontType2", "italic": false, "monospaced": false, "name": "LiberationSans", "subset": false, "weight": 400}, "HasClip": true, "Lang": "en", "Page": 0, "Path": "//Document/Sect[2]/Table/TR[10]/TD[3]/P", "Text": "9,520 ", "TextSize": 5.8800048828125, "attributes": {"LineHeight": 7}}, {"Bounds": [50.9508056640625, 541.7735443115234, 65.46617126464844, 549.3175811767578], "ClipBounds": [50.9508056640625, 541.7735443115234, 65.46617126464844, 549.3175811767578], "Page": 0, "Path": "//Document/Sect[2]/Table/TR[11]/TD", "attributes": {"BBox": [32.398699999999735, 538.7719999999972, 340.66599999999744, 553.2919999999867], "BackgroundColor": [1, 1, 1], "BlockAlign": "Middle", "BorderColor": [[0.8000029999999754, 0.9333339999999737, 1], null, null, null], "BorderStyle": ["Solid", "None", "None", "None"], "ColIndex": 0, "Height": 14.5, "InlineAlign": "Start", "RowIndex": 10, "Width": 308.25}}, {"Bounds": [50.9508056640625, 541.7735443115234, 65.46617126464844, 549.3175811767578], "ClipBounds": [50.9508056640625, 541.7735443115234, 65.46617126464844, 549.3175811767578], "Font": {"alt_family_name": "Liberation Sans", "embedded": true, "encoding": "Identity-H", "family_name": "Liberation Sans", "font_type": "CIDFontType2", "italic": false, "monospaced": false, "name": "LiberationSans", "subset": false, "weight": 400}, "HasClip": true, "Lang": "en", "Page": 0, "Path": "//Document/Sect[2]/Table/TR[11]/TD/P", "Text": "Total ", "TextSize": 5.8800048828125, "attributes": {"LineHeight": 7}}, {"Bounds": [425.665283203125, 542.8426513671875, 481.9580535888672, 550.3866882324219], "ClipBounds": [425.665283203125, 542.8426513671875, 481.9580535888672, 550.3866882324219], "Page": 0, "Path": "//Document/Sect[2]/Table/TR[11]/TD[2]", "attributes": {"BBox": [340.66599999999744, 537.9319999999716, 487.65999999998894, 553.2919999999867], "BackgroundColor": [1, 1, 1], "BlockAlign": "Middle", "BorderColor": [[0.8000029999999754, 0.9333339999999737, 1], [0, 0, 0], null, null], "BorderStyle": ["Solid", "Solid", "None", "None"], "BorderThickness": [0, 0.875, 0, 0], "ColIndex": 1, "Height": 15.375, "InlineAlign": "End", "RowIndex": 10, "Width": 147}}, {"Bounds": [425.665283203125, 542.8426513671875, 481.9580535888672, 550.3866882324219], "ClipBounds": [425.665283203125, 542.8426513671875, 481.9580535888672, 550.3866882324219], "Font": {"alt_family_name": "Liberation Sans", "embedded": true, "encoding": "Identity-H", "family_name": "Liberation Sans", "font_type": "CIDFontType2", "italic": false, "monospaced": false, "name": "LiberationSans", "subset": false, "weight": 400}, "HasClip": true, "Lang": "en", "Page": 0, "Path": "//Document/Sect[2]/Table/TR[11]/TD[2]/P", "Text": "$ 37,139 ", "TextSize": 5.8800048828125, "attributes": {"LineHeight": 7}}, {"Bounds": [502.63938903808594, 542.8426513671875, 558.9321594238281, 550.3866882324219], "ClipBounds": [502.63938903808594, 542.8426513671875, 558.9321594238281, 550.3866882324219], "Page": 0, "Path": "//Document/Sect[2]/Table/TR[11]/TD[3]", "attributes": {"BBox": [487.65999999998894, 537.9319999999716, 562.5369999999821, 553.2919999999867], "BackgroundColor": [1, 1, 1], "BlockAlign": "Middle", "BorderColor": [[0.8000029999999754, 0.9333339999999737, 1], [0, 0, 0], null, null], "BorderStyle": ["Solid", "Solid", "None", "None"], "BorderThickness": [0, 0.875, 0, 0], "ColIndex": 2, "Height": 15.375, "InlineAlign": "End", "RowIndex": 10, "Width": 74.875}}, {"Bounds": [502.63938903808594, 542.8426513671875, 558.9321594238281, 550.3866882324219], "ClipBounds": [502.63938903808594, 542.8426513671875, 558.9321594238281, 550.3866882324219], "Font": {"alt_family_name": "Liberation Sans", "embedded": true, "encoding": "Identity-H", "family_name": "Liberation Sans", "font_type": "CIDFontType2", "italic": false, "monospaced": false, "name": "LiberationSans", "subset": false, "weight": 400}, "HasClip": true, "Lang": "en", "Page": 0, "Path": "//Document/Sect[2]/Table/TR[11]/TD[3]/P", "Text": "$ 37,265 ", "TextSize": 5.8800048828125, "attributes": {"LineHeight": 7}}, {"Bounds": [45.60539245605469, 515.7916107177734, 464.7410430908203, 524.7073059082031], "ClipBounds": [45.60539245605469, 515.7916107177734, 464.7410430908203, 524.7073059082031], "Font": {"alt_family_name": "Liberation Sans", "embedded": true, "encoding": "Identity-H", "family_name": "Liberation Sans", "font_type": "CIDFontType2", "italic": false, "monospaced": false, "name": "LiberationSans", "subset": false, "weight": 400}, "HasClip": true, "Lang": "en", "Page": 0, "Path": "//Document/Sect[2]/P[4]", "Text": "Property-related expenses, excluding net investment in operating leases, for the years ended December 31 were as follows (in millions): ", "TextSize": 6.9490966796875, "attributes": {"LineHeight": 8.375, "SpaceAfter": 9.5}}, {"Bounds": [46.139892578125, 443.95225524902344, 558.8718566894531, 511.6767272949219], "ClipBounds": [46.139892578125, 443.95225524902344, 558.8718566894531, 511.6767272949219], "Page": 0, "Path": "//Document/Sect[2]/Table[2]", "attributes": {"BBox": [32.398699999999735, 442.29599999998754, 562.5369999999821, 510.6929999999993], "NumCol": 5, "NumRow": 5, "Placement": "Block", "SpaceAfter": 11.625}, "filePaths": ["tables/fileoutpart2.xlsx", "tables/fileoutpart3.png"]}, {"Path": "//Document/Sect[2]/Table[2]/TR/TD", "attributes": {"BBox": [32.398699999999735, 502.0539999999892, 340.66599999999744, 510.6929999999993], "BlockAlign": "Before", "BorderColor": [null, [0.8000029999999754, 0.9333339999999737, 1], null, null], "BorderStyle": ["None", "Solid", "None", "None"], "ColIndex": 0, "Height": 8.625, "InlineAlign": "Start", "RowIndex": 0, "Width": 308.25}}, {"Bounds": [375.68548583984375, 503.3917999267578, 390.19850158691406, 511.6767272949219], "ClipBounds": [375.68548583984375, 503.3917999267578, 390.19850158691406, 511.6767272949219], "Page": 0, "Path": "//Document/Sect[2]/Table[2]/TR/TH", "attributes": {"BBox": [340.66599999999744, 502.0539999999892, 412.6629999999859, 510.6929999999993], "BlockAlign": "Before", "BorderColor": [null, [0.8000029999999754, 0.9333339999999737, 1], null, null], "BorderStyle": ["None", "Solid", "None", "None"], "ColIndex": 1, "ColSpan": 2, "Height": 8.625, "InlineAlign": "Center", "RowIndex": 0, "Width": 72}}, {"Bounds": [375.68548583984375, 503.3917999267578, 390.19850158691406, 511.6767272949219], "ClipBounds": [375.68548583984375, 503.3917999267578, 390.19850158691406, 511.6767272949219], "Font": {"alt_family_name": "Liberation Sans", "embedded": true, "encoding": "Identity-H", "family_name": "Liberation Sans", "font_type": "CIDFontType2", "italic": false, "monospaced": false, "name": "LiberationSans-Bold", "subset": false, "weight": 700}, "HasClip": true, "Lang": "en", "Page": 0, "Path": "//Document/Sect[2]/Table[2]/TR/TH/P", "Text": "2020 ", "TextSize": 5.8800048828125, "attributes": {"LineHeight": 7}}, {"Bounds": [451.0559844970703, 503.3917999267578, 465.5690002441406, 511.6767272949219], "ClipBounds": [451.0559844970703, 503.3917999267578, 465.5690002441406, 511.6767272949219], "Page": 0, "Path": "//Document/Sect[2]/Table[2]/TR/TH[2]", "attributes": {"BBox": [412.6629999999859, 502.0539999999892, 487.65999999998894, 510.6929999999993], "BlockAlign": "Before", "BorderColor": [null, [0, 0, 0], null, null], "BorderStyle": ["None", "Solid", "None", "None"], "ColIndex": 3, "Height": 8.625, "InlineAlign": "Center", "RowIndex": 0, "Width": 75}}, {"Bounds": [451.0559844970703, 503.3917999267578, 465.5690002441406, 511.6767272949219], "ClipBounds": [451.0559844970703, 503.3917999267578, 465.5690002441406, 511.6767272949219], "Font": {"alt_family_name": "Liberation Sans", "embedded": true, "encoding": "Identity-H", "family_name": "Liberation Sans", "font_type": "CIDFontType2", "italic": false, "monospaced": false, "name": "LiberationSans-Bold", "subset": false, "weight": 700}, "HasClip": true, "Lang": "en", "Page": 0, "Path": "//Document/Sect[2]/Table[2]/TR/TH[2]/P", "Text": "2021 ", "TextSize": 5.8800048828125, "attributes": {"LineHeight": 7}}, {"Bounds": [526.4265899658203, 503.3917999267578, 540.9396057128906, 511.6767272949219], "ClipBounds": [526.4265899658203, 503.3917999267578, 540.9396057128906, 511.6767272949219], "Page": 0, "Path": "//Document/Sect[2]/Table[2]/TR/TH[3]", "attributes": {"BBox": [487.65999999998894, 502.0539999999892, 562.5369999999821, 510.6929999999993], "BlockAlign": "Before", "BorderColor": [null, [0, 0, 0], null, null], "BorderStyle": ["None", "Solid", "None", "None"], "ColIndex": 4, "Height": 8.625, "InlineAlign": "Center", "RowIndex": 0, "Width": 74.875}}, {"Bounds": [526.4265899658203, 503.3917999267578, 540.9396057128906, 511.6767272949219], "ClipBounds": [526.4265899658203, 503.3917999267578, 540.9396057128906, 511.6767272949219], "Font": {"alt_family_name": "Liberation Sans", "embedded": true, "encoding": "Identity-H", "family_name": "Liberation Sans", "font_type": "CIDFontType2", "italic": false, "monospaced": false, "name": "LiberationSans-Bold", "subset": false, "weight": 700}, "HasClip": true, "Lang": "en", "Page": 0, "Path": "//Document/Sect[2]/Table[2]/TR/TH[3]/P", "Text": "2022 ", "TextSize": 5.8800048828125, "attributes": {"LineHeight": 7}}, {"Bounds": [46.139892578125, 490.99205017089844, 140.60504150390625, 498.5360870361328], "ClipBounds": [46.139892578125, 490.99205017089844, 140.60504150390625, 498.5360870361328], "Page": 0, "Path": "//Document/Sect[2]/Table[2]/TR[2]/TD", "attributes": {"BBox": [32.398699999999735, 489.0939999999973, 340.66599999999744, 502.0539999999892], "BackgroundColor": [0.8000029999999754, 0.9333339999999737, 1], "BlockAlign": "Middle", "BorderColor": [null, null, null, [0, 0, 0]], "BorderStyle": ["None", "None", "None", "Solid"], "ColIndex": 0, "Height": 13, "InlineAlign": "Start", "RowIndex": 1, "Width": 308.25}}, {"Bounds": [46.139892578125, 490.99205017089844, 140.60504150390625, 498.5360870361328], "ClipBounds": [46.139892578125, 490.99205017089844, 140.60504150390625, 498.5360870361328], "Font": {"alt_family_name": "Liberation Sans", "embedded": true, "encoding": "Identity-H", "family_name": "Liberation Sans", "font_type": "CIDFontType2", "italic": false, "monospaced": false, "name": "LiberationSans", "subset": false, "weight": 400}, "HasClip": true, "Lang": "en", "Page": 0, "Path": "//Document/Sect[2]/Table[2]/TR[2]/TD/P", "Text": "Depreciation and other amortization ", "TextSize": 5.8800048828125, "attributes": {"LineHeight": 7}}, {"Bounds": [353.5019836425781, 490.99205017089844, 358.21775817871094, 498.5360870361328], "ClipBounds": [353.5019836425781, 490.99205017089844, 358.21775817871094, 498.5360870361328], "Page": 0, "Path": "//Document/Sect[2]/Table[2]/TR[2]/TD[2]", "attributes": {"BBox": [340.54599999998754, 489.0939999999973, 385.3039999999892, 502.0539999999892], "BackgroundColor": [0.8000029999999754, 0.9333339999999737, 1], "BlockAlign": "Middle", "BorderColor": [null, null, [0, 0, 0], null], "BorderStyle": ["None", "None", "Solid", "None"], "ColIndex": 1, "Height": 13, "InlineAlign": "Start", "RowIndex": 1, "Width": 44.75}}, {"Bounds": [353.5019836425781, 490.99205017089844, 358.21775817871094, 498.5360870361328], "ClipBounds": [353.5019836425781, 490.99205017089844, 358.21775817871094, 498.5360870361328], "Font": {"alt_family_name": "Liberation Sans", "embedded": true, "encoding": "Identity-H", "family_name": "Liberation Sans", "font_type": "CIDFontType2", "italic": false, "monospaced": false, "name": "LiberationSans", "subset": false, "weight": 400}, "HasClip": true, "Lang": "en", "Page": 0, "Path": "//Document/Sect[2]/Table[2]/TR[2]/TD[2]/P", "Text": "$ ", "TextSize": 5.8800048828125, "attributes": {"LineHeight": 7}}, {"Bounds": [391.9890899658203, 490.99205017089844, 408.130859375, 498.5360870361328], "ClipBounds": [391.9890899658203, 490.99205017089844, 408.130859375, 498.5360870361328], "Page": 0, "Path": "//Document/Sect[2]/Table[2]/TR[2]/TD[3]", "attributes": {"BBox": [385.3039999999892, 489.0939999999973, 412.6629999999859, 502.17399999999907], "BackgroundColor": [0.8000029999999754, 0.9333339999999737, 1], "BlockAlign": "Middle", "BorderColor": [[0, 0, 0], [0, 0, 0], null, null], "BorderStyle": ["Solid", "Solid", "None", "None"], "ColIndex": 2, "Height": 13.125, "InlineAlign": "Center", "RowIndex": 1, "Width": 27.375}}, {"Bounds": [391.9890899658203, 490.99205017089844, 408.130859375, 498.5360870361328], "ClipBounds": [391.9890899658203, 490.99205017089844, 408.130859375, 498.5360870361328], "Font": {"alt_family_name": "Liberation Sans", "embedded": true, "encoding": "Identity-H", "family_name": "Liberation Sans", "font_type": "CIDFontType2", "italic": false, "monospaced": false, "name": "LiberationSans", "subset": false, "weight": 400}, "HasClip": true, "Lang": "en", "Page": 0, "Path": "//Document/Sect[2]/Table[2]/TR[2]/TD[3]/P", "Text": "2,792 ", "TextSize": 5.8800048828125, "attributes": {"LineHeight": 7}}, {"Bounds": [428.8724822998047, 490.99205017089844, 483.4988708496094, 498.5360870361328], "ClipBounds": [428.8724822998047, 490.99205017089844, 483.4988708496094, 498.5360870361328], "Page": 0, "Path": "//Document/Sect[2]/Table[2]/TR[2]/TD[4]", "attributes": {"BBox": [412.6629999999859, 489.0939999999973, 487.65999999998894, 502.17399999999907], "BackgroundColor": [0.8000029999999754, 0.9333339999999737, 1], "BlockAlign": "Middle", "BorderColor": [[0, 0, 0], [0, 0, 0], null, null], "BorderStyle": ["Solid", "Solid", "None", "None"], "ColIndex": 3, "Height": 13.125, "InlineAlign": "Start", "RowIndex": 1, "Width": 75}}, {"Bounds": [428.8724822998047, 490.99205017089844, 483.4988708496094, 498.5360870361328], "ClipBounds": [428.8724822998047, 490.99205017089844, 483.4988708496094, 498.5360870361328], "Font": {"alt_family_name": "Liberation Sans", "embedded": true, "encoding": "Identity-H", "family_name": "Liberation Sans", "font_type": "CIDFontType2", "italic": false, "monospaced": false, "name": "LiberationSans", "subset": false, "weight": 400}, "HasClip": true, "Lang": "en", "Page": 0, "Path": "//Document/Sect[2]/Table[2]/TR[2]/TD[4]/P", "Text": "$ 2,986 ", "TextSize": 5.8800048828125, "attributes": {"LineHeight": 7}}, {"Bounds": [504.2430877685547, 490.99205017089844, 558.8694610595703, 498.5360870361328], "ClipBounds": [504.2430877685547, 490.99205017089844, 558.8694610595703, 498.5360870361328], "Page": 0, "Path": "//Document/Sect[2]/Table[2]/TR[2]/TD[5]", "attributes": {"BBox": [487.65999999998894, 489.0939999999973, 562.6569999999774, 502.17399999999907], "BackgroundColor": [0.8000029999999754, 0.9333339999999737, 1], "BlockAlign": "Middle", "BorderColor": [[0, 0, 0], [0, 0, 0], null, [0, 0, 0]], "BorderStyle": ["Solid", "Solid", "None", "Solid"], "BorderThickness": [0, 0, 0, 0.125], "ColIndex": 4, "Height": 13.125, "InlineAlign": "Start", "RowIndex": 1, "Width": 75}}, {"Bounds": [504.2430877685547, 490.99205017089844, 558.8694610595703, 498.5360870361328], "ClipBounds": [504.2430877685547, 490.99205017089844, 558.8694610595703, 498.5360870361328], "Font": {"alt_family_name": "Liberation Sans", "embedded": true, "encoding": "Identity-H", "family_name": "Liberation Sans", "font_type": "CIDFontType2", "italic": false, "monospaced": false, "name": "LiberationSans", "subset": false, "weight": 400}, "HasClip": true, "Lang": "en", "Page": 0, "Path": "//Document/Sect[2]/Table[2]/TR[2]/TD[5]/P", "Text": "$ 2,878 ", "TextSize": 5.8800048828125, "attributes": {"LineHeight": 7}}, {"Bounds": [46.139892578125, 478.6975555419922, 100.4622802734375, 486.24159240722656], "ClipBounds": [46.139892578125, 478.6975555419922, 100.4622802734375, 486.24159240722656], "Page": 0, "Path": "//Document/Sect[2]/Table[2]/TR[3]/TD", "attributes": {"BBox": [32.398699999999735, 477.5749999999971, 340.66599999999744, 489.21399999999267], "BackgroundColor": [1, 1, 1], "BlockAlign": "Middle", "BorderColor": [[0.8000029999999754, 0.9333339999999737, 1], [0.8000029999999754, 0.9333339999999737, 1], null, null], "BorderStyle": ["Solid", "Solid", "None", "None"], "ColIndex": 0, "Height": 11.625, "InlineAlign": "Start", "RowIndex": 2, "Width": 308.25}}, {"Bounds": [46.139892578125, 478.6975555419922, 100.4622802734375, 486.24159240722656], "ClipBounds": [46.139892578125, 478.6975555419922, 100.4622802734375, 486.24159240722656], "Font": {"alt_family_name": "Liberation Sans", "embedded": true, "encoding": "Identity-H", "family_name": "Liberation Sans", "font_type": "CIDFontType2", "italic": false, "monospaced": false, "name": "LiberationSans", "subset": false, "weight": 400}, "HasClip": true, "Lang": "en", "Page": 0, "Path": "//Document/Sect[2]/Table[2]/TR[3]/TD/P", "Text": "Tooling amortization ", "TextSize": 5.8800048828125, "attributes": {"LineHeight": 7}}, {"Path": "//Document/Sect[2]/Table[2]/TR[3]/TD[2]", "attributes": {"BBox": [340.66599999999744, 477.5749999999971, 385.3039999999892, 489.21399999999267], "BackgroundColor": [1, 1, 1], "BlockAlign": "Before", "BorderColor": [[0.8000029999999754, 0.9333339999999737, 1], [0.8000029999999754, 0.9333339999999737, 1], null, null], "BorderStyle": ["Solid", "Solid", "None", "None"], "ColIndex": 1, "Height": 11.625, "InlineAlign": "Start", "RowIndex": 2, "Width": 44.625}}, {"Bounds": [391.9890899658203, 478.6975555419922, 408.130859375, 486.24159240722656], "ClipBounds": [391.9890899658203, 478.6975555419922, 408.130859375, 486.24159240722656], "Page": 0, "Path": "//Document/Sect[2]/Table[2]/TR[3]/TD[3]", "attributes": {"BBox": [385.3039999999892, 477.2149999999965, 412.6629999999859, 489.21399999999267], "BackgroundColor": [1, 1, 1], "BlockAlign": "Middle", "BorderColor": [[0, 0, 0], [0, 0, 0], null, null], "BorderStyle": ["Solid", "Solid", "None", "None"], "BorderThickness": [0, 0.375, 0, 0], "ColIndex": 2, "Height": 12, "InlineAlign": "Center", "RowIndex": 2, "Width": 27.375}}, {"Bounds": [391.9890899658203, 478.6975555419922, 408.130859375, 486.24159240722656], "ClipBounds": [391.9890899658203, 478.6975555419922, 408.130859375, 486.24159240722656], "Font": {"alt_family_name": "Liberation Sans", "embedded": true, "encoding": "Identity-H", "family_name": "Liberation Sans", "font_type": "CIDFontType2", "italic": false, "monospaced": false, "name": "LiberationSans", "subset": false, "weight": 400}, "HasClip": true, "Lang": "en", "Page": 0, "Path": "//Document/Sect[2]/Table[2]/TR[3]/TD[3]/P", "Text": "2,747 ", "TextSize": 5.8800048828125, "attributes": {"LineHeight": 7}}, {"Bounds": [467.3595886230469, 478.6975555419922, 483.50135803222656, 486.24159240722656], "ClipBounds": [467.3595886230469, 478.6975555419922, 483.50135803222656, 486.24159240722656], "Page": 0, "Path": "//Document/Sect[2]/Table[2]/TR[3]/TD[4]", "attributes": {"BBox": [412.6629999999859, 477.2149999999965, 487.65999999998894, 489.21399999999267], "BackgroundColor": [1, 1, 1], "BlockAlign": "Middle", "BorderColor": [[0, 0, 0], [0, 0, 0], null, null], "BorderStyle": ["Solid", "Solid", "None", "None"], "BorderThickness": [0, 0.375, 0, 0], "ColIndex": 3, "Height": 12, "InlineAlign": "Start", "RowIndex": 2, "Width": 75}}, {"Bounds": [467.3595886230469, 478.6975555419922, 483.50135803222656, 486.24159240722656], "ClipBounds": [467.3595886230469, 478.6975555419922, 483.50135803222656, 486.24159240722656], "Font": {"alt_family_name": "Liberation Sans", "embedded": true, "encoding": "Identity-H", "family_name": "Liberation Sans", "font_type": "CIDFontType2", "italic": false, "monospaced": false, "name": "LiberationSans", "subset": false, "weight": 400}, "HasClip": true, "Lang": "en", "Page": 0, "Path": "//Document/Sect[2]/Table[2]/TR[3]/TD[4]/P", "Text": "2,706 ", "TextSize": 5.8800048828125, "attributes": {"LineHeight": 7}}, {"Bounds": [542.7300872802734, 478.6975555419922, 558.8718566894531, 486.24159240722656], "ClipBounds": [542.7300872802734, 478.6975555419922, 558.8718566894531, 486.24159240722656], "Page": 0, "Path": "//Document/Sect[2]/Table[2]/TR[3]/TD[5]", "attributes": {"BBox": [487.65999999998894, 477.2149999999965, 562.5369999999821, 489.21399999999267], "BackgroundColor": [1, 1, 1], "BlockAlign": "Middle", "BorderColor": [[0, 0, 0], [0, 0, 0], null, null], "BorderStyle": ["Solid", "Solid", "None", "None"], "BorderThickness": [0, 0.375, 0, 0], "ColIndex": 4, "Height": 12, "InlineAlign": "Start", "RowIndex": 2, "Width": 74.875}}, {"Bounds": [542.7300872802734, 478.6975555419922, 558.8718566894531, 486.24159240722656], "ClipBounds": [542.7300872802734, 478.6975555419922, 558.8718566894531, 486.24159240722656], "Font": {"alt_family_name": "Liberation Sans", "embedded": true, "encoding": "Identity-H", "family_name": "Liberation Sans", "font_type": "CIDFontType2", "italic": false, "monospaced": false, "name": "LiberationSans", "subset": false, "weight": 400}, "HasClip": true, "Lang": "en", "Page": 0, "Path": "//Document/Sect[2]/Table[2]/TR[3]/TD[5]/P", "Text": "2,556 ", "TextSize": 5.8800048828125, "attributes": {"LineHeight": 7}}, {"Bounds": [50.9508056640625, 464.79945373535156, 74.26382446289062, 472.34349060058594], "ClipBounds": [50.9508056640625, 464.79945373535156, 74.26382446289062, 472.34349060058594], "Page": 0, "Path": "//Document/Sect[2]/Table[2]/TR[4]/TD", "attributes": {"BBox": [32.278699999998935, 455.25599999999395, 340.7859999999928, 477.69499999999243], "BlockAlign": "Middle", "BorderColor": [0.8000029999999754, 0.9333339999999737, 1], "BorderStyle": "Solid", "BorderThickness": [0, 0, 0.125, 0.125], "ColIndex": 0, "Height": 22.5, "InlineAlign": "Start", "RowIndex": 3, "Width": 308.5}}, {"Bounds": [50.9508056640625, 464.79945373535156, 74.26382446289062, 472.34349060058594], "ClipBounds": [50.9508056640625, 464.79945373535156, 74.26382446289062, 472.34349060058594], "Font": {"alt_family_name": "Liberation Sans", "embedded": true, "encoding": "Identity-H", "family_name": "Liberation Sans", "font_type": "CIDFontType2", "italic": false, "monospaced": false, "name": "LiberationSans", "subset": false, "weight": 400}, "HasClip": true, "Lang": "en", "Page": 0, "Path": "//Document/Sect[2]/Table[2]/TR[4]/TD/P", "Text": "Total (a) ", "TextSize": 5.8800048828125, "attributes": {"LineHeight": 7}}, {"Bounds": [353.5019836425781, 465.86854553222656, 358.21775817871094, 473.41258239746094], "ClipBounds": [353.5019836425781, 465.86854553222656, 358.21775817871094, 473.41258239746094], "Page": 0, "Path": "//Document/Sect[2]/Table[2]/TR[4]/TD[2]", "attributes": {"BBox": [340.54599999998754, 455.25599999999395, 385.3039999999892, 477.69499999999243], "BlockAlign": "Before", "BorderColor": [[0.8000029999999754, 0.9333339999999737, 1], [0.8000029999999754, 0.9333339999999737, 1], [0.8000029999999754, 0.9333339999999737, 1], null], "BorderStyle": ["Solid", "Solid", "Solid", "None"], "BorderThickness": [0, 0, 0.125, 0], "ColIndex": 1, "Height": 22.5, "InlineAlign": "Start", "RowIndex": 3, "Width": 44.75}}, {"Bounds": [353.5019836425781, 465.86854553222656, 358.21775817871094, 473.41258239746094], "ClipBounds": [353.5019836425781, 465.86854553222656, 358.21775817871094, 473.41258239746094], "Font": {"alt_family_name": "Liberation Sans", "embedded": true, "encoding": "Identity-H", "family_name": "Liberation Sans", "font_type": "CIDFontType2", "italic": false, "monospaced": false, "name": "LiberationSans", "subset": false, "weight": 400}, "HasClip": true, "Lang": "en", "Page": 0, "Path": "//Document/Sect[2]/Table[2]/TR[4]/TD[2]/P", "Text": "$ ", "TextSize": 5.8800048828125, "attributes": {"LineHeight": 7}}, {"Bounds": [391.9890899658203, 465.86854553222656, 408.130859375, 473.41258239746094], "ClipBounds": [391.9890899658203, 465.86854553222656, 408.130859375, 473.41258239746094], "Page": 0, "Path": "//Document/Sect[2]/Table[2]/TR[4]/TD[3]", "attributes": {"BBox": [385.3039999999892, 455.25599999999395, 415.4229999999952, 477.9349999999977], "BlockAlign": "Before", "BorderColor": [[0.0078430199999997, 0.0117644999999999, 0.0117644999999999], [0.8000029999999754, 0.9333339999999737, 1], null, [0.8000029999999754, 0.9333339999999737, 1]], "BorderStyle": ["Solid", "Solid", "None", "Solid"], "BorderThickness": [0.375, 0, 0, 2.875], "ColIndex": 2, "Height": 22.625, "InlineAlign": "Center", "RowIndex": 3, "Width": 30.125}}, {"Bounds": [391.9890899658203, 465.86854553222656, 408.130859375, 473.41258239746094], "ClipBounds": [391.9890899658203, 465.86854553222656, 408.130859375, 473.41258239746094], "Font": {"alt_family_name": "Liberation Sans", "embedded": true, "encoding": "Identity-H", "family_name": "Liberation Sans", "font_type": "CIDFontType2", "italic": false, "monospaced": false, "name": "LiberationSans", "subset": false, "weight": 400}, "HasClip": true, "Lang": "en", "Page": 0, "Path": "//Document/Sect[2]/Table[2]/TR[4]/TD[3]/P", "Text": "5,539 ", "TextSize": 5.8800048828125, "attributes": {"LineHeight": 7}}, {"Bounds": [428.8724822998047, 465.86854553222656, 483.4988708496094, 473.41258239746094], "ClipBounds": [428.8724822998047, 465.86854553222656, 483.4988708496094, 473.41258239746094], "Page": 0, "Path": "//Document/Sect[2]/Table[2]/TR[4]/TD[4]", "attributes": {"BBox": [409.7829999999958, 455.25599999999395, 490.41999999999825, 477.9349999999977], "BlockAlign": "Before", "BorderColor": [[0.0078430199999997, 0.0117644999999999, 0.0117644999999999], [0.8000029999999754, 0.9333339999999737, 1], [0.8000029999999754, 0.9333339999999737, 1], [0.8000029999999754, 0.9333339999999737, 1]], "BorderStyle": "Solid", "BorderThickness": [0.375, 0, 2.875, 2.875], "ColIndex": 3, "Height": 22.625, "InlineAlign": "Start", "RowIndex": 3, "Width": 80.625}}, {"Bounds": [428.8724822998047, 465.86854553222656, 483.4988708496094, 473.41258239746094], "ClipBounds": [428.8724822998047, 465.86854553222656, 483.4988708496094, 473.41258239746094], "Font": {"alt_family_name": "Liberation Sans", "embedded": true, "encoding": "Identity-H", "family_name": "Liberation Sans", "font_type": "CIDFontType2", "italic": false, "monospaced": false, "name": "LiberationSans", "subset": false, "weight": 400}, "HasClip": true, "Lang": "en", "Page": 0, "Path": "//Document/Sect[2]/Table[2]/TR[4]/TD[4]/P", "Text": "$ 5,692 ", "TextSize": 5.8800048828125, "attributes": {"LineHeight": 7}}, {"Bounds": [504.2430877685547, 465.86854553222656, 558.8694610595703, 473.41258239746094], "ClipBounds": [504.2430877685547, 465.86854553222656, 558.8694610595703, 473.41258239746094], "Page": 0, "Path": "//Document/Sect[2]/Table[2]/TR[4]/TD[5]", "attributes": {"BBox": [484.77999999999884, 455.25599999999395, 563.7369999999937, 477.9349999999977], "BlockAlign": "Before", "BorderColor": [[0.0078430199999997, 0.0117644999999999, 0.0117644999999999], [0.8000029999999754, 0.9333339999999737, 1], [0.8000029999999754, 0.9333339999999737, 1], [0.8000029999999754, 0.9333339999999737, 1]], "BorderStyle": "Solid", "BorderThickness": [0.375, 0, 2.875, 1.25], "ColIndex": 4, "Height": 22.625, "InlineAlign": "Start", "RowIndex": 3, "Width": 79}}, {"Bounds": [504.2430877685547, 465.86854553222656, 558.8694610595703, 473.41258239746094], "ClipBounds": [504.2430877685547, 465.86854553222656, 558.8694610595703, 473.41258239746094], "Font": {"alt_family_name": "Liberation Sans", "embedded": true, "encoding": "Identity-H", "family_name": "Liberation Sans", "font_type": "CIDFontType2", "italic": false, "monospaced": false, "name": "LiberationSans", "subset": false, "weight": 400}, "HasClip": true, "Lang": "en", "Page": 0, "Path": "//Document/Sect[2]/Table[2]/TR[4]/TD[5]/P", "Text": "$ 5,434 ", "TextSize": 5.8800048828125, "attributes": {"LineHeight": 7}}, {"Bounds": [46.139892578125, 443.95225524902344, 132.79757690429688, 451.4962921142578], "ClipBounds": [46.139892578125, 443.95225524902344, 132.79757690429688, 451.4962921142578], "Page": 0, "Path": "//Document/Sect[2]/Table[2]/TR[5]/TD", "attributes": {"BBox": [32.398699999999735, 442.29599999998754, 340.66599999999744, 455.25599999999395], "BackgroundColor": [0.8000029999999754, 0.9333339999999737, 1], "BlockAlign": "Middle", "ColIndex": 0, "Height": 13, "InlineAlign": "Start", "RowIndex": 4, "Width": 308.25}}, {"Bounds": [46.139892578125, 443.95225524902344, 132.79757690429688, 451.4962921142578], "ClipBounds": [46.139892578125, 443.95225524902344, 132.79757690429688, 451.4962921142578], "Font": {"alt_family_name": "Liberation Sans", "embedded": true, "encoding": "Identity-H", "family_name": "Liberation Sans", "font_type": "CIDFontType2", "italic": false, "monospaced": false, "name": "LiberationSans", "subset": false, "weight": 400}, "HasClip": true, "Lang": "en", "Page": 0, "Path": "//Document/Sect[2]/Table[2]/TR[5]/TD/P", "Text": "Maintenance and rearrangement ", "TextSize": 5.8800048828125, "attributes": {"LineHeight": 7}}, {"Bounds": [353.5019836425781, 443.95225524902344, 358.21775817871094, 451.4962921142578], "ClipBounds": [353.5019836425781, 443.95225524902344, 358.21775817871094, 451.4962921142578], "Page": 0, "Path": "//Document/Sect[2]/Table[2]/TR[5]/TD[2]", "attributes": {"BBox": [340.66599999999744, 442.29599999998754, 385.3039999999892, 455.25599999999395], "BackgroundColor": [0.8000029999999754, 0.9333339999999737, 1], "BlockAlign": "Middle", "ColIndex": 1, "Height": 13, "InlineAlign": "Start", "RowIndex": 4, "Width": 44.625}}, {"Bounds": [353.5019836425781, 443.95225524902344, 358.21775817871094, 451.4962921142578], "ClipBounds": [353.5019836425781, 443.95225524902344, 358.21775817871094, 451.4962921142578], "Font": {"alt_family_name": "Liberation Sans", "embedded": true, "encoding": "Identity-H", "family_name": "Liberation Sans", "font_type": "CIDFontType2", "italic": false, "monospaced": false, "name": "LiberationSans", "subset": false, "weight": 400}, "HasClip": true, "Lang": "en", "Page": 0, "Path": "//Document/Sect[2]/Table[2]/TR[5]/TD[2]/P", "Text": "$ ", "TextSize": 5.8800048828125, "attributes": {"LineHeight": 7}}, {"Bounds": [391.9890899658203, 443.95225524902344, 408.130859375, 451.4962921142578], "ClipBounds": [391.9890899658203, 443.95225524902344, 408.130859375, 451.4962921142578], "Page": 0, "Path": "//Document/Sect[2]/Table[2]/TR[5]/TD[3]", "attributes": {"BBox": [385.3039999999892, 442.29599999998754, 412.6629999999859, 455.25599999999395], "BackgroundColor": [0.8000029999999754, 0.9333339999999737, 1], "BlockAlign": "Middle", "ColIndex": 2, "Height": 13, "InlineAlign": "Center", "RowIndex": 4, "Width": 27.375}}, {"Bounds": [391.9890899658203, 443.95225524902344, 408.130859375, 451.4962921142578], "ClipBounds": [391.9890899658203, 443.95225524902344, 408.130859375, 451.4962921142578], "Font": {"alt_family_name": "Liberation Sans", "embedded": true, "encoding": "Identity-H", "family_name": "Liberation Sans", "font_type": "CIDFontType2", "italic": false, "monospaced": false, "name": "LiberationSans", "subset": false, "weight": 400}, "HasClip": true, "Lang": "en", "Page": 0, "Path": "//Document/Sect[2]/Table[2]/TR[5]/TD[3]/P", "Text": "1,670 ", "TextSize": 5.8800048828125, "attributes": {"LineHeight": 7}}, {"Bounds": [428.8724822998047, 443.95225524902344, 483.4988708496094, 451.4962921142578], "ClipBounds": [428.8724822998047, 443.95225524902344, 483.4988708496094, 451.4962921142578], "Page": 0, "Path": "//Document/Sect[2]/Table[2]/TR[5]/TD[4]", "attributes": {"BBox": [412.6629999999859, 442.29599999998754, 487.65999999998894, 455.25599999999395], "BackgroundColor": [0.8000029999999754, 0.9333339999999737, 1], "BlockAlign": "Middle", "ColIndex": 3, "Height": 13, "InlineAlign": "Start", "RowIndex": 4, "Width": 75}}, {"Bounds": [428.8724822998047, 443.95225524902344, 483.4988708496094, 451.4962921142578], "ClipBounds": [428.8724822998047, 443.95225524902344, 483.4988708496094, 451.4962921142578], "Font": {"alt_family_name": "Liberation Sans", "embedded": true, "encoding": "Identity-H", "family_name": "Liberation Sans", "font_type": "CIDFontType2", "italic": false, "monospaced": false, "name": "LiberationSans", "subset": false, "weight": 400}, "HasClip": true, "Lang": "en", "Page": 0, "Path": "//Document/Sect[2]/Table[2]/TR[5]/TD[4]/P", "Text": "$ 1,940 ", "TextSize": 5.8800048828125, "attributes": {"LineHeight": 7}}, {"Bounds": [504.2430877685547, 443.95225524902344, 558.8694610595703, 451.4962921142578], "ClipBounds": [504.2430877685547, 443.95225524902344, 558.8694610595703, 451.4962921142578], "Page": 0, "Path": "//Document/Sect[2]/Table[2]/TR[5]/TD[5]", "attributes": {"BBox": [487.65999999998894, 442.29599999998754, 562.5369999999821, 455.25599999999395], "BackgroundColor": [0.8000029999999754, 0.9333339999999737, 1], "BlockAlign": "Middle", "ColIndex": 4, "Height": 13, "InlineAlign": "Start", "RowIndex": 4, "Width": 74.875}}, {"Bounds": [504.2430877685547, 443.95225524902344, 558.8694610595703, 451.4962921142578], "ClipBounds": [504.2430877685547, 443.95225524902344, 558.8694610595703, 451.4962921142578], "Font": {"alt_family_name": "Liberation Sans", "embedded": true, "encoding": "Identity-H", "family_name": "Liberation Sans", "font_type": "CIDFontType2", "italic": false, "monospaced": false, "name": "LiberationSans", "subset": false, "weight": 400}, "HasClip": true, "Lang": "en", "Page": 0, "Path": "//Document/Sect[2]/Table[2]/TR[5]/TD[5]/P", "Text": "$ 2,083 ", "TextSize": 5.8800048828125, "attributes": {"LineHeight": 7}}, {"Bounds": [32.77630615234375, 419.3632507324219, 291.68988037109375, 426.90728759765625], "ClipBounds": [32.77630615234375, 419.3632507324219, 291.68988037109375, 426.90728759765625], "Font": {"alt_family_name": "Liberation Sans", "embedded": true, "encoding": "Identity-H", "family_name": "Liberation Sans", "font_type": "CIDFontType2", "italic": false, "monospaced": false, "name": "LiberationSans", "subset": false, "weight": 400}, "HasClip": true, "Lang": "en", "Page": 0, "Path": "//Document/Sect[2]/Footnote", "Text": "(a) Includes impairment of held-for-sale long-lived assets. See Note 22 for additional information. ", "TextSize": 5.8800048828125, "attributes": {"LineHeight": 7, "SpaceAfter": 17.375}}, {"Bounds": [291.4949951171875, 393.3813171386719, 304.7858428955078, 402.29701232910156], "ClipBounds": [291.4949951171875, 393.3813171386719, 304.7858428955078, 402.29701232910156], "Font": {"alt_family_name": "Liberation Sans", "embedded": true, "encoding": "Identity-H", "family_name": "Liberation Sans", "font_type": "CIDFontType2", "italic": false, "monospaced": false, "name": "LiberationSans", "subset": false, "weight": 400}, "HasClip": true, "Lang": "en", "Page": 0, "Path": "//Document/Sect[2]/P[5]", "Text": "143 ", "TextSize": 6.9490966796875, "attributes": {"LineHeight": 8.375, "SpaceAfter": 8.625, "TextAlign": "Center"}}, {"Bounds": [561.2516174316406, 387.81626892089844, 562.161376953125, 389.2607727050781], "ClipBounds": [561.2516174316406, 387.81626892089844, 562.161376953125, 389.2607727050781], "Page": 0, "Path": "//Document/Sect[2]/Figure", "attributes": {"BBox": [561.4569999999949, 387.93799999999464, 562.0569999999716, 389.13799999999173], "Placement": "Block"}}], "pages": [{"boxes": {"CropBox": [0.0, 0.0, 595.0, 842.0], "MediaBox": [0.0, 0.0, 595.0, 842.0]}, "height": 842.0, "is_scanned": false, "page_number": 0, "rotation": 0, "width": 595.0}]}