{"version": {"json_export": "193", "page_segmentation": "5", "schema": "1.1.0", "structure": "1.1074.0", "table_structure": "5"}, "extended_metadata": {"ID_instance": "C4 F0 46 9C DB B8 B2 11 0A 00 67 45 8B 6B C6 23 ", "ID_permanent": "37 42 20 37 39 20 34 35 20 39 43 20 44 42 20 42 38 20 42 32 20 31 31 20 30 41 20 30 30 20 36 37 20 34 35 20 38 42 20 36 42 20 43 36 20 32 33 20 ", "pdf_version": "1.6", "pdfa_compliance_level": "", "is_encrypted": false, "has_acroform": false, "is_digitally_signed": false, "pdfua_compliance_level": "", "page_count": 1, "has_embedded_files": false, "is_certified": false, "is_XFA": false, "language": "en"}, "elements": [{"Bounds": [32.77630615234375, 803.3762054443359, 368.9570770263672, 812.5281677246094], "ClipBounds": [32.77630615234375, 803.3762054443359, 368.9570770263672, 812.5281677246094], "Font": {"alt_family_name": "Liberation Sans", "embedded": true, "encoding": "Identity-H", "family_name": "Liberation Sans", "font_type": "CIDFontType2", "italic": true, "monospaced": false, "name": "LiberationSans-Italic", "subset": false, "weight": 400}, "HasClip": true, "Lang": "en", "Page": 0, "Path": "//Document/Sect/P", "Text": "Item 7. Management\u2019s Discussion and Analysis of Financial Condition and Results of Operations (Continued) ", "TextSize": 6.9490966796875, "attributes": {"LineHeight": 8.375, "SpaceAfter": 17.375}}, {"Bounds": [32.77630615234375, 777.7182006835938, 236.2438507080078, 786.8701629638672], "ClipBounds": [32.77630615234375, 777.7182006835938, 236.2438507080078, 786.8701629638672], "Font": {"alt_family_name": "Liberation Sans", "embedded": true, "encoding": "Identity-H", "family_name": "Liberation Sans", "font_type": "CIDFontType2", "italic": true, "monospaced": false, "name": "LiberationSans-Italic", "subset": false, "weight": 400}, "HasClip": true, "Lang": "en", "Page": 0, "Path": "//Document/Sect/P[2]", "Text": "Definitions and Information Regarding Automotive Causal Factors ", "TextSize": 6.9490966796875, "attributes": {"LineHeight": 8.375}}, {"Bounds": [32.791259765625, 747.2459259033203, 545.4075927734375, 766.3211975097656], "ClipBounds": [32.791259765625, 747.2459259033203, 545.4075927734375, 766.3211975097656], "Font": {"alt_family_name": "Liberation Sans", "embedded": true, "encoding": "Identity-H", "family_name": "Liberation Sans", "font_type": "CIDFontType2", "italic": false, "monospaced": false, "name": "LiberationSans", "subset": false, "weight": 400}, "HasClip": true, "Page": 0, "Path": "//Document/Sect/L/LI/LBody", "Text": "In general, we measure year-over-year change in Automotive segment EBIT using the causal factors listed below, with net pricing and cost variances calculated at present-year volume and mix and exchange: ", "TextSize": 6.9490966796875}, {"Bounds": [32.77630615234375, 726.9365997314453, 36.92491149902344, 736.0885620117188], "ClipBounds": [32.77630615234375, 726.9365997314453, 36.92491149902344, 736.0885620117188], "Font": {"alt_family_name": "Liberation Sans", "embedded": true, "encoding": "Identity-H", "family_name": "Liberation Sans", "font_type": "CIDFontType2", "italic": true, "monospaced": false, "name": "LiberationSans-Italic", "subset": false, "weight": 400}, "HasClip": true, "Page": 0, "Path": "//Document/Sect/L/LI[2]/Lbl", "Text": "\u2022 ", "TextSize": 6.9490966796875}, {"Bounds": [45.60539245605469, 726.9365997314453, 290.01426696777344, 736.0885620117188], "ClipBounds": [45.60539245605469, 726.9365997314453, 290.01426696777344, 736.0885620117188], "Font": {"alt_family_name": "Liberation Sans", "embedded": true, "encoding": "Identity-H", "family_name": "Liberation Sans", "font_type": "CIDFontType2", "italic": true, "monospaced": false, "name": "LiberationSans-Italic", "subset": false, "weight": 400}, "HasClip": true, "Page": 0, "Path": "//Document/Sect/L/LI[2]/LBody/ParagraphSpan", "Text": "Market Factors (exclude the impact of unconsolidated affiliate wholesale units): ", "TextSize": 6.9490966796875}, {"Bounds": [45.60539245605469, 716.7803039550781, 49.78875732421875, 725.9322662353516], "ClipBounds": [45.60539245605469, 716.7803039550781, 49.78875732421875, 725.9322662353516], "Font": {"alt_family_name": "Liberation Sans", "embedded": true, "encoding": "Identity-H", "family_name": "Liberation Sans", "font_type": "CIDFontType2", "italic": true, "monospaced": false, "name": "LiberationSans-Italic", "subset": false, "weight": 400}, "HasClip": true, "Page": 0, "Path": "//Document/Sect/L/LI[2]/LBody/L/LI/Lbl", "Text": "\u25e6 ", "TextSize": 6.9490966796875}, {"Bounds": [58.43440246582031, 696.4611358642578, 562.7472534179688, 725.9322662353516], "ClipBounds": [58.43440246582031, 696.4611358642578, 562.7472534179688, 725.9322662353516], "Font": {"alt_family_name": "Liberation Sans", "embedded": true, "encoding": "Identity-H", "family_name": "Liberation Sans", "font_type": "CIDFontType2", "italic": true, "monospaced": false, "name": "LiberationSans-Italic", "subset": false, "weight": 400}, "HasClip": true, "Page": 0, "Path": "//Document/Sect/L/LI[2]/LBody/L/LI/LBody", "Text": "Volume and Mix \u2013 primarily measures EBIT variance from changes in wholesale unit volumes (at prior-year average contribution margin per unit) driven by changes in industry volume, market share, and dealer stocks, as well as the EBIT variance resulting from changes in product mix, including mix among vehicle lines and mix of trim levels and options within a vehicle line ", "TextSize": 6.9490966796875}, {"Bounds": [45.60539245605469, 686.3113098144531, 49.78875732421875, 695.4632720947266], "ClipBounds": [45.60539245605469, 686.3113098144531, 49.78875732421875, 695.4632720947266], "Font": {"alt_family_name": "Liberation Sans", "embedded": true, "encoding": "Identity-H", "family_name": "Liberation Sans", "font_type": "CIDFontType2", "italic": true, "monospaced": false, "name": "LiberationSans-Italic", "subset": false, "weight": 400}, "HasClip": true, "Page": 0, "Path": "//Document/Sect/L/LI[2]/LBody/L/LI[2]/Lbl", "Text": "\u25e6 ", "TextSize": 6.9490966796875}, {"Bounds": [58.43440246582031, 676.1517181396484, 557.9349975585938, 695.4632720947266], "ClipBounds": [58.43440246582031, 676.1517181396484, 557.9349975585938, 695.4632720947266], "Font": {"alt_family_name": "Liberation Sans", "embedded": true, "encoding": "Identity-H", "family_name": "Liberation Sans", "font_type": "CIDFontType2", "italic": true, "monospaced": false, "name": "LiberationSans-Italic", "subset": false, "weight": 400}, "HasClip": true, "Page": 0, "Path": "//Document/Sect/L/LI[2]/LBody/L/LI[2]/LBody", "Text": "Net Pricing \u2013 primarily measures EBIT variance driven by changes in wholesale unit prices to dealers and marketing incentive programs such as rebate programs, low-rate financing offers, special lease offers, and stock adjustments on dealer inventory ", "TextSize": 6.9490966796875}, {"Bounds": [32.77630615234375, 655.8424072265625, 36.92491149902344, 664.7581024169922], "ClipBounds": [32.77630615234375, 655.8424072265625, 36.92491149902344, 664.7581024169922], "Font": {"alt_family_name": "Liberation Sans", "embedded": true, "encoding": "Identity-H", "family_name": "Liberation Sans", "font_type": "CIDFontType2", "italic": false, "monospaced": false, "name": "LiberationSans", "subset": false, "weight": 400}, "HasClip": true, "Page": 0, "Path": "//Document/Sect/L/LI[3]/Lbl", "Text": "\u2022 ", "TextSize": 6.9490966796875}, {"Bounds": [45.60539245605469, 655.8424072265625, 63.53477478027344, 664.9943695068359], "ClipBounds": [45.60539245605469, 655.8424072265625, 63.53477478027344, 664.9943695068359], "Font": {"alt_family_name": "Liberation Sans", "embedded": true, "encoding": "Identity-H", "family_name": "Liberation Sans", "font_type": "CIDFontType2", "italic": true, "monospaced": false, "name": "LiberationSans-Italic", "subset": false, "weight": 400}, "HasClip": true, "Page": 0, "Path": "//Document/Sect/L/LI[3]/LBody/ParagraphSpan", "Text": "Cost: ", "TextSize": 6.9490966796875}, {"Bounds": [45.60539245605469, 645.6861114501953, 49.78875732421875, 654.8380737304688], "ClipBounds": [45.60539245605469, 645.6861114501953, 49.78875732421875, 654.8380737304688], "Font": {"alt_family_name": "Liberation Sans", "embedded": true, "encoding": "Identity-H", "family_name": "Liberation Sans", "font_type": "CIDFontType2", "italic": true, "monospaced": false, "name": "LiberationSans-Italic", "subset": false, "weight": 400}, "HasClip": true, "Page": 0, "Path": "//Document/Sect/L/LI[3]/LBody/L/LI/Lbl", "Text": "\u25e6 ", "TextSize": 6.9490966796875}, {"Bounds": [58.43440246582031, 635.5265197753906, 535.3643188476562, 654.8380737304688], "ClipBounds": [58.43440246582031, 635.5265197753906, 535.3643188476562, 654.8380737304688], "Font": {"alt_family_name": "Liberation Sans", "embedded": true, "encoding": "Identity-H", "family_name": "Liberation Sans", "font_type": "CIDFontType2", "italic": true, "monospaced": false, "name": "LiberationSans-Italic", "subset": false, "weight": 400}, "HasClip": true, "Page": 0, "Path": "//Document/Sect/L/LI[3]/LBody/L/LI/LBody", "Text": "Contribution Costs \u2013 primarily measures EBIT variance driven by per-unit changes in cost categories that typically vary with volume, such as material costs (including commodity and component costs), warranty expense, and freight and duty costs ", "TextSize": 6.9490966796875}, {"Bounds": [45.60539245605469, 625.3735046386719, 49.78875732421875, 634.5254669189453], "ClipBounds": [45.60539245605469, 625.3735046386719, 49.78875732421875, 634.5254669189453], "Font": {"alt_family_name": "Liberation Sans", "embedded": true, "encoding": "Identity-H", "family_name": "Liberation Sans", "font_type": "CIDFontType2", "italic": true, "monospaced": false, "name": "LiberationSans-Italic", "subset": false, "weight": 400}, "HasClip": true, "Page": 0, "Path": "//Document/Sect/L/LI[3]/LBody/L/LI[2]/Lbl", "Text": "\u25e6 ", "TextSize": 6.9490966796875}, {"Bounds": [58.43440246582031, 615.2139282226562, 556.8210601806641, 634.5254669189453], "ClipBounds": [58.43440246582031, 615.2139282226562, 556.8210601806641, 634.5254669189453], "Font": {"alt_family_name": "Liberation Sans", "embedded": true, "encoding": "Identity-H", "family_name": "Liberation Sans", "font_type": "CIDFontType2", "italic": true, "monospaced": false, "name": "LiberationSans-Italic", "subset": false, "weight": 400}, "HasClip": true, "Page": 0, "Path": "//Document/Sect/L/LI[3]/LBody/L/LI[2]/LBody/ParagraphSpan", "Text": "Structural Costs \u2013 primarily measures EBIT variance driven by absolute change in cost categories that typically do not have a directly proportionate relationship to production volume. Structural costs include the following cost categories: ", "TextSize": 6.9490966796875}, {"Bounds": [58.43440246582031, 605.0609130859375, 62.61775207519531, 614.2128753662109], "ClipBounds": [58.43440246582031, 605.0609130859375, 62.61775207519531, 614.2128753662109], "Font": {"alt_family_name": "Liberation Sans", "embedded": true, "encoding": "Identity-H", "family_name": "Liberation Sans", "font_type": "CIDFontType2", "italic": true, "monospaced": false, "name": "LiberationSans-Italic", "subset": false, "weight": 400}, "HasClip": true, "Page": 0, "Path": "//Document/Sect/L/LI[3]/LBody/L/LI[2]/LBody/L/LI/Lbl", "Text": "\u25aa ", "TextSize": 6.9490966796875}, {"Bounds": [71.26339721679688, 584.7417449951172, 549.4976654052734, 614.2128753662109], "ClipBounds": [71.26339721679688, 584.7417449951172, 549.4976654052734, 614.2128753662109], "Font": {"alt_family_name": "Liberation Sans", "embedded": true, "encoding": "Identity-H", "family_name": "Liberation Sans", "font_type": "CIDFontType2", "italic": true, "monospaced": false, "name": "LiberationSans-Italic", "subset": false, "weight": 400}, "HasClip": true, "Page": 0, "Path": "//Document/Sect/L/LI[3]/LBody/L/LI[2]/LBody/L/LI/LBody", "Text": "Manufacturing, Including Volume-Related - consists primarily of costs for hourly and salaried manufacturing personnel, plant overhead (such as utilities and taxes), and new product launch expense. These costs could be affected by volume for operating pattern actions such as overtime, line-speed, and shift schedules ", "TextSize": 6.9490966796875}, {"Bounds": [58.43440246582031, 574.5919036865234, 62.61775207519531, 583.7438659667969], "ClipBounds": [58.43440246582031, 574.5919036865234, 62.61775207519531, 583.7438659667969], "Font": {"alt_family_name": "Liberation Sans", "embedded": true, "encoding": "Identity-H", "family_name": "Liberation Sans", "font_type": "CIDFontType2", "italic": true, "monospaced": false, "name": "LiberationSans-Italic", "subset": false, "weight": 400}, "HasClip": true, "Page": 0, "Path": "//Document/Sect/L/LI[3]/LBody/L/LI[2]/LBody/L/LI[2]/Lbl", "Text": "\u25aa ", "TextSize": 6.9490966796875}, {"Bounds": [71.26339721679688, 564.4323272705078, 561.9136199951172, 583.7438659667969], "ClipBounds": [71.26339721679688, 564.4323272705078, 561.9136199951172, 583.7438659667969], "Font": {"alt_family_name": "Liberation Sans", "embedded": true, "encoding": "Identity-H", "family_name": "Liberation Sans", "font_type": "CIDFontType2", "italic": true, "monospaced": false, "name": "LiberationSans-Italic", "subset": false, "weight": 400}, "HasClip": true, "Page": 0, "Path": "//Document/Sect/L/LI[3]/LBody/L/LI[2]/LBody/L/LI[2]/LBody", "Text": "Engineering and Connectivity \u2013 consists primarily of costs for vehicle and software engineering personnel, prototype materials, testing, and outside engineering and software services ", "TextSize": 6.9490966796875}, {"Bounds": [58.43440246582031, 554.2793121337891, 62.61775207519531, 563.4312744140625], "ClipBounds": [58.43440246582031, 554.2793121337891, 62.61775207519531, 563.4312744140625], "Font": {"alt_family_name": "Liberation Sans", "embedded": true, "encoding": "Identity-H", "family_name": "Liberation Sans", "font_type": "CIDFontType2", "italic": true, "monospaced": false, "name": "LiberationSans-Italic", "subset": false, "weight": 400}, "HasClip": true, "Page": 0, "Path": "//Document/Sect/L/LI[3]/LBody/L/LI[2]/LBody/L/LI[3]/Lbl", "Text": "\u25aa ", "TextSize": 6.9490966796875}, {"Bounds": [71.26339721679688, 544.1197204589844, 554.0354309082031, 563.4312744140625], "ClipBounds": [71.26339721679688, 544.1197204589844, 554.0354309082031, 563.4312744140625], "Font": {"alt_family_name": "Liberation Sans", "embedded": true, "encoding": "Identity-H", "family_name": "Liberation Sans", "font_type": "CIDFontType2", "italic": true, "monospaced": false, "name": "LiberationSans-Italic", "subset": false, "weight": 400}, "HasClip": true, "Page": 0, "Path": "//Document/Sect/L/LI[3]/LBody/L/LI[2]/LBody/L/LI[3]/LBody", "Text": "Spending-Related \u2013 consists primarily of depreciation and amortization of our manufacturing and engineering assets, but also includes asset retirements and operating leases ", "TextSize": 6.9490966796875}, {"Bounds": [58.43440246582031, 533.9667053222656, 62.61775207519531, 543.1186676025391], "ClipBounds": [58.43440246582031, 533.9667053222656, 62.61775207519531, 543.1186676025391], "Font": {"alt_family_name": "Liberation Sans", "embedded": true, "encoding": "Identity-H", "family_name": "Liberation Sans", "font_type": "CIDFontType2", "italic": true, "monospaced": false, "name": "LiberationSans-Italic", "subset": false, "weight": 400}, "HasClip": true, "Page": 0, "Path": "//Document/Sect/L/LI[3]/LBody/L/LI[2]/LBody/L/LI[4]/Lbl", "Text": "\u25aa ", "TextSize": 6.9490966796875}, {"Bounds": [71.26339721679688, 523.80712890625, 563.1012268066406, 543.1186676025391], "ClipBounds": [71.26339721679688, 523.80712890625, 563.1012268066406, 543.1186676025391], "Font": {"alt_family_name": "Liberation Sans", "embedded": true, "encoding": "Identity-H", "family_name": "Liberation Sans", "font_type": "CIDFontType2", "italic": true, "monospaced": false, "name": "LiberationSans-Italic", "subset": false, "weight": 400}, "HasClip": true, "Page": 0, "Path": "//Document/Sect/L/LI[3]/LBody/L/LI[2]/LBody/L/LI[4]/LBody", "Text": "Advertising and Sales Promotions \u2013 includes costs for advertising, marketing programs, brand promotions, customer mailings and promotional events, and auto shows ", "TextSize": 6.9490966796875}, {"Bounds": [58.43440246582031, 513.6540069580078, 62.61775207519531, 522.8059692382812], "ClipBounds": [58.43440246582031, 513.6540069580078, 62.61775207519531, 522.8059692382812], "Font": {"alt_family_name": "Liberation Sans", "embedded": true, "encoding": "Identity-H", "family_name": "Liberation Sans", "font_type": "CIDFontType2", "italic": true, "monospaced": false, "name": "LiberationSans-Italic", "subset": false, "weight": 400}, "HasClip": true, "Page": 0, "Path": "//Document/Sect/L/LI[3]/LBody/L/LI[2]/LBody/L/LI[5]/Lbl", "Text": "\u25aa ", "TextSize": 6.9490966796875}, {"Bounds": [71.26339721679688, 503.4944305419922, 544.3115539550781, 522.8059692382812], "ClipBounds": [71.26339721679688, 503.4944305419922, 544.3115539550781, 522.8059692382812], "Font": {"alt_family_name": "Liberation Sans", "embedded": true, "encoding": "Identity-H", "family_name": "Liberation Sans", "font_type": "CIDFontType2", "italic": true, "monospaced": false, "name": "LiberationSans-Italic", "subset": false, "weight": 400}, "HasClip": true, "Page": 0, "Path": "//Document/Sect/L/LI[3]/LBody/L/LI[2]/LBody/L/LI[5]/LBody", "Text": "Administrative, Information Technology, and Selling \u2013 includes primarily costs for salaried personnel and purchased services related to our staff activities, information technology, and selling functions ", "TextSize": 6.9490966796875}, {"Bounds": [58.43440246582031, 493.34141540527344, 62.61775207519531, 502.4933776855469], "ClipBounds": [58.43440246582031, 493.34141540527344, 62.61775207519531, 502.4933776855469], "Font": {"alt_family_name": "Liberation Sans", "embedded": true, "encoding": "Identity-H", "family_name": "Liberation Sans", "font_type": "CIDFontType2", "italic": true, "monospaced": false, "name": "LiberationSans-Italic", "subset": false, "weight": 400}, "HasClip": true, "Page": 0, "Path": "//Document/Sect/L/LI[3]/LBody/L/LI[2]/LBody/L/LI[6]/Lbl", "Text": "\u25aa ", "TextSize": 6.9490966796875}, {"Bounds": [71.26339721679688, 493.34141540527344, 436.16688537597656, 502.4933776855469], "ClipBounds": [71.26339721679688, 493.34141540527344, 436.16688537597656, 502.4933776855469], "Font": {"alt_family_name": "Liberation Sans", "embedded": true, "encoding": "Identity-H", "family_name": "Liberation Sans", "font_type": "CIDFontType2", "italic": true, "monospaced": false, "name": "LiberationSans-Italic", "subset": false, "weight": 400}, "HasClip": true, "Page": 0, "Path": "//Document/Sect/L/LI[3]/LBody/L/LI[2]/LBody/L/LI[6]/LBody", "Text": "Pension and OPEB \u2013 consists primarily of past service pension costs and other postretirement employee benefit costs ", "TextSize": 6.9490966796875}, {"Bounds": [32.77630615234375, 473.02880859375, 36.92491149902344, 481.9445037841797], "ClipBounds": [32.77630615234375, 473.02880859375, 36.92491149902344, 481.9445037841797], "Font": {"alt_family_name": "Liberation Sans", "embedded": true, "encoding": "Identity-H", "family_name": "Liberation Sans", "font_type": "CIDFontType2", "italic": false, "monospaced": false, "name": "LiberationSans", "subset": false, "weight": 400}, "HasClip": true, "Page": 0, "Path": "//Document/Sect/L/LI[4]/Lbl", "Text": "\u2022 ", "TextSize": 6.9490966796875}, {"Bounds": [45.60539245605469, 452.7096405029297, 561.1903839111328, 482.18077087402344], "ClipBounds": [45.60539245605469, 452.7096405029297, 561.1903839111328, 482.18077087402344], "Font": {"alt_family_name": "Liberation Sans", "embedded": true, "encoding": "Identity-H", "family_name": "Liberation Sans", "font_type": "CIDFontType2", "italic": true, "monospaced": false, "name": "LiberationSans-Italic", "subset": false, "weight": 400}, "HasClip": true, "Page": 0, "Path": "//Document/Sect/L/LI[4]/LBody", "Text": "Exchange \u2013 primarily measures EBIT variance driven by one or more of the following: (i) transactions denominated in currencies other than the functional currencies of the relevant entities, (ii) effects of converting functional currency income to U.S. dollars, (iii) effects of remeasuring monetary assets and liabilities of the relevant entities in currencies other than their functional currency, or (iv) results of our foreign currency hedging ", "TextSize": 6.9490966796875}, {"Bounds": [32.77630615234375, 432.4035186767578, 36.92491149902344, 441.55548095703125], "ClipBounds": [32.77630615234375, 432.4035186767578, 36.92491149902344, 441.55548095703125], "Font": {"alt_family_name": "Liberation Sans", "embedded": true, "encoding": "Identity-H", "family_name": "Liberation Sans", "font_type": "CIDFontType2", "italic": true, "monospaced": false, "name": "LiberationSans-Italic", "subset": false, "weight": 400}, "HasClip": true, "Page": 0, "Path": "//Document/Sect/L/LI[5]/Lbl", "Text": "\u2022 ", "TextSize": 6.9490966796875}, {"Bounds": [45.60539245605469, 432.4035186767578, 482.1853790283203, 441.55548095703125], "ClipBounds": [45.60539245605469, 432.4035186767578, 482.1853790283203, 441.55548095703125], "Font": {"alt_family_name": "Liberation Sans", "embedded": true, "encoding": "Identity-H", "family_name": "Liberation Sans", "font_type": "CIDFontType2", "italic": true, "monospaced": false, "name": "LiberationSans-Italic", "subset": false, "weight": 400}, "HasClip": true, "Page": 0, "Path": "//Document/Sect/L/LI[5]/LBody/ParagraphSpan", "Text": "Other \u2013 includes a variety of items, such as parts and services earnings, royalties, government incentives, and compensation-related changes ", "TextSize": 6.9490966796875}, {"Bounds": [45.60539245605469, 412.0909118652344, 249.08546447753906, 421.00660705566406], "ClipBounds": [45.60539245605469, 412.0909118652344, 249.08546447753906, 421.00660705566406], "Font": {"alt_family_name": "Liberation Sans", "embedded": true, "encoding": "Identity-H", "family_name": "Liberation Sans", "font_type": "CIDFontType2", "italic": false, "monospaced": false, "name": "LiberationSans", "subset": false, "weight": 400}, "HasClip": true, "Lang": "en", "Page": 0, "Path": "//Document/Sect/L/LI[5]/LBody/P", "Text": "In addition, definitions and calculations used in this report include: ", "TextSize": 6.9490966796875, "attributes": {"LineHeight": 8.375}}, {"Bounds": [32.77630615234375, 391.7783203125, 36.92491149902344, 400.93028259277344], "ClipBounds": [32.77630615234375, 391.7783203125, 36.92491149902344, 400.93028259277344], "Font": {"alt_family_name": "Liberation Sans", "embedded": true, "encoding": "Identity-H", "family_name": "Liberation Sans", "font_type": "CIDFontType2", "italic": true, "monospaced": false, "name": "LiberationSans-Italic", "subset": false, "weight": 400}, "HasClip": true, "Page": 0, "Path": "//Document/Sect/L/LI[6]/Lbl", "Text": "\u2022 ", "TextSize": 6.9490966796875}, {"Bounds": [45.60539245605469, 340.9803924560547, 561.9471435546875, 400.93028259277344], "ClipBounds": [45.60539245605469, 340.9803924560547, 561.9471435546875, 400.93028259277344], "Font": {"alt_family_name": "Liberation Sans", "embedded": true, "encoding": "Identity-H", "family_name": "Liberation Sans", "font_type": "CIDFontType2", "italic": true, "monospaced": false, "name": "LiberationSans-Italic", "subset": false, "weight": 400}, "HasClip": true, "Page": 0, "Path": "//Document/Sect/L/LI[6]/LBody", "Text": "Wholesales and Revenue \u2013 wholesale unit volumes include all Ford and Lincoln badged units (whether produced by Ford or by an unconsolidated affiliate) that are sold to dealerships or others, units manufactured by Ford that are sold to other manufacturers, units distributed by Ford for other manufacturers, and local brand units produced by our China joint venture, Jiangling Motors Corporation, Ltd. (\u201cJMC\u201d), that are sold to dealerships or others. Vehicles sold to daily rental car companies that are subject to a guaranteed repurchase option (i.e., rental repurchase), as well as other sales of finished vehicles for which the recognition of revenue is deferred (e.g., consignments), also are included in wholesale unit volumes. Revenue from certain vehicles in wholesale unit volumes (specifically, Ford badged vehicles produced and distributed by our unconsolidated affiliates, as well as JMC brand vehicles) are not included in our revenue ", "TextSize": 6.9490966796875}, {"Bounds": [32.77630615234375, 320.6841125488281, 36.92491149902344, 329.83607482910156], "ClipBounds": [32.77630615234375, 320.6841125488281, 36.92491149902344, 329.83607482910156], "Font": {"alt_family_name": "Liberation Sans", "embedded": true, "encoding": "Identity-H", "family_name": "Liberation Sans", "font_type": "CIDFontType2", "italic": true, "monospaced": false, "name": "LiberationSans-Italic", "subset": false, "weight": 400}, "HasClip": true, "Page": 0, "Path": "//Document/Sect/L/LI[7]/Lbl", "Text": "\u2022 ", "TextSize": 6.9490966796875}, {"Bounds": [45.60539245605469, 320.6841125488281, 437.86749267578125, 329.83607482910156], "ClipBounds": [45.60539245605469, 320.6841125488281, 437.86749267578125, 329.83607482910156], "Font": {"alt_family_name": "Liberation Sans", "embedded": true, "encoding": "Identity-H", "family_name": "Liberation Sans", "font_type": "CIDFontType2", "italic": true, "monospaced": false, "name": "LiberationSans-Italic", "subset": false, "weight": 400}, "HasClip": true, "Page": 0, "Path": "//Document/Sect/L/LI[7]/LBody", "Text": "Industry Volume and Market Share \u2013 based, in part, on estimated vehicle registrations; includes medium and heavy duty trucks ", "TextSize": 6.9490966796875}, {"Bounds": [32.77630615234375, 300.37152099609375, 36.92491149902344, 309.28721618652344], "ClipBounds": [32.77630615234375, 300.37152099609375, 36.92491149902344, 309.28721618652344], "Font": {"alt_family_name": "Liberation Sans", "embedded": true, "encoding": "Identity-H", "family_name": "Liberation Sans", "font_type": "CIDFontType2", "italic": false, "monospaced": false, "name": "LiberationSans", "subset": false, "weight": 400}, "HasClip": true, "Page": 0, "Path": "//Document/Sect/L/LI[8]/Lbl", "Text": "\u2022 ", "TextSize": 6.9490966796875}, {"Bounds": [45.60539245605469, 300.37152099609375, 171.55714416503906, 309.5234832763672], "ClipBounds": [45.60539245605469, 300.37152099609375, 171.55714416503906, 309.5234832763672], "Font": {"alt_family_name": "Liberation Sans", "embedded": true, "encoding": "Identity-H", "family_name": "Liberation Sans", "font_type": "CIDFontType2", "italic": true, "monospaced": false, "name": "LiberationSans-Italic", "subset": false, "weight": 400}, "HasClip": true, "Page": 0, "Path": "//Document/Sect/L/LI[8]/LBody", "Text": "SAAR \u2013 seasonally adjusted annual rate ", "TextSize": 6.9490966796875}, {"Bounds": [293.63319396972656, 274.7134094238281, 303.06520080566406, 283.6291046142578], "ClipBounds": [293.63319396972656, 274.7134094238281, 303.06520080566406, 283.6291046142578], "Font": {"alt_family_name": "Liberation Sans", "embedded": true, "encoding": "Identity-H", "family_name": "Liberation Sans", "font_type": "CIDFontType2", "italic": false, "monospaced": false, "name": "LiberationSans", "subset": false, "weight": 400}, "HasClip": true, "Lang": "en", "Page": 0, "Path": "//Document/Sect/P[3]", "Text": "45 ", "TextSize": 6.9490966796875, "attributes": {"LineHeight": 8.375, "TextAlign": "Center"}}], "pages": [{"boxes": {"CropBox": [0.0, 0.0, 595.0, 842.0], "MediaBox": [0.0, 0.0, 595.0, 842.0]}, "height": 842.0, "is_scanned": false, "page_number": 0, "rotation": 0, "width": 595.0}]}