{"version": {"json_export": "193", "page_segmentation": "5", "schema": "1.1.0", "structure": "1.1074.0", "table_structure": "5"}, "extended_metadata": {"ID_instance": "8E 8D 2F 9C DB B8 B2 11 0A 00 67 45 8B 6B C6 23 ", "ID_permanent": "33 31 20 41 42 20 32 43 20 39 43 20 44 42 20 42 38 20 42 32 20 31 31 20 30 41 20 30 30 20 36 37 20 34 35 20 38 42 20 36 42 20 43 36 20 32 33 20 ", "pdf_version": "1.6", "pdfa_compliance_level": "", "is_encrypted": false, "has_acroform": false, "is_digitally_signed": false, "pdfua_compliance_level": "", "page_count": 1, "has_embedded_files": false, "is_certified": false, "is_XFA": false, "language": "en"}, "elements": [{"Bounds": [220.6680908203125, 792.7088317871094, 375.4822235107422, 812.6596984863281], "ClipBounds": [220.6680908203125, 792.7088317871094, 375.4822235107422, 812.6596984863281], "Font": {"alt_family_name": "Liberation Sans", "embedded": true, "encoding": "Identity-H", "family_name": "Liberation Sans", "font_type": "CIDFontType2", "italic": false, "monospaced": false, "name": "LiberationSans-Bold", "subset": false, "weight": 700}, "HasClip": true, "Lang": "en", "Page": 0, "Path": "//Document/Sect/P", "Text": "FORD MOTOR COMPANY AND SUBSIDIARIES NOTES TO THE FINANCIAL STATEMENTS ", "TextSize": 6.9490966796875, "attributes": {"LineHeight": 10.25, "TextAlign": "Center"}}, {"Bounds": [32.77630615234375, 770.7958221435547, 186.23883056640625, 780.5870971679688], "ClipBounds": [32.77630615234375, 770.7958221435547, 186.23883056640625, 780.5870971679688], "Font": {"alt_family_name": "Liberation Sans", "embedded": true, "encoding": "Identity-H", "family_name": "Liberation Sans", "font_type": "CIDFontType2", "italic": false, "monospaced": false, "name": "LiberationSans-Bold", "subset": false, "weight": 700}, "HasClip": true, "Lang": "en", "Page": 0, "Path": "//Document/Sect/P[2]", "Text": "NOTE 18. LEASE COMMITMENTS (Continued) ", "TextSize": 6.9490966796875, "attributes": {"LineHeight": 8.375, "SpaceAfter": 12}}, {"Bounds": [45.60539245605469, 750.9905090332031, 306.537841796875, 759.9062042236328], "ClipBounds": [45.60539245605469, 750.9905090332031, 306.537841796875, 759.9062042236328], "Font": {"alt_family_name": "Liberation Sans", "embedded": true, "encoding": "Identity-H", "family_name": "Liberation Sans", "font_type": "CIDFontType2", "italic": false, "monospaced": false, "name": "LiberationSans", "subset": false, "weight": 400}, "HasClip": true, "Lang": "en", "Page": 0, "Path": "//Document/Sect/P[3]", "Text": "Lease right-of-use assets and liabilities at December 31 were as follows (in millions): ", "TextSize": 6.9490966796875, "attributes": {"LineHeight": 8.375, "SpaceAfter": 9.75}}, {"Bounds": [46.139892578125, 561.0172424316406, 562.1741790771484, 746.8756256103516], "ClipBounds": [46.139892578125, 561.0172424316406, 562.1741790771484, 746.8756256103516], "Page": 0, "Path": "//Document/Sect/Table", "attributes": {"BBox": [32.398699999999735, 558.2119999999995, 562.5369999999821, 745.5239999999758], "NumCol": 3, "NumRow": 13, "Placement": "Block", "SpaceAfter": 18}, "filePaths": ["tables/fileoutpart0.xlsx", "tables/fileoutpart1.png"]}, {"Path": "//Document/Sect/Table/TR/TD", "attributes": {"BBox": [32.398699999999735, 736.8839999999909, 415.54299999999057, 745.5239999999758], "BlockAlign": "Before", "ColIndex": 0, "Height": 8.625, "InlineAlign": "Start", "RowIndex": 0, "Width": 383.125}}, {"Bounds": [450.7887878417969, 738.5906982421875, 465.3018035888672, 746.8756256103516], "ClipBounds": [450.7887878417969, 738.5906982421875, 465.3018035888672, 746.8756256103516], "Page": 0, "Path": "//Document/Sect/Table/TR/TH", "attributes": {"BBox": [415.54299999999057, 736.5239999999758, 487.65999999998894, 745.5239999999758], "BlockAlign": "Before", "BorderColor": [null, [0, 0, 0], null, null], "BorderStyle": ["None", "Solid", "None", "None"], "BorderThickness": [0, 0.375, 0, 0], "ColIndex": 1, "Height": 9, "InlineAlign": "Center", "RowIndex": 0, "Width": 72.125}}, {"Bounds": [450.7887878417969, 738.5906982421875, 465.3018035888672, 746.8756256103516], "ClipBounds": [450.7887878417969, 738.5906982421875, 465.3018035888672, 746.8756256103516], "Font": {"alt_family_name": "Liberation Sans", "embedded": true, "encoding": "Identity-H", "family_name": "Liberation Sans", "font_type": "CIDFontType2", "italic": false, "monospaced": false, "name": "LiberationSans-Bold", "subset": false, "weight": 700}, "HasClip": true, "Lang": "en", "Page": 0, "Path": "//Document/Sect/Table/TR/TH/P", "Text": "2021 ", "TextSize": 5.8800048828125, "attributes": {"LineHeight": 7}}, {"Bounds": [526.1592864990234, 738.5906982421875, 540.6723022460938, 746.8756256103516], "ClipBounds": [526.1592864990234, 738.5906982421875, 540.6723022460938, 746.8756256103516], "Page": 0, "Path": "//Document/Sect/Table/TR/TH[2]", "attributes": {"BBox": [487.65999999998894, 736.5239999999758, 562.5369999999821, 745.5239999999758], "BlockAlign": "Before", "BorderColor": [null, [0, 0, 0], null, null], "BorderStyle": ["None", "Solid", "None", "None"], "BorderThickness": [0, 0.375, 0, 0], "ColIndex": 2, "Height": 9, "InlineAlign": "Center", "RowIndex": 0, "Width": 74.875}}, {"Bounds": [526.1592864990234, 738.5906982421875, 540.6723022460938, 746.8756256103516], "ClipBounds": [526.1592864990234, 738.5906982421875, 540.6723022460938, 746.8756256103516], "Font": {"alt_family_name": "Liberation Sans", "embedded": true, "encoding": "Identity-H", "family_name": "Liberation Sans", "font_type": "CIDFontType2", "italic": false, "monospaced": false, "name": "LiberationSans-Bold", "subset": false, "weight": 700}, "HasClip": true, "Lang": "en", "Page": 0, "Path": "//Document/Sect/Table/TR/TH[2]/P", "Text": "2022 ", "TextSize": 5.8800048828125, "attributes": {"LineHeight": 7}}, {"Bounds": [46.139892578125, 726.2962036132812, 94.91213989257812, 734.5811157226562], "ClipBounds": [46.139892578125, 726.2962036132812, 94.91213989257812, 734.5811157226562], "Page": 0, "Path": "//Document/Sect/Table/TR[2]/TD", "attributes": {"BBox": [32.398699999999735, 725.3649999999907, 562.5369999999821, 737.243999999977], "BlockAlign": "Middle", "BorderColor": [[0, 0, 0], [0.8000029999999754, 0.9333339999999737, 1], null, null], "BorderStyle": ["Solid", "Solid", "None", "None"], "BorderThickness": [0.375, 0, 0, 0], "ColIndex": 0, "ColSpan": 3, "Height": 11.875, "InlineAlign": "Start", "RowIndex": 1, "Width": 530.125}}, {"Bounds": [46.139892578125, 726.2962036132812, 94.91213989257812, 734.5811157226562], "ClipBounds": [46.139892578125, 726.2962036132812, 94.91213989257812, 734.5811157226562], "Font": {"alt_family_name": "Liberation Sans", "embedded": true, "encoding": "Identity-H", "family_name": "Liberation Sans", "font_type": "CIDFontType2", "italic": false, "monospaced": false, "name": "LiberationSans-Bold", "subset": false, "weight": 700}, "HasClip": true, "Lang": "en", "Page": 0, "Path": "//Document/Sect/Table/TR[2]/TD/P", "Text": "Operating leases ", "TextSize": 5.8800048828125, "attributes": {"LineHeight": 7}}, {"Bounds": [50.9508056640625, 714.4309387207031, 118.9912109375, 721.9749755859375], "ClipBounds": [50.9508056640625, 714.4309387207031, 118.9912109375, 721.9749755859375], "Page": 0, "Path": "//Document/Sect/Table/TR[3]/TD", "attributes": {"BBox": [32.278699999998935, 705.2059999999765, 415.6629999999859, 725.484999999986], "BlockAlign": "Before", "BorderColor": [0.8000029999999754, 0.9333339999999737, 1], "BorderStyle": ["Solid", "Solid", "Solid", "Double"], "BorderThickness": [0, 0, 0.125, 0.125], "ColIndex": 0, "Height": 20.25, "InlineAlign": "Start", "RowIndex": 2, "Width": 383.375}}, {"Bounds": [50.9508056640625, 714.4309387207031, 118.9912109375, 721.9749755859375], "ClipBounds": [50.9508056640625, 714.4309387207031, 118.9912109375, 721.9749755859375], "Font": {"alt_family_name": "Liberation Sans", "embedded": true, "encoding": "Identity-H", "family_name": "Liberation Sans", "font_type": "CIDFontType2", "italic": false, "monospaced": false, "name": "LiberationSans", "subset": false, "weight": 400}, "HasClip": true, "Lang": "en", "Page": 0, "Path": "//Document/Sect/Table/TR[3]/TD/P", "Text": "Other assets, non-current ", "TextSize": 5.8800048828125, "attributes": {"LineHeight": 7}}, {"Bounds": [428.3379821777344, 714.4309387207031, 483.49945068359375, 721.9749755859375], "ClipBounds": [428.3379821777344, 714.4309387207031, 483.49945068359375, 721.9749755859375], "Page": 0, "Path": "//Document/Sect/Table/TR[3]/TD[2]", "attributes": {"BBox": [415.4229999999952, 705.2059999999765, 490.179999999993, 725.484999999986], "BlockAlign": "Before", "BorderColor": [0.8000029999999754, 0.9333339999999737, 1], "BorderStyle": ["Solid", "Solid", "Double", "Solid"], "BorderThickness": [0, 0, 0.125, 2.5], "ColIndex": 1, "Height": 20.25, "InlineAlign": "Start", "RowIndex": 2, "Width": 74.75}}, {"Bounds": [428.3379821777344, 714.4309387207031, 483.49945068359375, 721.9749755859375], "ClipBounds": [428.3379821777344, 714.4309387207031, 483.49945068359375, 721.9749755859375], "Font": {"alt_family_name": "Liberation Sans", "embedded": true, "encoding": "Identity-H", "family_name": "Liberation Sans", "font_type": "CIDFontType2", "italic": false, "monospaced": false, "name": "LiberationSans", "subset": false, "weight": 400}, "HasClip": true, "Lang": "en", "Page": 0, "Path": "//Document/Sect/Table/TR[3]/TD[2]/P", "Text": "$ 1,337 ", "TextSize": 5.8800048828125, "attributes": {"LineHeight": 7}}, {"Bounds": [503.70848083496094, 714.4309387207031, 558.8699493408203, 721.9749755859375], "ClipBounds": [503.70848083496094, 714.4309387207031, 558.8699493408203, 721.9749755859375], "Page": 0, "Path": "//Document/Sect/Table/TR[3]/TD[3]", "attributes": {"BBox": [485.1399999999994, 705.2059999999765, 563.7369999999937, 725.484999999986], "BlockAlign": "Before", "BorderColor": [0.8000029999999754, 0.9333339999999737, 1], "BorderStyle": "Solid", "BorderThickness": [0, 0, 2.5, 1.25], "ColIndex": 2, "Height": 20.25, "InlineAlign": "Start", "RowIndex": 2, "Width": 78.625}}, {"Bounds": [503.70848083496094, 714.4309387207031, 558.8699493408203, 721.9749755859375], "ClipBounds": [503.70848083496094, 714.4309387207031, 558.8699493408203, 721.9749755859375], "Font": {"alt_family_name": "Liberation Sans", "embedded": true, "encoding": "Identity-H", "family_name": "Liberation Sans", "font_type": "CIDFontType2", "italic": false, "monospaced": false, "name": "LiberationSans", "subset": false, "weight": 400}, "HasClip": true, "Lang": "en", "Page": 0, "Path": "//Document/Sect/Table/TR[3]/TD[3]/P", "Text": "$ 1,447 ", "TextSize": 5.8800048828125, "attributes": {"LineHeight": 7}}, {"Bounds": [50.9508056640625, 693.5838470458984, 170.21482849121094, 701.1278839111328], "ClipBounds": [50.9508056640625, 693.5838470458984, 170.21482849121094, 701.1278839111328], "Page": 0, "Path": "//Document/Sect/Table/TR[4]/TD", "attributes": {"BBox": [32.398699999999735, 692.1259999999893, 415.54299999999057, 705.2059999999765], "BackgroundColor": [0.8000029999999754, 0.9333339999999737, 1], "BlockAlign": "Middle", "ColIndex": 0, "Height": 13.125, "InlineAlign": "Start", "RowIndex": 3, "Width": 383.125}}, {"Bounds": [50.9508056640625, 693.5838470458984, 170.21482849121094, 701.1278839111328], "ClipBounds": [50.9508056640625, 693.5838470458984, 170.21482849121094, 701.1278839111328], "Font": {"alt_family_name": "Liberation Sans", "embedded": true, "encoding": "Identity-H", "family_name": "Liberation Sans", "font_type": "CIDFontType2", "italic": false, "monospaced": false, "name": "LiberationSans", "subset": false, "weight": 400}, "HasClip": true, "Lang": "en", "Page": 0, "Path": "//Document/Sect/Table/TR[4]/TD/P", "Text": "Other liabilities and deferred revenue, current ", "TextSize": 5.8800048828125, "attributes": {"LineHeight": 7}}, {"Bounds": [428.3379821777344, 693.5838470458984, 483.94984436035156, 701.1278839111328], "ClipBounds": [428.3379821777344, 693.5838470458984, 483.94984436035156, 701.1278839111328], "Page": 0, "Path": "//Document/Sect/Table/TR[4]/TD[2]", "attributes": {"BBox": [415.54299999999057, 692.1259999999893, 487.65999999998894, 705.2059999999765], "BackgroundColor": [0.8000029999999754, 0.9333339999999737, 1], "BlockAlign": "Middle", "ColIndex": 1, "Height": 13.125, "InlineAlign": "Start", "RowIndex": 3, "Width": 72.125}}, {"Bounds": [428.3379821777344, 693.5838470458984, 483.94984436035156, 701.1278839111328], "ClipBounds": [428.3379821777344, 693.5838470458984, 483.94984436035156, 701.1278839111328], "Font": {"alt_family_name": "Liberation Sans", "embedded": true, "encoding": "Identity-H", "family_name": "Liberation Sans", "font_type": "CIDFontType2", "italic": false, "monospaced": false, "name": "LiberationSans", "subset": false, "weight": 400}, "HasClip": true, "Lang": "en", "Page": 0, "Path": "//Document/Sect/Table/TR[4]/TD[2]/P", "Text": "$ 345 ", "TextSize": 5.8800048828125, "attributes": {"LineHeight": 7}}, {"Bounds": [503.70848083496094, 693.5838470458984, 559.3203430175781, 701.1278839111328], "ClipBounds": [503.70848083496094, 693.5838470458984, 559.3203430175781, 701.1278839111328], "Page": 0, "Path": "//Document/Sect/Table/TR[4]/TD[3]", "attributes": {"BBox": [487.65999999998894, 692.1259999999893, 562.5369999999821, 705.2059999999765], "BackgroundColor": [0.8000029999999754, 0.9333339999999737, 1], "BlockAlign": "Middle", "ColIndex": 2, "Height": 13.125, "InlineAlign": "Start", "RowIndex": 3, "Width": 74.875}}, {"Bounds": [503.70848083496094, 693.5838470458984, 559.3203430175781, 701.1278839111328], "ClipBounds": [503.70848083496094, 693.5838470458984, 559.3203430175781, 701.1278839111328], "Font": {"alt_family_name": "Liberation Sans", "embedded": true, "encoding": "Identity-H", "family_name": "Liberation Sans", "font_type": "CIDFontType2", "italic": false, "monospaced": false, "name": "LiberationSans", "subset": false, "weight": 400}, "HasClip": true, "Lang": "en", "Page": 0, "Path": "//Document/Sect/Table/TR[4]/TD[3]/P", "Text": "$ 404 ", "TextSize": 5.8800048828125, "attributes": {"LineHeight": 7}}, {"Bounds": [50.9508056640625, 681.2893371582031, 181.9660186767578, 688.8333892822266], "ClipBounds": [50.9508056640625, 681.2893371582031, 181.9660186767578, 688.8333892822266], "Page": 0, "Path": "//Document/Sect/Table/TR[5]/TD", "attributes": {"BBox": [32.398699999999735, 679.1669999999867, 415.54299999999057, 692.2459999999846], "BackgroundColor": [1, 1, 1], "BlockAlign": "Middle", "BorderColor": [[0.8000029999999754, 0.9333339999999737, 1], [0.8000029999999754, 0.9333339999999737, 1], null, null], "BorderStyle": ["Solid", "Solid", "None", "None"], "ColIndex": 0, "Height": 13.125, "InlineAlign": "Start", "RowIndex": 4, "Width": 383.125}}, {"Bounds": [50.9508056640625, 681.2893371582031, 181.9660186767578, 688.8333892822266], "ClipBounds": [50.9508056640625, 681.2893371582031, 181.9660186767578, 688.8333892822266], "Font": {"alt_family_name": "Liberation Sans", "embedded": true, "encoding": "Identity-H", "family_name": "Liberation Sans", "font_type": "CIDFontType2", "italic": false, "monospaced": false, "name": "LiberationSans", "subset": false, "weight": 400}, "HasClip": true, "Lang": "en", "Page": 0, "Path": "//Document/Sect/Table/TR[5]/TD/P", "Text": "Other liabilities and deferred revenue, non-current ", "TextSize": 5.8800048828125, "attributes": {"LineHeight": 7}}, {"Bounds": [467.3595886230469, 681.2893371582031, 483.50135803222656, 688.8333892822266], "ClipBounds": [467.3595886230469, 681.2893371582031, 483.50135803222656, 688.8333892822266], "Page": 0, "Path": "//Document/Sect/Table/TR[5]/TD[2]", "attributes": {"BBox": [415.54299999999057, 679.1669999999867, 487.65999999998894, 692.2459999999846], "BackgroundColor": [1, 1, 1], "BlockAlign": "Middle", "BorderColor": [[0.8000029999999754, 0.9333339999999737, 1], [0.8000029999999754, 0.9333339999999737, 1], null, null], "BorderStyle": ["Solid", "Solid", "None", "None"], "ColIndex": 1, "Height": 13.125, "InlineAlign": "Start", "RowIndex": 4, "Width": 72.125}}, {"Bounds": [467.3595886230469, 681.2893371582031, 483.50135803222656, 688.8333892822266], "ClipBounds": [467.3595886230469, 681.2893371582031, 483.50135803222656, 688.8333892822266], "Font": {"alt_family_name": "Liberation Sans", "embedded": true, "encoding": "Identity-H", "family_name": "Liberation Sans", "font_type": "CIDFontType2", "italic": false, "monospaced": false, "name": "LiberationSans", "subset": false, "weight": 400}, "HasClip": true, "Lang": "en", "Page": 0, "Path": "//Document/Sect/Table/TR[5]/TD[2]/P", "Text": "1,048 ", "TextSize": 5.8800048828125, "attributes": {"LineHeight": 7}}, {"Bounds": [542.7300872802734, 681.2893371582031, 558.8718566894531, 688.8333892822266], "ClipBounds": [542.7300872802734, 681.2893371582031, 558.8718566894531, 688.8333892822266], "Page": 0, "Path": "//Document/Sect/Table/TR[5]/TD[3]", "attributes": {"BBox": [487.65999999998894, 678.8069999999716, 562.5369999999821, 692.2459999999846], "BackgroundColor": [1, 1, 1], "BlockAlign": "Middle", "BorderColor": [[0.8000029999999754, 0.9333339999999737, 1], [0.0039215099999998, 0.0078430199999997, 0.0078430199999997], null, null], "BorderStyle": ["Solid", "Solid", "None", "None"], "BorderThickness": [0, 0.375, 0, 0], "ColIndex": 2, "Height": 13.5, "InlineAlign": "Start", "RowIndex": 4, "Width": 74.875}}, {"Bounds": [542.7300872802734, 681.2893371582031, 558.8718566894531, 688.8333892822266], "ClipBounds": [542.7300872802734, 681.2893371582031, 558.8718566894531, 688.8333892822266], "Font": {"alt_family_name": "Liberation Sans", "embedded": true, "encoding": "Identity-H", "family_name": "Liberation Sans", "font_type": "CIDFontType2", "italic": false, "monospaced": false, "name": "LiberationSans", "subset": false, "weight": 400}, "HasClip": true, "Lang": "en", "Page": 0, "Path": "//Document/Sect/Table/TR[5]/TD[3]/P", "Text": "1,101 ", "TextSize": 5.8800048828125, "attributes": {"LineHeight": 7}}, {"Bounds": [54.15809631347656, 667.3912506103516, 134.24781799316406, 674.9352874755859], "ClipBounds": [54.15809631347656, 667.3912506103516, 134.24781799316406, 674.9352874755859], "Page": 0, "Path": "//Document/Sect/Table/TR[6]/TD", "attributes": {"BBox": [32.398699999999735, 664.7669999999925, 415.54299999999057, 679.1669999999867], "BackgroundColor": [0.8000029999999754, 0.9333339999999737, 1], "BlockAlign": "Middle", "ColIndex": 0, "Height": 14.375, "InlineAlign": "Start", "RowIndex": 5, "Width": 383.125}}, {"Bounds": [54.15809631347656, 667.3912506103516, 134.24781799316406, 674.9352874755859], "ClipBounds": [54.15809631347656, 667.3912506103516, 134.24781799316406, 674.9352874755859], "Font": {"alt_family_name": "Liberation Sans", "embedded": true, "encoding": "Identity-H", "family_name": "Liberation Sans", "font_type": "CIDFontType2", "italic": false, "monospaced": false, "name": "LiberationSans", "subset": false, "weight": 400}, "HasClip": true, "Lang": "en", "Page": 0, "Path": "//Document/Sect/Table/TR[6]/TD/P", "Text": "Total operating lease liabilities ", "TextSize": 5.8800048828125, "attributes": {"LineHeight": 7}}, {"Bounds": [428.3379821777344, 668.4602508544922, 483.49945068359375, 676.0042877197266], "ClipBounds": [428.3379821777344, 668.4602508544922, 483.49945068359375, 676.0042877197266], "Page": 0, "Path": "//Document/Sect/Table/TR[6]/TD[2]", "attributes": {"BBox": [415.54299999999057, 664.7669999999925, 487.65999999998894, 679.1669999999867], "BackgroundColor": [0.8000029999999754, 0.9333339999999737, 1], "BlockAlign": "Middle", "ColIndex": 1, "Height": 14.375, "InlineAlign": "Start", "RowIndex": 5, "Width": 72.125}}, {"Bounds": [428.3379821777344, 668.4602508544922, 483.49945068359375, 676.0042877197266], "ClipBounds": [428.3379821777344, 668.4602508544922, 483.49945068359375, 676.0042877197266], "Font": {"alt_family_name": "Liberation Sans", "embedded": true, "encoding": "Identity-H", "family_name": "Liberation Sans", "font_type": "CIDFontType2", "italic": false, "monospaced": false, "name": "LiberationSans", "subset": false, "weight": 400}, "HasClip": true, "Lang": "en", "Page": 0, "Path": "//Document/Sect/Table/TR[6]/TD[2]/P", "Text": "$ 1,393 ", "TextSize": 5.8800048828125, "attributes": {"LineHeight": 7}}, {"Bounds": [503.70848083496094, 668.4602508544922, 558.8699493408203, 676.0042877197266], "ClipBounds": [503.70848083496094, 668.4602508544922, 558.8699493408203, 676.0042877197266], "Page": 0, "Path": "//Document/Sect/Table/TR[6]/TD[3]", "attributes": {"BBox": [487.65999999998894, 664.1669999999867, 562.5369999999821, 679.5269999999728], "BackgroundColor": [0.8000029999999754, 0.9333339999999737, 1], "BlockAlign": "Middle", "BorderColor": [[0.0039215099999998, 0.0078430199999997, 0.0078430199999997], [0.0117644999999999, 0.0156859999999996, 0.0156859999999996], null, null], "BorderStyle": ["Solid", "Solid", "None", "None"], "BorderThickness": [0.375, 0.625, 0, 0], "ColIndex": 2, "Height": 15.375, "InlineAlign": "Start", "RowIndex": 5, "Width": 74.875}}, {"Bounds": [503.70848083496094, 668.4602508544922, 558.8699493408203, 676.0042877197266], "ClipBounds": [503.70848083496094, 668.4602508544922, 558.8699493408203, 676.0042877197266], "Font": {"alt_family_name": "Liberation Sans", "embedded": true, "encoding": "Identity-H", "family_name": "Liberation Sans", "font_type": "CIDFontType2", "italic": false, "monospaced": false, "name": "LiberationSans", "subset": false, "weight": 400}, "HasClip": true, "Lang": "en", "Page": 0, "Path": "//Document/Sect/Table/TR[6]/TD[3]/P", "Text": "$ 1,505 ", "TextSize": 5.8800048828125, "attributes": {"LineHeight": 7}}, {"Bounds": [46.139892578125, 646.1148071289062, 89.37905883789062, 654.3997192382812], "ClipBounds": [46.139892578125, 646.1148071289062, 89.37905883789062, 654.3997192382812], "Page": 0, "Path": "//Document/Sect/Table/TR[7]/TD", "attributes": {"BBox": [32.398699999999735, 644.6079999999783, 562.5369999999821, 664.8869999999879], "BlockAlign": "After", "BorderColor": [[0.8000029999999754, 0.9333339999999737, 1], [0.8000029999999754, 0.9333339999999737, 1], null, null], "BorderStyle": ["Solid", "Solid", "None", "None"], "ColIndex": 0, "ColSpan": 3, "Height": 20.25, "InlineAlign": "Start", "RowIndex": 6, "Width": 530.125}}, {"Bounds": [46.139892578125, 646.1148071289062, 89.37905883789062, 654.3997192382812], "ClipBounds": [46.139892578125, 646.1148071289062, 89.37905883789062, 654.3997192382812], "Font": {"alt_family_name": "Liberation Sans", "embedded": true, "encoding": "Identity-H", "family_name": "Liberation Sans", "font_type": "CIDFontType2", "italic": false, "monospaced": false, "name": "LiberationSans-Bold", "subset": false, "weight": 700}, "HasClip": true, "Lang": "en", "Page": 0, "Path": "//Document/Sect/Table/TR[7]/TD/P", "Text": "Finance leases ", "TextSize": 5.8800048828125, "attributes": {"LineHeight": 7}}, {"Bounds": [50.9508056640625, 634.2495422363281, 132.68397521972656, 641.7935791015625], "ClipBounds": [50.9508056640625, 634.2495422363281, 132.68397521972656, 641.7935791015625], "Page": 0, "Path": "//Document/Sect/Table/TR[8]/TD", "attributes": {"BBox": [32.398699999999735, 633.0889999999781, 415.54299999999057, 644.6079999999783], "BackgroundColor": [0.8000029999999754, 0.9333339999999737, 1], "BlockAlign": "Middle", "ColIndex": 0, "Height": 11.5, "InlineAlign": "Start", "RowIndex": 7, "Width": 383.125}}, {"Bounds": [50.9508056640625, 634.2495422363281, 132.68397521972656, 641.7935791015625], "ClipBounds": [50.9508056640625, 634.2495422363281, 132.68397521972656, 641.7935791015625], "Font": {"alt_family_name": "Liberation Sans", "embedded": true, "encoding": "Identity-H", "family_name": "Liberation Sans", "font_type": "CIDFontType2", "italic": false, "monospaced": false, "name": "LiberationSans", "subset": false, "weight": 400}, "HasClip": true, "Lang": "en", "Page": 0, "Path": "//Document/Sect/Table/TR[8]/TD/P", "Text": "Property and equipment, gross ", "TextSize": 5.8800048828125, "attributes": {"LineHeight": 7}}, {"Bounds": [428.3379821777344, 634.2495422363281, 483.94984436035156, 641.7935791015625], "ClipBounds": [428.3379821777344, 634.2495422363281, 483.94984436035156, 641.7935791015625], "Page": 0, "Path": "//Document/Sect/Table/TR[8]/TD[2]", "attributes": {"BBox": [415.54299999999057, 633.0889999999781, 487.65999999998894, 644.6079999999783], "BackgroundColor": [0.8000029999999754, 0.9333339999999737, 1], "BlockAlign": "Middle", "ColIndex": 1, "Height": 11.5, "InlineAlign": "Start", "RowIndex": 7, "Width": 72.125}}, {"Bounds": [428.3379821777344, 634.2495422363281, 483.94984436035156, 641.7935791015625], "ClipBounds": [428.3379821777344, 634.2495422363281, 483.94984436035156, 641.7935791015625], "Font": {"alt_family_name": "Liberation Sans", "embedded": true, "encoding": "Identity-H", "family_name": "Liberation Sans", "font_type": "CIDFontType2", "italic": false, "monospaced": false, "name": "LiberationSans", "subset": false, "weight": 400}, "HasClip": true, "Lang": "en", "Page": 0, "Path": "//Document/Sect/Table/TR[8]/TD[2]/P", "Text": "$ 715 ", "TextSize": 5.8800048828125, "attributes": {"LineHeight": 7}}, {"Bounds": [503.70848083496094, 634.2495422363281, 559.3203430175781, 641.7935791015625], "ClipBounds": [503.70848083496094, 634.2495422363281, 559.3203430175781, 641.7935791015625], "Page": 0, "Path": "//Document/Sect/Table/TR[8]/TD[3]", "attributes": {"BBox": [487.65999999998894, 633.0889999999781, 562.5369999999821, 644.6079999999783], "BackgroundColor": [0.8000029999999754, 0.9333339999999737, 1], "BlockAlign": "Middle", "ColIndex": 2, "Height": 11.5, "InlineAlign": "Start", "RowIndex": 7, "Width": 74.875}}, {"Bounds": [503.70848083496094, 634.2495422363281, 559.3203430175781, 641.7935791015625], "ClipBounds": [503.70848083496094, 634.2495422363281, 559.3203430175781, 641.7935791015625], "Font": {"alt_family_name": "Liberation Sans", "embedded": true, "encoding": "Identity-H", "family_name": "Liberation Sans", "font_type": "CIDFontType2", "italic": false, "monospaced": false, "name": "LiberationSans", "subset": false, "weight": 400}, "HasClip": true, "Lang": "en", "Page": 0, "Path": "//Document/Sect/Table/TR[8]/TD[3]/P", "Text": "$ 791 ", "TextSize": 5.8800048828125, "attributes": {"LineHeight": 7}}, {"Bounds": [50.9508056640625, 621.9550476074219, 119.96965026855469, 629.4990844726562], "ClipBounds": [50.9508056640625, 621.9550476074219, 119.96965026855469, 629.4990844726562], "Page": 0, "Path": "//Document/Sect/Table/TR[9]/TD", "attributes": {"BBox": [32.398699999999735, 620.1289999999863, 415.54299999999057, 633.2079999999842], "BackgroundColor": [1, 1, 1], "BlockAlign": "Middle", "BorderColor": [[0.8000029999999754, 0.9333339999999737, 1], [0.8000029999999754, 0.9333339999999737, 1], null, null], "BorderStyle": ["Solid", "Solid", "None", "None"], "ColIndex": 0, "Height": 13.125, "InlineAlign": "Start", "RowIndex": 8, "Width": 383.125}}, {"Bounds": [50.9508056640625, 621.9550476074219, 119.96965026855469, 629.4990844726562], "ClipBounds": [50.9508056640625, 621.9550476074219, 119.96965026855469, 629.4990844726562], "Font": {"alt_family_name": "Liberation Sans", "embedded": true, "encoding": "Identity-H", "family_name": "Liberation Sans", "font_type": "CIDFontType2", "italic": false, "monospaced": false, "name": "LiberationSans", "subset": false, "weight": 400}, "HasClip": true, "Lang": "en", "Page": 0, "Path": "//Document/Sect/Table/TR[9]/TD/P", "Text": "Accumulated depreciation ", "TextSize": 5.8800048828125, "attributes": {"LineHeight": 7}}, {"Bounds": [471.6358947753906, 621.9550476074219, 486.80628967285156, 629.4990844726562], "ClipBounds": [471.6358947753906, 621.9550476074219, 486.80628967285156, 629.4990844726562], "Page": 0, "Path": "//Document/Sect/Table/TR[9]/TD[2]", "attributes": {"BBox": [415.54299999999057, 620.1289999999863, 487.65999999998894, 633.2079999999842], "BackgroundColor": [1, 1, 1], "BlockAlign": "Middle", "BorderColor": [[0.8000029999999754, 0.9333339999999737, 1], [0.8000029999999754, 0.9333339999999737, 1], null, null], "BorderStyle": ["Solid", "Solid", "None", "None"], "ColIndex": 1, "Height": 13.125, "InlineAlign": "Start", "RowIndex": 8, "Width": 72.125}}, {"Bounds": [471.6358947753906, 621.9550476074219, 486.80628967285156, 629.4990844726562], "ClipBounds": [471.6358947753906, 621.9550476074219, 486.80628967285156, 629.4990844726562], "Font": {"alt_family_name": "Liberation Sans", "embedded": true, "encoding": "Identity-H", "family_name": "Liberation Sans", "font_type": "CIDFontType2", "italic": false, "monospaced": false, "name": "LiberationSans", "subset": false, "weight": 400}, "HasClip": true, "Lang": "en", "Page": 0, "Path": "//Document/Sect/Table/TR[9]/TD[2]/P", "Text": "( 68 ) ", "TextSize": 5.8800048828125, "attributes": {"LineHeight": 7}}, {"Bounds": [543.7991790771484, 621.9550476074219, 562.1741790771484, 629.4990844726562], "ClipBounds": [543.7991790771484, 621.9550476074219, 562.1741790771484, 629.4990844726562], "Page": 0, "Path": "//Document/Sect/Table/TR[9]/TD[3]", "attributes": {"BBox": [487.65999999998894, 619.8889999999956, 562.5369999999821, 633.2079999999842], "BackgroundColor": [1, 1, 1], "BlockAlign": "Middle", "BorderColor": [[0.8000029999999754, 0.9333339999999737, 1], [0.0039215099999998, 0.0078430199999997, 0.0078430199999997], null, null], "BorderStyle": ["Solid", "Solid", "None", "None"], "BorderThickness": [0, 0.25, 0, 0], "ColIndex": 2, "Height": 13.375, "InlineAlign": "Start", "RowIndex": 8, "Width": 74.875}}, {"Bounds": [543.7991790771484, 621.9550476074219, 562.1741790771484, 629.4990844726562], "ClipBounds": [543.7991790771484, 621.9550476074219, 562.1741790771484, 629.4990844726562], "Font": {"alt_family_name": "Liberation Sans", "embedded": true, "encoding": "Identity-H", "family_name": "Liberation Sans", "font_type": "CIDFontType2", "italic": false, "monospaced": false, "name": "LiberationSans", "subset": false, "weight": 400}, "HasClip": true, "Lang": "en", "Page": 0, "Path": "//Document/Sect/Table/TR[9]/TD[3]/P", "Text": "( 109 ) ", "TextSize": 5.8800048828125, "attributes": {"LineHeight": 7}}, {"Bounds": [54.15809631347656, 608.0569458007812, 129.70315551757812, 615.6009826660156], "ClipBounds": [54.15809631347656, 608.0569458007812, 129.70315551757812, 615.6009826660156], "Page": 0, "Path": "//Document/Sect/Table/TR[10]/TD", "attributes": {"BBox": [32.278699999998935, 598.5299999999988, 415.6629999999859, 620.2489999999816], "BlockAlign": "Middle", "BorderColor": [0.8000029999999754, 0.9333339999999737, 1], "BorderStyle": ["Solid", "Solid", "Solid", "Double"], "BorderThickness": [0, 0, 0.125, 0.125], "ColIndex": 0, "Height": 21.75, "InlineAlign": "Start", "RowIndex": 9, "Width": 383.375}}, {"Bounds": [54.15809631347656, 608.0569458007812, 129.70315551757812, 615.6009826660156], "ClipBounds": [54.15809631347656, 608.0569458007812, 129.70315551757812, 615.6009826660156], "Font": {"alt_family_name": "Liberation Sans", "embedded": true, "encoding": "Identity-H", "family_name": "Liberation Sans", "font_type": "CIDFontType2", "italic": false, "monospaced": false, "name": "LiberationSans", "subset": false, "weight": 400}, "HasClip": true, "Lang": "en", "Page": 0, "Path": "//Document/Sect/Table/TR[10]/TD/P", "Text": "Property and equipment, net ", "TextSize": 5.8800048828125, "attributes": {"LineHeight": 7}}, {"Bounds": [428.3379821777344, 609.1260375976562, 483.94984436035156, 616.6700897216797], "ClipBounds": [428.3379821777344, 609.1260375976562, 483.94984436035156, 616.6700897216797], "Page": 0, "Path": "//Document/Sect/Table/TR[10]/TD[2]", "attributes": {"BBox": [415.4229999999952, 598.5299999999988, 490.179999999993, 620.2489999999816], "BlockAlign": "Before", "BorderColor": [0.8000029999999754, 0.9333339999999737, 1], "BorderStyle": ["Solid", "Solid", "Double", "Solid"], "BorderThickness": [0, 0, 0.125, 2.5], "ColIndex": 1, "Height": 21.75, "InlineAlign": "Start", "RowIndex": 9, "Width": 74.75}}, {"Bounds": [428.3379821777344, 609.1260375976562, 483.94984436035156, 616.6700897216797], "ClipBounds": [428.3379821777344, 609.1260375976562, 483.94984436035156, 616.6700897216797], "Font": {"alt_family_name": "Liberation Sans", "embedded": true, "encoding": "Identity-H", "family_name": "Liberation Sans", "font_type": "CIDFontType2", "italic": false, "monospaced": false, "name": "LiberationSans", "subset": false, "weight": 400}, "HasClip": true, "Lang": "en", "Page": 0, "Path": "//Document/Sect/Table/TR[10]/TD[2]/P", "Text": "$ 647 ", "TextSize": 5.8800048828125, "attributes": {"LineHeight": 7}}, {"Bounds": [503.70848083496094, 609.1260375976562, 559.3203430175781, 616.6700897216797], "ClipBounds": [503.70848083496094, 609.1260375976562, 559.3203430175781, 616.6700897216797], "Page": 0, "Path": "//Document/Sect/Table/TR[10]/TD[3]", "attributes": {"BBox": [485.1399999999994, 598.5299999999988, 563.7369999999937, 620.4889999999723], "BlockAlign": "Before", "BorderColor": [[0.0078430199999997, 0.0078430199999997, 0.0078430199999997], [0.8000029999999754, 0.9333339999999737, 1], [0.8000029999999754, 0.9333339999999737, 1], [0.8000029999999754, 0.9333339999999737, 1]], "BorderStyle": "Solid", "BorderThickness": [0.25, 0, 2.5, 1.25], "ColIndex": 2, "Height": 22, "InlineAlign": "Start", "RowIndex": 9, "Width": 78.625}}, {"Bounds": [503.70848083496094, 609.1260375976562, 559.3203430175781, 616.6700897216797], "ClipBounds": [503.70848083496094, 609.1260375976562, 559.3203430175781, 616.6700897216797], "Font": {"alt_family_name": "Liberation Sans", "embedded": true, "encoding": "Identity-H", "family_name": "Liberation Sans", "font_type": "CIDFontType2", "italic": false, "monospaced": false, "name": "LiberationSans", "subset": false, "weight": 400}, "HasClip": true, "Lang": "en", "Page": 0, "Path": "//Document/Sect/Table/TR[10]/TD[3]/P", "Text": "$ 682 ", "TextSize": 5.8800048828125, "attributes": {"LineHeight": 7}}, {"Bounds": [50.9508056640625, 587.2098388671875, 211.3618927001953, 594.7538909912109], "ClipBounds": [50.9508056640625, 587.2098388671875, 211.3618927001953, 594.7538909912109], "Page": 0, "Path": "//Document/Sect/Table/TR[11]/TD", "attributes": {"BBox": [32.398699999999735, 585.5699999999779, 415.54299999999057, 598.5299999999988], "BackgroundColor": [0.8000029999999754, 0.9333339999999737, 1], "BlockAlign": "Middle", "ColIndex": 0, "Height": 13, "InlineAlign": "Start", "RowIndex": 10, "Width": 383.125}}, {"Bounds": [50.9508056640625, 587.2098388671875, 211.3618927001953, 594.7538909912109], "ClipBounds": [50.9508056640625, 587.2098388671875, 211.3618927001953, 594.7538909912109], "Font": {"alt_family_name": "Liberation Sans", "embedded": true, "encoding": "Identity-H", "family_name": "Liberation Sans", "font_type": "CIDFontType2", "italic": false, "monospaced": false, "name": "LiberationSans", "subset": false, "weight": 400}, "HasClip": true, "Lang": "en", "Page": 0, "Path": "//Document/Sect/Table/TR[11]/TD/P", "Text": "Company excluding Ford Credit debt payable within one year ", "TextSize": 5.8800048828125, "attributes": {"LineHeight": 7}}, {"Bounds": [428.3379821777344, 587.2098388671875, 483.8945770263672, 594.7538909912109], "ClipBounds": [428.3379821777344, 587.2098388671875, 483.8945770263672, 594.7538909912109], "Page": 0, "Path": "//Document/Sect/Table/TR[11]/TD[2]", "attributes": {"BBox": [415.54299999999057, 585.5699999999779, 487.65999999998894, 598.5299999999988], "BackgroundColor": [0.8000029999999754, 0.9333339999999737, 1], "BlockAlign": "Middle", "ColIndex": 1, "Height": 13, "InlineAlign": "Start", "RowIndex": 10, "Width": 72.125}}, {"Bounds": [428.3379821777344, 587.2098388671875, 483.8945770263672, 594.7538909912109], "ClipBounds": [428.3379821777344, 587.2098388671875, 483.8945770263672, 594.7538909912109], "Font": {"alt_family_name": "Liberation Sans", "embedded": true, "encoding": "Identity-H", "family_name": "Liberation Sans", "font_type": "CIDFontType2", "italic": false, "monospaced": false, "name": "LiberationSans", "subset": false, "weight": 400}, "HasClip": true, "Lang": "en", "Page": 0, "Path": "//Document/Sect/Table/TR[11]/TD[2]/P", "Text": "$ 76 ", "TextSize": 5.8800048828125, "attributes": {"LineHeight": 7}}, {"Bounds": [503.70848083496094, 587.2098388671875, 559.2650756835938, 594.7538909912109], "ClipBounds": [503.70848083496094, 587.2098388671875, 559.2650756835938, 594.7538909912109], "Page": 0, "Path": "//Document/Sect/Table/TR[11]/TD[3]", "attributes": {"BBox": [487.65999999998894, 585.5699999999779, 562.5369999999821, 598.5299999999988], "BackgroundColor": [0.8000029999999754, 0.9333339999999737, 1], "BlockAlign": "Middle", "ColIndex": 2, "Height": 13, "InlineAlign": "Start", "RowIndex": 10, "Width": 74.875}}, {"Bounds": [503.70848083496094, 587.2098388671875, 559.2650756835938, 594.7538909912109], "ClipBounds": [503.70848083496094, 587.2098388671875, 559.2650756835938, 594.7538909912109], "Font": {"alt_family_name": "Liberation Sans", "embedded": true, "encoding": "Identity-H", "family_name": "Liberation Sans", "font_type": "CIDFontType2", "italic": false, "monospaced": false, "name": "LiberationSans", "subset": false, "weight": 400}, "HasClip": true, "Lang": "en", "Page": 0, "Path": "//Document/Sect/Table/TR[11]/TD[3]/P", "Text": "$ 86 ", "TextSize": 5.8800048828125, "attributes": {"LineHeight": 7}}, {"Bounds": [50.9508056640625, 574.9153442382812, 174.47312927246094, 582.4593811035156], "ClipBounds": [50.9508056640625, 574.9153442382812, 174.47312927246094, 582.4593811035156], "Page": 0, "Path": "//Document/Sect/Table/TR[12]/TD", "attributes": {"BBox": [32.398699999999735, 572.6109999999753, 415.54299999999057, 585.6899999999732], "BackgroundColor": [1, 1, 1], "BlockAlign": "Middle", "BorderColor": [[0.8000029999999754, 0.9333339999999737, 1], [0.8000029999999754, 0.9333339999999737, 1], null, null], "BorderStyle": ["Solid", "Solid", "None", "None"], "ColIndex": 0, "Height": 13.125, "InlineAlign": "Start", "RowIndex": 11, "Width": 383.125}}, {"Bounds": [50.9508056640625, 574.9153442382812, 174.47312927246094, 582.4593811035156], "ClipBounds": [50.9508056640625, 574.9153442382812, 174.47312927246094, 582.4593811035156], "Font": {"alt_family_name": "Liberation Sans", "embedded": true, "encoding": "Identity-H", "family_name": "Liberation Sans", "font_type": "CIDFontType2", "italic": false, "monospaced": false, "name": "LiberationSans", "subset": false, "weight": 400}, "HasClip": true, "Lang": "en", "Page": 0, "Path": "//Document/Sect/Table/TR[12]/TD/P", "Text": "Company excluding Ford Credit long-term debt ", "TextSize": 5.8800048828125, "attributes": {"LineHeight": 7}}, {"Bounds": [472.7049865722656, 574.9153442382812, 483.95225524902344, 582.4593811035156], "ClipBounds": [472.7049865722656, 574.9153442382812, 483.95225524902344, 582.4593811035156], "Page": 0, "Path": "//Document/Sect/Table/TR[12]/TD[2]", "attributes": {"BBox": [415.54299999999057, 572.6109999999753, 487.65999999998894, 585.6899999999732], "BackgroundColor": [1, 1, 1], "BlockAlign": "Middle", "BorderColor": [[0.8000029999999754, 0.9333339999999737, 1], [0.8000029999999754, 0.9333339999999737, 1], null, null], "BorderStyle": ["Solid", "Solid", "None", "None"], "ColIndex": 1, "Height": 13.125, "InlineAlign": "Start", "RowIndex": 11, "Width": 72.125}}, {"Bounds": [472.7049865722656, 574.9153442382812, 483.95225524902344, 582.4593811035156], "ClipBounds": [472.7049865722656, 574.9153442382812, 483.95225524902344, 582.4593811035156], "Font": {"alt_family_name": "Liberation Sans", "embedded": true, "encoding": "Identity-H", "family_name": "Liberation Sans", "font_type": "CIDFontType2", "italic": false, "monospaced": false, "name": "LiberationSans", "subset": false, "weight": 400}, "HasClip": true, "Lang": "en", "Page": 0, "Path": "//Document/Sect/Table/TR[12]/TD[2]/P", "Text": "489 ", "TextSize": 5.8800048828125, "attributes": {"LineHeight": 7}}, {"Bounds": [548.0755920410156, 574.9153442382812, 559.3228454589844, 582.4593811035156], "ClipBounds": [548.0755920410156, 574.9153442382812, 559.3228454589844, 582.4593811035156], "Page": 0, "Path": "//Document/Sect/Table/TR[12]/TD[3]", "attributes": {"BBox": [487.65999999998894, 572.3709999999846, 562.5369999999821, 585.6899999999732], "BackgroundColor": [1, 1, 1], "BlockAlign": "Middle", "BorderColor": [[0.8000029999999754, 0.9333339999999737, 1], [0.0039215099999998, 0.0078430199999997, 0.0078430199999997], null, null], "BorderStyle": ["Solid", "Solid", "None", "None"], "BorderThickness": [0, 0.25, 0, 0], "ColIndex": 2, "Height": 13.375, "InlineAlign": "Start", "RowIndex": 11, "Width": 74.875}}, {"Bounds": [548.0755920410156, 574.9153442382812, 559.3228454589844, 582.4593811035156], "ClipBounds": [548.0755920410156, 574.9153442382812, 559.3228454589844, 582.4593811035156], "Font": {"alt_family_name": "Liberation Sans", "embedded": true, "encoding": "Identity-H", "family_name": "Liberation Sans", "font_type": "CIDFontType2", "italic": false, "monospaced": false, "name": "LiberationSans", "subset": false, "weight": 400}, "HasClip": true, "Lang": "en", "Page": 0, "Path": "//Document/Sect/Table/TR[12]/TD[3]/P", "Text": "488 ", "TextSize": 5.8800048828125, "attributes": {"LineHeight": 7}}, {"Bounds": [54.15809631347656, 561.0172424316406, 128.70297241210938, 568.561279296875], "ClipBounds": [54.15809631347656, 561.0172424316406, 128.70297241210938, 568.561279296875], "Page": 0, "Path": "//Document/Sect/Table/TR[13]/TD", "attributes": {"BBox": [32.398699999999735, 558.2119999999995, 415.54299999999057, 572.6109999999753], "BackgroundColor": [0.8000029999999754, 0.9333339999999737, 1], "BlockAlign": "Middle", "ColIndex": 0, "Height": 14.375, "InlineAlign": "Start", "RowIndex": 12, "Width": 383.125}}, {"Bounds": [54.15809631347656, 561.0172424316406, 128.70297241210938, 568.561279296875], "ClipBounds": [54.15809631347656, 561.0172424316406, 128.70297241210938, 568.561279296875], "Font": {"alt_family_name": "Liberation Sans", "embedded": true, "encoding": "Identity-H", "family_name": "Liberation Sans", "font_type": "CIDFontType2", "italic": false, "monospaced": false, "name": "LiberationSans", "subset": false, "weight": 400}, "HasClip": true, "Lang": "en", "Page": 0, "Path": "//Document/Sect/Table/TR[13]/TD/P", "Text": "Total finance lease liabilities ", "TextSize": 5.8800048828125, "attributes": {"LineHeight": 7}}, {"Bounds": [428.3379821777344, 562.0862426757812, 483.94984436035156, 569.6302795410156], "ClipBounds": [428.3379821777344, 562.0862426757812, 483.94984436035156, 569.6302795410156], "Page": 0, "Path": "//Document/Sect/Table/TR[13]/TD[2]", "attributes": {"BBox": [415.54299999999057, 558.2119999999995, 487.65999999998894, 572.6109999999753], "BackgroundColor": [0.8000029999999754, 0.9333339999999737, 1], "BlockAlign": "Middle", "ColIndex": 1, "Height": 14.375, "InlineAlign": "Start", "RowIndex": 12, "Width": 72.125}}, {"Bounds": [428.3379821777344, 562.0862426757812, 483.94984436035156, 569.6302795410156], "ClipBounds": [428.3379821777344, 562.0862426757812, 483.94984436035156, 569.6302795410156], "Font": {"alt_family_name": "Liberation Sans", "embedded": true, "encoding": "Identity-H", "family_name": "Liberation Sans", "font_type": "CIDFontType2", "italic": false, "monospaced": false, "name": "LiberationSans", "subset": false, "weight": 400}, "HasClip": true, "Lang": "en", "Page": 0, "Path": "//Document/Sect/Table/TR[13]/TD[2]/P", "Text": "$ 565 ", "TextSize": 5.8800048828125, "attributes": {"LineHeight": 7}}, {"Bounds": [503.70848083496094, 562.0862426757812, 559.3203430175781, 569.6302795410156], "ClipBounds": [503.70848083496094, 562.0862426757812, 559.3203430175781, 569.6302795410156], "Page": 0, "Path": "//Document/Sect/Table/TR[13]/TD[3]", "attributes": {"BBox": [487.65999999998894, 555.8119999999763, 562.5369999999821, 572.9709999999905], "BackgroundColor": [0.8000029999999754, 0.9333339999999737, 1], "BlockAlign": "Middle", "BorderColor": [[0.0039215099999998, 0.0078430199999997, 0.0078430199999997], [0.0117644999999999, 0.0156859999999996, 0.0156859999999996], null, null], "BorderStyle": ["Solid", "Double", "None", "None"], "BorderThickness": [0.25, 2.375, 0, 0], "ColIndex": 2, "Height": 17.125, "InlineAlign": "Start", "RowIndex": 12, "Width": 74.875}}, {"Bounds": [503.70848083496094, 562.0862426757812, 559.3203430175781, 569.6302795410156], "ClipBounds": [503.70848083496094, 562.0862426757812, 559.3203430175781, 569.6302795410156], "Font": {"alt_family_name": "Liberation Sans", "embedded": true, "encoding": "Identity-H", "family_name": "Liberation Sans", "font_type": "CIDFontType2", "italic": false, "monospaced": false, "name": "LiberationSans", "subset": false, "weight": 400}, "HasClip": true, "Lang": "en", "Page": 0, "Path": "//Document/Sect/Table/TR[13]/TD[3]/P", "Text": "$ 574 ", "TextSize": 5.8800048828125, "attributes": {"LineHeight": 7}}, {"Bounds": [45.60539245605469, 535.0352020263672, 378.6903533935547, 543.9508972167969], "ClipBounds": [45.60539245605469, 535.0352020263672, 378.6903533935547, 543.9508972167969], "Font": {"alt_family_name": "Liberation Sans", "embedded": true, "encoding": "Identity-H", "family_name": "Liberation Sans", "font_type": "CIDFontType2", "italic": false, "monospaced": false, "name": "LiberationSans", "subset": false, "weight": 400}, "HasClip": true, "Lang": "en", "Page": 0, "Path": "//Document/Sect/P[4]", "Text": "The amounts contractually due on our lease liabilities as of December 31, 2022 were as follows (in millions): ", "TextSize": 6.9490966796875, "attributes": {"LineHeight": 8.375}}, {"Bounds": [520.2792816162109, 522.6354064941406, 543.9298248291016, 530.9203338623047], "ClipBounds": [520.2792816162109, 522.6354064941406, 543.9298248291016, 530.9203338623047], "Font": {"alt_family_name": "Liberation Sans", "embedded": true, "encoding": "Identity-H", "family_name": "Liberation Sans", "font_type": "CIDFontType2", "italic": false, "monospaced": false, "name": "LiberationSans-Bold", "subset": false, "weight": 700}, "HasClip": true, "Lang": "en", "Page": 0, "Path": "//Document/Sect/P[5]", "Text": "Finance ", "TextSize": 5.8800048828125, "attributes": {"LineHeight": 7, "TextAlign": "End"}}, {"Bounds": [32.77630615234375, 342.3801574707031, 562.161376953125, 520.7640228271484], "ClipBounds": [32.77630615234375, 342.3801574707031, 562.161376953125, 520.7640228271484], "Page": 0, "Path": "//Document/Sect/Table[2]", "attributes": {"BBox": [32.278699999998935, 342.09999999999127, 562.5369999999821, 519.3329999999842], "NumCol": 3, "NumRow": 10, "Placement": "Block", "SpaceAfter": 18}, "filePaths": ["tables/fileoutpart2.xlsx", "tables/fileoutpart3.png"]}, {"Path": "//Document/Sect/Table[2]/TR/TD", "attributes": {"BBox": [32.398699999999735, 510.6929999999993, 415.54299999999057, 519.3329999999842], "BlockAlign": "Before", "BorderColor": [null, [0.8000029999999754, 0.9333339999999737, 1], null, null], "BorderStyle": ["None", "Solid", "None", "None"], "ColIndex": 0, "Height": 8.625, "InlineAlign": "Start", "RowIndex": 0, "Width": 383.125}}, {"Bounds": [427.0015869140625, 512.4791107177734, 486.5471649169922, 520.7640228271484], "ClipBounds": [427.0015869140625, 512.4791107177734, 486.5471649169922, 520.7640228271484], "Page": 0, "Path": "//Document/Sect/Table[2]/TR/TH", "attributes": {"BBox": [415.54299999999057, 510.6929999999993, 487.65999999998894, 519.3329999999842], "BlockAlign": "Before", "BorderColor": [null, [0.8000029999999754, 0.9333339999999737, 1], null, null], "BorderStyle": ["None", "Solid", "None", "None"], "ColIndex": 1, "Height": 8.625, "InlineAlign": "End", "RowIndex": 0, "Width": 72.125}}, {"Bounds": [427.0015869140625, 512.4791107177734, 486.5471649169922, 520.7640228271484], "ClipBounds": [427.0015869140625, 512.4791107177734, 486.5471649169922, 520.7640228271484], "Font": {"alt_family_name": "Liberation Sans", "embedded": true, "encoding": "Identity-H", "family_name": "Liberation Sans", "font_type": "CIDFontType2", "italic": false, "monospaced": false, "name": "LiberationSans-Bold", "subset": false, "weight": 700}, "HasClip": true, "Lang": "en", "Page": 0, "Path": "//Document/Sect/Table[2]/TR/TH/P", "Text": "Operating Leases (a) ", "TextSize": 5.8800048828125, "attributes": {"LineHeight": 7}}, {"Bounds": [516.0029907226562, 512.4791107177734, 537.3732604980469, 520.7640228271484], "ClipBounds": [516.0029907226562, 512.4791107177734, 537.3732604980469, 520.7640228271484], "Page": 0, "Path": "//Document/Sect/Table[2]/TR/TH[2]", "attributes": {"BBox": [487.65999999998894, 510.6929999999993, 562.5369999999821, 519.3329999999842], "BlockAlign": "Before", "BorderColor": [null, [0, 0, 0], null, null], "BorderStyle": ["None", "Solid", "None", "None"], "ColIndex": 2, "Height": 8.625, "InlineAlign": "Center", "RowIndex": 0, "Width": 74.875}}, {"Bounds": [516.0029907226562, 512.4791107177734, 537.3732604980469, 520.7640228271484], "ClipBounds": [516.0029907226562, 512.4791107177734, 537.3732604980469, 520.7640228271484], "Font": {"alt_family_name": "Liberation Sans", "embedded": true, "encoding": "Identity-H", "family_name": "Liberation Sans", "font_type": "CIDFontType2", "italic": false, "monospaced": false, "name": "LiberationSans-Bold", "subset": false, "weight": 700}, "HasClip": true, "Lang": "en", "Page": 0, "Path": "//Document/Sect/Table[2]/TR/TH[2]/P", "Text": "Leases ", "TextSize": 5.8800048828125, "attributes": {"LineHeight": 7}}, {"Bounds": [46.139892578125, 500.079345703125, 60.65290832519531, 507.6233825683594], "ClipBounds": [46.139892578125, 500.079345703125, 60.65290832519531, 507.6233825683594], "Page": 0, "Path": "//Document/Sect/Table[2]/TR[2]/TD", "attributes": {"BBox": [32.398699999999735, 499.17399999999907, 415.54299999999057, 510.6929999999993], "BackgroundColor": [0.8000029999999754, 0.9333339999999737, 1], "BlockAlign": "Middle", "ColIndex": 0, "Height": 11.5, "InlineAlign": "Start", "RowIndex": 1, "Width": 383.125}}, {"Bounds": [46.139892578125, 500.079345703125, 60.65290832519531, 507.6233825683594], "ClipBounds": [46.139892578125, 500.079345703125, 60.65290832519531, 507.6233825683594], "Font": {"alt_family_name": "Liberation Sans", "embedded": true, "encoding": "Identity-H", "family_name": "Liberation Sans", "font_type": "CIDFontType2", "italic": false, "monospaced": false, "name": "LiberationSans", "subset": false, "weight": 400}, "HasClip": true, "Lang": "en", "Page": 0, "Path": "//Document/Sect/Table[2]/TR[2]/TD/P", "Text": "2023 ", "TextSize": 5.8800048828125, "attributes": {"LineHeight": 7}}, {"Bounds": [426.7342834472656, 500.079345703125, 482.8812255859375, 507.6233825683594], "ClipBounds": [426.7342834472656, 500.079345703125, 482.8812255859375, 507.6233825683594], "Page": 0, "Path": "//Document/Sect/Table[2]/TR[2]/TD[2]", "attributes": {"BBox": [415.54299999999057, 499.17399999999907, 487.65999999998894, 510.6929999999993], "BackgroundColor": [0.8000029999999754, 0.9333339999999737, 1], "BlockAlign": "Middle", "ColIndex": 1, "Height": 11.5, "InlineAlign": "End", "RowIndex": 1, "Width": 72.125}}, {"Bounds": [426.7342834472656, 500.079345703125, 482.8812255859375, 507.6233825683594], "ClipBounds": [426.7342834472656, 500.079345703125, 482.8812255859375, 507.6233825683594], "Font": {"alt_family_name": "Liberation Sans", "embedded": true, "encoding": "Identity-H", "family_name": "Liberation Sans", "font_type": "CIDFontType2", "italic": false, "monospaced": false, "name": "LiberationSans", "subset": false, "weight": 400}, "HasClip": true, "Lang": "en", "Page": 0, "Path": "//Document/Sect/Table[2]/TR[2]/TD[2]/P", "Text": "$ 452 ", "TextSize": 5.8800048828125, "attributes": {"LineHeight": 7}}, {"Bounds": [503.1739807128906, 500.079345703125, 559.3209228515625, 507.6233825683594], "ClipBounds": [503.1739807128906, 500.079345703125, 559.3209228515625, 507.6233825683594], "Page": 0, "Path": "//Document/Sect/Table[2]/TR[2]/TD[3]", "attributes": {"BBox": [487.65999999998894, 499.17399999999907, 562.6569999999774, 510.81299999999464], "BackgroundColor": [0.8000029999999754, 0.9333339999999737, 1], "BlockAlign": "Middle", "BorderColor": [[0, 0, 0], [0, 0, 0], null, [0, 0, 0]], "BorderStyle": ["Solid", "Solid", "None", "Solid"], "BorderThickness": [0, 0, 0, 0.125], "ColIndex": 2, "Height": 11.625, "InlineAlign": "End", "RowIndex": 1, "Width": 75}}, {"Bounds": [503.1739807128906, 500.079345703125, 559.3209228515625, 507.6233825683594], "ClipBounds": [503.1739807128906, 500.079345703125, 559.3209228515625, 507.6233825683594], "Font": {"alt_family_name": "Liberation Sans", "embedded": true, "encoding": "Identity-H", "family_name": "Liberation Sans", "font_type": "CIDFontType2", "italic": false, "monospaced": false, "name": "LiberationSans", "subset": false, "weight": 400}, "HasClip": true, "Lang": "en", "Page": 0, "Path": "//Document/Sect/Table[2]/TR[2]/TD[3]/P", "Text": "$ 107 ", "TextSize": 5.8800048828125, "attributes": {"LineHeight": 7}}, {"Bounds": [46.139892578125, 487.78485107421875, 60.65290832519531, 495.3288879394531], "ClipBounds": [46.139892578125, 487.78485107421875, 60.65290832519531, 495.3288879394531], "Page": 0, "Path": "//Document/Sect/Table[2]/TR[3]/TD", "attributes": {"BBox": [32.398699999999735, 486.21399999999267, 415.54299999999057, 499.2939999999944], "BackgroundColor": [1, 1, 1], "BlockAlign": "Middle", "BorderColor": [[0.8000029999999754, 0.9333339999999737, 1], [0.8000029999999754, 0.9333339999999737, 1], null, null], "BorderStyle": ["Solid", "Solid", "None", "None"], "ColIndex": 0, "Height": 13.125, "InlineAlign": "Start", "RowIndex": 2, "Width": 383.125}}, {"Bounds": [46.139892578125, 487.78485107421875, 60.65290832519531, 495.3288879394531], "ClipBounds": [46.139892578125, 487.78485107421875, 60.65290832519531, 495.3288879394531], "Font": {"alt_family_name": "Liberation Sans", "embedded": true, "encoding": "Identity-H", "family_name": "Liberation Sans", "font_type": "CIDFontType2", "italic": false, "monospaced": false, "name": "LiberationSans", "subset": false, "weight": 400}, "HasClip": true, "Lang": "en", "Page": 0, "Path": "//Document/Sect/Table[2]/TR[3]/TD/P", "Text": "2024 ", "TextSize": 5.8800048828125, "attributes": {"LineHeight": 7}}, {"Bounds": [471.6358947753906, 487.78485107421875, 482.8831481933594, 495.3288879394531], "ClipBounds": [471.6358947753906, 487.78485107421875, 482.8831481933594, 495.3288879394531], "Page": 0, "Path": "//Document/Sect/Table[2]/TR[3]/TD[2]", "attributes": {"BBox": [415.54299999999057, 486.21399999999267, 487.65999999998894, 499.2939999999944], "BackgroundColor": [1, 1, 1], "BlockAlign": "Middle", "BorderColor": [[0.8000029999999754, 0.9333339999999737, 1], [0.8000029999999754, 0.9333339999999737, 1], null, null], "BorderStyle": ["Solid", "Solid", "None", "None"], "ColIndex": 1, "Height": 13.125, "InlineAlign": "End", "RowIndex": 2, "Width": 72.125}}, {"Bounds": [471.6358947753906, 487.78485107421875, 482.8831481933594, 495.3288879394531], "ClipBounds": [471.6358947753906, 487.78485107421875, 482.8831481933594, 495.3288879394531], "Font": {"alt_family_name": "Liberation Sans", "embedded": true, "encoding": "Identity-H", "family_name": "Liberation Sans", "font_type": "CIDFontType2", "italic": false, "monospaced": false, "name": "LiberationSans", "subset": false, "weight": 400}, "HasClip": true, "Lang": "en", "Page": 0, "Path": "//Document/Sect/Table[2]/TR[3]/TD[2]/P", "Text": "350 ", "TextSize": 5.8800048828125, "attributes": {"LineHeight": 7}}, {"Bounds": [551.2827911376953, 487.78485107421875, 559.2642974853516, 495.3288879394531], "ClipBounds": [551.2827911376953, 487.78485107421875, 559.2642974853516, 495.3288879394531], "Page": 0, "Path": "//Document/Sect/Table[2]/TR[3]/TD[3]", "attributes": {"BBox": [487.65999999998894, 486.21399999999267, 562.5369999999821, 499.2939999999944], "BackgroundColor": [1, 1, 1], "BlockAlign": "Middle", "BorderColor": [[0, 0, 0], [0.8000029999999754, 0.9333339999999737, 1], null, null], "BorderStyle": ["Solid", "Solid", "None", "None"], "ColIndex": 2, "Height": 13.125, "InlineAlign": "End", "RowIndex": 2, "Width": 74.875}}, {"Bounds": [551.2827911376953, 487.78485107421875, 559.2642974853516, 495.3288879394531], "ClipBounds": [551.2827911376953, 487.78485107421875, 559.2642974853516, 495.3288879394531], "Font": {"alt_family_name": "Liberation Sans", "embedded": true, "encoding": "Identity-H", "family_name": "Liberation Sans", "font_type": "CIDFontType2", "italic": false, "monospaced": false, "name": "LiberationSans", "subset": false, "weight": 400}, "HasClip": true, "Lang": "en", "Page": 0, "Path": "//Document/Sect/Table[2]/TR[3]/TD[3]/P", "Text": "91 ", "TextSize": 5.8800048828125, "attributes": {"LineHeight": 7}}, {"Bounds": [46.139892578125, 475.49034118652344, 60.65290832519531, 483.0343933105469], "ClipBounds": [46.139892578125, 475.49034118652344, 60.65290832519531, 483.0343933105469], "Page": 0, "Path": "//Document/Sect/Table[2]/TR[4]/TD", "attributes": {"BBox": [32.398699999999735, 473.2549999999901, 415.54299999999057, 486.21399999999267], "BackgroundColor": [0.8000029999999754, 0.9333339999999737, 1], "BlockAlign": "Middle", "ColIndex": 0, "Height": 13, "InlineAlign": "Start", "RowIndex": 3, "Width": 383.125}}, {"Bounds": [46.139892578125, 475.49034118652344, 60.65290832519531, 483.0343933105469], "ClipBounds": [46.139892578125, 475.49034118652344, 60.65290832519531, 483.0343933105469], "Font": {"alt_family_name": "Liberation Sans", "embedded": true, "encoding": "Identity-H", "family_name": "Liberation Sans", "font_type": "CIDFontType2", "italic": false, "monospaced": false, "name": "LiberationSans", "subset": false, "weight": 400}, "HasClip": true, "Lang": "en", "Page": 0, "Path": "//Document/Sect/Table[2]/TR[4]/TD/P", "Text": "2025 ", "TextSize": 5.8800048828125, "attributes": {"LineHeight": 7}}, {"Bounds": [471.6358947753906, 475.49034118652344, 482.8831481933594, 483.0343933105469], "ClipBounds": [471.6358947753906, 475.49034118652344, 482.8831481933594, 483.0343933105469], "Page": 0, "Path": "//Document/Sect/Table[2]/TR[4]/TD[2]", "attributes": {"BBox": [415.54299999999057, 473.2549999999901, 487.65999999998894, 486.21399999999267], "BackgroundColor": [0.8000029999999754, 0.9333339999999737, 1], "BlockAlign": "Middle", "ColIndex": 1, "Height": 13, "InlineAlign": "End", "RowIndex": 3, "Width": 72.125}}, {"Bounds": [471.6358947753906, 475.49034118652344, 482.8831481933594, 483.0343933105469], "ClipBounds": [471.6358947753906, 475.49034118652344, 482.8831481933594, 483.0343933105469], "Font": {"alt_family_name": "Liberation Sans", "embedded": true, "encoding": "Identity-H", "family_name": "Liberation Sans", "font_type": "CIDFontType2", "italic": false, "monospaced": false, "name": "LiberationSans", "subset": false, "weight": 400}, "HasClip": true, "Lang": "en", "Page": 0, "Path": "//Document/Sect/Table[2]/TR[4]/TD[2]/P", "Text": "253 ", "TextSize": 5.8800048828125, "attributes": {"LineHeight": 7}}, {"Bounds": [551.2827911376953, 475.49034118652344, 559.2642974853516, 483.0343933105469], "ClipBounds": [551.2827911376953, 475.49034118652344, 559.2642974853516, 483.0343933105469], "Page": 0, "Path": "//Document/Sect/Table[2]/TR[4]/TD[3]", "attributes": {"BBox": [487.65999999998894, 473.2549999999901, 562.5369999999821, 486.21399999999267], "BackgroundColor": [0.8000029999999754, 0.9333339999999737, 1], "BlockAlign": "Middle", "ColIndex": 2, "Height": 13, "InlineAlign": "End", "RowIndex": 3, "Width": 74.875}}, {"Bounds": [551.2827911376953, 475.49034118652344, 559.2642974853516, 483.0343933105469], "ClipBounds": [551.2827911376953, 475.49034118652344, 559.2642974853516, 483.0343933105469], "Font": {"alt_family_name": "Liberation Sans", "embedded": true, "encoding": "Identity-H", "family_name": "Liberation Sans", "font_type": "CIDFontType2", "italic": false, "monospaced": false, "name": "LiberationSans", "subset": false, "weight": 400}, "HasClip": true, "Lang": "en", "Page": 0, "Path": "//Document/Sect/Table[2]/TR[4]/TD[3]/P", "Text": "68 ", "TextSize": 5.8800048828125, "attributes": {"LineHeight": 7}}, {"Bounds": [46.139892578125, 463.1958465576172, 60.65290832519531, 470.73988342285156], "ClipBounds": [46.139892578125, 463.1958465576172, 60.65290832519531, 470.73988342285156], "Page": 0, "Path": "//Document/Sect/Table[2]/TR[5]/TD", "attributes": {"BBox": [32.398699999999735, 461.73499999998603, 415.54299999999057, 473.375], "BackgroundColor": [1, 1, 1], "BlockAlign": "Middle", "BorderColor": [[0.8000029999999754, 0.9333339999999737, 1], [0.8000029999999754, 0.9333339999999737, 1], null, null], "BorderStyle": ["Solid", "Solid", "None", "None"], "ColIndex": 0, "Height": 11.625, "InlineAlign": "Start", "RowIndex": 4, "Width": 383.125}}, {"Bounds": [46.139892578125, 463.1958465576172, 60.65290832519531, 470.73988342285156], "ClipBounds": [46.139892578125, 463.1958465576172, 60.65290832519531, 470.73988342285156], "Font": {"alt_family_name": "Liberation Sans", "embedded": true, "encoding": "Identity-H", "family_name": "Liberation Sans", "font_type": "CIDFontType2", "italic": false, "monospaced": false, "name": "LiberationSans", "subset": false, "weight": 400}, "HasClip": true, "Lang": "en", "Page": 0, "Path": "//Document/Sect/Table[2]/TR[5]/TD/P", "Text": "2026 ", "TextSize": 5.8800048828125, "attributes": {"LineHeight": 7}}, {"Bounds": [471.6358947753906, 463.1958465576172, 482.8831481933594, 470.73988342285156], "ClipBounds": [471.6358947753906, 463.1958465576172, 482.8831481933594, 470.73988342285156], "Page": 0, "Path": "//Document/Sect/Table[2]/TR[5]/TD[2]", "attributes": {"BBox": [415.54299999999057, 461.73499999998603, 487.65999999998894, 473.375], "BackgroundColor": [1, 1, 1], "BlockAlign": "Middle", "BorderColor": [[0.8000029999999754, 0.9333339999999737, 1], [0.8000029999999754, 0.9333339999999737, 1], null, null], "BorderStyle": ["Solid", "Solid", "None", "None"], "ColIndex": 1, "Height": 11.625, "InlineAlign": "End", "RowIndex": 4, "Width": 72.125}}, {"Bounds": [471.6358947753906, 463.1958465576172, 482.8831481933594, 470.73988342285156], "ClipBounds": [471.6358947753906, 463.1958465576172, 482.8831481933594, 470.73988342285156], "Font": {"alt_family_name": "Liberation Sans", "embedded": true, "encoding": "Identity-H", "family_name": "Liberation Sans", "font_type": "CIDFontType2", "italic": false, "monospaced": false, "name": "LiberationSans", "subset": false, "weight": 400}, "HasClip": true, "Lang": "en", "Page": 0, "Path": "//Document/Sect/Table[2]/TR[5]/TD[2]/P", "Text": "176 ", "TextSize": 5.8800048828125, "attributes": {"LineHeight": 7}}, {"Bounds": [551.2827911376953, 463.1958465576172, 559.2642974853516, 470.73988342285156], "ClipBounds": [551.2827911376953, 463.1958465576172, 559.2642974853516, 470.73988342285156], "Page": 0, "Path": "//Document/Sect/Table[2]/TR[5]/TD[3]", "attributes": {"BBox": [487.65999999998894, 461.73499999998603, 562.5369999999821, 473.375], "BackgroundColor": [1, 1, 1], "BlockAlign": "Middle", "BorderColor": [[0.8000029999999754, 0.9333339999999737, 1], [0.8000029999999754, 0.9333339999999737, 1], null, null], "BorderStyle": ["Solid", "Solid", "None", "None"], "ColIndex": 2, "Height": 11.625, "InlineAlign": "End", "RowIndex": 4, "Width": 74.875}}, {"Bounds": [551.2827911376953, 463.1958465576172, 559.2642974853516, 470.73988342285156], "ClipBounds": [551.2827911376953, 463.1958465576172, 559.2642974853516, 470.73988342285156], "Font": {"alt_family_name": "Liberation Sans", "embedded": true, "encoding": "Identity-H", "family_name": "Liberation Sans", "font_type": "CIDFontType2", "italic": false, "monospaced": false, "name": "LiberationSans", "subset": false, "weight": 400}, "HasClip": true, "Lang": "en", "Page": 0, "Path": "//Document/Sect/Table[2]/TR[5]/TD[3]/P", "Text": "62 ", "TextSize": 5.8800048828125, "attributes": {"LineHeight": 7}}, {"Bounds": [46.139892578125, 450.90135192871094, 60.65290832519531, 458.4453887939453], "ClipBounds": [46.139892578125, 450.90135192871094, 60.65290832519531, 458.4453887939453], "Page": 0, "Path": "//Document/Sect/Table[2]/TR[6]/TD", "attributes": {"BBox": [32.398699999999735, 450.2159999999858, 415.54299999999057, 461.73499999998603], "BackgroundColor": [0.8000029999999754, 0.9333339999999737, 1], "BlockAlign": "Middle", "ColIndex": 0, "Height": 11.5, "InlineAlign": "Start", "RowIndex": 5, "Width": 383.125}}, {"Bounds": [46.139892578125, 450.90135192871094, 60.65290832519531, 458.4453887939453], "ClipBounds": [46.139892578125, 450.90135192871094, 60.65290832519531, 458.4453887939453], "Font": {"alt_family_name": "Liberation Sans", "embedded": true, "encoding": "Identity-H", "family_name": "Liberation Sans", "font_type": "CIDFontType2", "italic": false, "monospaced": false, "name": "LiberationSans", "subset": false, "weight": 400}, "HasClip": true, "Lang": "en", "Page": 0, "Path": "//Document/Sect/Table[2]/TR[6]/TD/P", "Text": "2027 ", "TextSize": 5.8800048828125, "attributes": {"LineHeight": 7}}, {"Bounds": [471.6358947753906, 450.90135192871094, 482.8831481933594, 458.4453887939453], "ClipBounds": [471.6358947753906, 450.90135192871094, 482.8831481933594, 458.4453887939453], "Page": 0, "Path": "//Document/Sect/Table[2]/TR[6]/TD[2]", "attributes": {"BBox": [415.54299999999057, 450.2159999999858, 487.65999999998894, 461.73499999998603], "BackgroundColor": [0.8000029999999754, 0.9333339999999737, 1], "BlockAlign": "Middle", "ColIndex": 1, "Height": 11.5, "InlineAlign": "End", "RowIndex": 5, "Width": 72.125}}, {"Bounds": [471.6358947753906, 450.90135192871094, 482.8831481933594, 458.4453887939453], "ClipBounds": [471.6358947753906, 450.90135192871094, 482.8831481933594, 458.4453887939453], "Font": {"alt_family_name": "Liberation Sans", "embedded": true, "encoding": "Identity-H", "family_name": "Liberation Sans", "font_type": "CIDFontType2", "italic": false, "monospaced": false, "name": "LiberationSans", "subset": false, "weight": 400}, "HasClip": true, "Lang": "en", "Page": 0, "Path": "//Document/Sect/Table[2]/TR[6]/TD[2]/P", "Text": "134 ", "TextSize": 5.8800048828125, "attributes": {"LineHeight": 7}}, {"Bounds": [551.2827911376953, 450.90135192871094, 559.2642974853516, 458.4453887939453], "ClipBounds": [551.2827911376953, 450.90135192871094, 559.2642974853516, 458.4453887939453], "Page": 0, "Path": "//Document/Sect/Table[2]/TR[6]/TD[3]", "attributes": {"BBox": [487.65999999998894, 450.2159999999858, 562.5369999999821, 461.73499999998603], "BackgroundColor": [0.8000029999999754, 0.9333339999999737, 1], "BlockAlign": "Middle", "ColIndex": 2, "Height": 11.5, "InlineAlign": "End", "RowIndex": 5, "Width": 74.875}}, {"Bounds": [551.2827911376953, 450.90135192871094, 559.2642974853516, 458.4453887939453], "ClipBounds": [551.2827911376953, 450.90135192871094, 559.2642974853516, 458.4453887939453], "Font": {"alt_family_name": "Liberation Sans", "embedded": true, "encoding": "Identity-H", "family_name": "Liberation Sans", "font_type": "CIDFontType2", "italic": false, "monospaced": false, "name": "LiberationSans", "subset": false, "weight": 400}, "HasClip": true, "Lang": "en", "Page": 0, "Path": "//Document/Sect/Table[2]/TR[6]/TD[3]/P", "Text": "37 ", "TextSize": 5.8800048828125, "attributes": {"LineHeight": 7}}, {"Bounds": [46.139892578125, 438.60694885253906, 74.6820068359375, 446.15098571777344], "ClipBounds": [46.139892578125, 438.60694885253906, 74.6820068359375, 446.15098571777344], "Page": 0, "Path": "//Document/Sect/Table[2]/TR[7]/TD", "attributes": {"BBox": [32.398699999999735, 437.25599999999395, 415.54299999999057, 450.3359999999957], "BackgroundColor": [1, 1, 1], "BlockAlign": "Middle", "BorderColor": [[0.8000029999999754, 0.9333339999999737, 1], [0.8000029999999754, 0.9333339999999737, 1], null, null], "BorderStyle": ["Solid", "Solid", "None", "None"], "ColIndex": 0, "Height": 13.125, "InlineAlign": "Start", "RowIndex": 6, "Width": 383.125}}, {"Bounds": [46.139892578125, 438.60694885253906, 74.6820068359375, 446.15098571777344], "ClipBounds": [46.139892578125, 438.60694885253906, 74.6820068359375, 446.15098571777344], "Font": {"alt_family_name": "Liberation Sans", "embedded": true, "encoding": "Identity-H", "family_name": "Liberation Sans", "font_type": "CIDFontType2", "italic": false, "monospaced": false, "name": "LiberationSans", "subset": false, "weight": 400}, "HasClip": true, "Lang": "en", "Page": 0, "Path": "//Document/Sect/Table[2]/TR[7]/TD/P", "Text": "Thereafter ", "TextSize": 5.8800048828125, "attributes": {"LineHeight": 7}}, {"Bounds": [471.6358947753906, 438.60694885253906, 482.8831481933594, 446.15098571777344], "ClipBounds": [471.6358947753906, 438.60694885253906, 482.8831481933594, 446.15098571777344], "Page": 0, "Path": "//Document/Sect/Table[2]/TR[7]/TD[2]", "attributes": {"BBox": [415.54299999999057, 437.25599999999395, 487.65999999998894, 450.3359999999957], "BackgroundColor": [1, 1, 1], "BlockAlign": "Middle", "BorderColor": [[0.8000029999999754, 0.9333339999999737, 1], [0, 0, 0], null, null], "BorderStyle": ["Solid", "Solid", "None", "None"], "ColIndex": 1, "Height": 13.125, "InlineAlign": "End", "RowIndex": 6, "Width": 72.125}}, {"Bounds": [471.6358947753906, 438.60694885253906, 482.8831481933594, 446.15098571777344], "ClipBounds": [471.6358947753906, 438.60694885253906, 482.8831481933594, 446.15098571777344], "Font": {"alt_family_name": "Liberation Sans", "embedded": true, "encoding": "Identity-H", "family_name": "Liberation Sans", "font_type": "CIDFontType2", "italic": false, "monospaced": false, "name": "LiberationSans", "subset": false, "weight": 400}, "HasClip": true, "Lang": "en", "Page": 0, "Path": "//Document/Sect/Table[2]/TR[7]/TD[2]/P", "Text": "309 ", "TextSize": 5.8800048828125, "attributes": {"LineHeight": 7}}, {"Bounds": [548.0755920410156, 438.60694885253906, 559.3228454589844, 446.15098571777344], "ClipBounds": [548.0755920410156, 438.60694885253906, 559.3228454589844, 446.15098571777344], "Page": 0, "Path": "//Document/Sect/Table[2]/TR[7]/TD[3]", "attributes": {"BBox": [487.65999999998894, 437.25599999999395, 562.5369999999821, 450.3359999999957], "BackgroundColor": [1, 1, 1], "BlockAlign": "Middle", "BorderColor": [[0.8000029999999754, 0.9333339999999737, 1], [0, 0, 0], null, null], "BorderStyle": ["Solid", "Solid", "None", "None"], "ColIndex": 2, "Height": 13.125, "InlineAlign": "End", "RowIndex": 6, "Width": 74.875}}, {"Bounds": [548.0755920410156, 438.60694885253906, 559.3228454589844, 446.15098571777344], "ClipBounds": [548.0755920410156, 438.60694885253906, 559.3228454589844, 446.15098571777344], "Font": {"alt_family_name": "Liberation Sans", "embedded": true, "encoding": "Identity-H", "family_name": "Liberation Sans", "font_type": "CIDFontType2", "italic": false, "monospaced": false, "name": "LiberationSans", "subset": false, "weight": 400}, "HasClip": true, "Lang": "en", "Page": 0, "Path": "//Document/Sect/Table[2]/TR[7]/TD[3]/P", "Text": "348 ", "TextSize": 5.8800048828125, "attributes": {"LineHeight": 7}}, {"Bounds": [50.9508056640625, 425.77784729003906, 65.46617126464844, 433.32188415527344], "ClipBounds": [50.9508056640625, 425.77784729003906, 65.46617126464844, 433.32188415527344], "Page": 0, "Path": "//Document/Sect/Table[2]/TR[8]/TD", "attributes": {"BBox": [32.398699999999735, 424.2969999999914, 415.54299999999057, 437.25599999999395], "BackgroundColor": [0.8000029999999754, 0.9333339999999737, 1], "BlockAlign": "Middle", "ColIndex": 0, "Height": 13, "InlineAlign": "Start", "RowIndex": 7, "Width": 383.125}}, {"Bounds": [50.9508056640625, 425.77784729003906, 65.46617126464844, 433.32188415527344], "ClipBounds": [50.9508056640625, 425.77784729003906, 65.46617126464844, 433.32188415527344], "Font": {"alt_family_name": "Liberation Sans", "embedded": true, "encoding": "Identity-H", "family_name": "Liberation Sans", "font_type": "CIDFontType2", "italic": false, "monospaced": false, "name": "LiberationSans", "subset": false, "weight": 400}, "HasClip": true, "Lang": "en", "Page": 0, "Path": "//Document/Sect/Table[2]/TR[8]/TD/P", "Text": "Total ", "TextSize": 5.8800048828125, "attributes": {"LineHeight": 7}}, {"Bounds": [466.2904815673828, 425.77784729003906, 482.43226623535156, 433.32188415527344], "ClipBounds": [466.2904815673828, 425.77784729003906, 482.43226623535156, 433.32188415527344], "Page": 0, "Path": "//Document/Sect/Table[2]/TR[8]/TD[2]", "attributes": {"BBox": [415.54299999999057, 424.2969999999914, 487.65999999998894, 437.3759999999893], "BackgroundColor": [0.8000029999999754, 0.9333339999999737, 1], "BlockAlign": "Middle", "BorderColor": [[0, 0, 0], [0, 0, 0], null, null], "BorderStyle": ["Solid", "Solid", "None", "None"], "ColIndex": 1, "Height": 13.125, "InlineAlign": "End", "RowIndex": 7, "Width": 72.125}}, {"Bounds": [466.2904815673828, 425.77784729003906, 482.43226623535156, 433.32188415527344], "ClipBounds": [466.2904815673828, 425.77784729003906, 482.43226623535156, 433.32188415527344], "Font": {"alt_family_name": "Liberation Sans", "embedded": true, "encoding": "Identity-H", "family_name": "Liberation Sans", "font_type": "CIDFontType2", "italic": false, "monospaced": false, "name": "LiberationSans", "subset": false, "weight": 400}, "HasClip": true, "Lang": "en", "Page": 0, "Path": "//Document/Sect/Table[2]/TR[8]/TD[2]/P", "Text": "1,674 ", "TextSize": 5.8800048828125, "attributes": {"LineHeight": 7}}, {"Bounds": [548.0755920410156, 425.77784729003906, 559.3228454589844, 433.32188415527344], "ClipBounds": [548.0755920410156, 425.77784729003906, 559.3228454589844, 433.32188415527344], "Page": 0, "Path": "//Document/Sect/Table[2]/TR[8]/TD[3]", "attributes": {"BBox": [487.65999999998894, 424.2969999999914, 562.6569999999774, 437.3759999999893], "BackgroundColor": [0.8000029999999754, 0.9333339999999737, 1], "BlockAlign": "Middle", "BorderColor": [[0, 0, 0], [0, 0, 0], null, [0, 0, 0]], "BorderStyle": ["Solid", "Solid", "None", "Solid"], "BorderThickness": [0, 0, 0, 0.125], "ColIndex": 2, "Height": 13.125, "InlineAlign": "End", "RowIndex": 7, "Width": 75}}, {"Bounds": [548.0755920410156, 425.77784729003906, 559.3228454589844, 433.32188415527344], "ClipBounds": [548.0755920410156, 425.77784729003906, 559.3228454589844, 433.32188415527344], "Font": {"alt_family_name": "Liberation Sans", "embedded": true, "encoding": "Identity-H", "family_name": "Liberation Sans", "font_type": "CIDFontType2", "italic": false, "monospaced": false, "name": "LiberationSans", "subset": false, "weight": 400}, "HasClip": true, "Lang": "en", "Page": 0, "Path": "//Document/Sect/Table[2]/TR[8]/TD[3]/P", "Text": "713 ", "TextSize": 5.8800048828125, "attributes": {"LineHeight": 7}}, {"Bounds": [50.9508056640625, 413.4834442138672, 127.49781799316406, 421.0274963378906], "ClipBounds": [50.9508056640625, 413.4834442138672, 127.49781799316406, 421.0274963378906], "Page": 0, "Path": "//Document/Sect/Table[2]/TR[9]/TD", "attributes": {"BBox": [32.398699999999735, 412.65699999999197, 415.54299999999057, 424.41699999998673], "BackgroundColor": [1, 1, 1], "BlockAlign": "Middle", "BorderColor": [[0.8000029999999754, 0.9333339999999737, 1], [0.8000029999999754, 0.9333339999999737, 1], null, null], "BorderStyle": ["Solid", "Solid", "None", "None"], "ColIndex": 0, "Height": 11.75, "InlineAlign": "Start", "RowIndex": 8, "Width": 383.125}}, {"Bounds": [50.9508056640625, 413.4834442138672, 127.49781799316406, 421.0274963378906], "ClipBounds": [50.9508056640625, 413.4834442138672, 127.49781799316406, 421.0274963378906], "Font": {"alt_family_name": "Liberation Sans", "embedded": true, "encoding": "Identity-H", "family_name": "Liberation Sans", "font_type": "CIDFontType2", "italic": false, "monospaced": false, "name": "LiberationSans", "subset": false, "weight": 400}, "HasClip": true, "Lang": "en", "Page": 0, "Path": "//Document/Sect/Table[2]/TR[9]/TD/P", "Text": "Less: Present value discount ", "TextSize": 5.8800048828125, "attributes": {"LineHeight": 7}}, {"Bounds": [471.6358947753906, 413.4834442138672, 482.8831481933594, 421.0274963378906], "ClipBounds": [471.6358947753906, 413.4834442138672, 482.8831481933594, 421.0274963378906], "Page": 0, "Path": "//Document/Sect/Table[2]/TR[9]/TD[2]", "attributes": {"BBox": [415.54299999999057, 412.65699999999197, 487.65999999998894, 424.41699999998673], "BackgroundColor": [1, 1, 1], "BlockAlign": "Middle", "BorderColor": [[0, 0, 0], [0.8000029999999754, 0.9333339999999737, 1], null, null], "BorderStyle": ["Solid", "Solid", "None", "None"], "ColIndex": 1, "Height": 11.75, "InlineAlign": "End", "RowIndex": 8, "Width": 72.125}}, {"Bounds": [471.6358947753906, 413.4834442138672, 482.8831481933594, 421.0274963378906], "ClipBounds": [471.6358947753906, 413.4834442138672, 482.8831481933594, 421.0274963378906], "Font": {"alt_family_name": "Liberation Sans", "embedded": true, "encoding": "Identity-H", "family_name": "Liberation Sans", "font_type": "CIDFontType2", "italic": false, "monospaced": false, "name": "LiberationSans", "subset": false, "weight": 400}, "HasClip": true, "Lang": "en", "Page": 0, "Path": "//Document/Sect/Table[2]/TR[9]/TD[2]/P", "Text": "169 ", "TextSize": 5.8800048828125, "attributes": {"LineHeight": 7}}, {"Bounds": [548.0755920410156, 413.4834442138672, 559.3228454589844, 421.0274963378906], "ClipBounds": [548.0755920410156, 413.4834442138672, 559.3228454589844, 421.0274963378906], "Page": 0, "Path": "//Document/Sect/Table[2]/TR[9]/TD[3]", "attributes": {"BBox": [487.65999999998894, 412.41699999998673, 562.5369999999821, 424.41699999998673], "BackgroundColor": [1, 1, 1], "BlockAlign": "Middle", "BorderColor": [[0, 0, 0], [0, 0, 0], null, null], "BorderStyle": ["Solid", "Solid", "None", "None"], "BorderThickness": [0, 0.25, 0, 0], "ColIndex": 2, "Height": 12, "InlineAlign": "End", "RowIndex": 8, "Width": 74.875}}, {"Bounds": [548.0755920410156, 413.4834442138672, 559.3228454589844, 421.0274963378906], "ClipBounds": [548.0755920410156, 413.4834442138672, 559.3228454589844, 421.0274963378906], "Font": {"alt_family_name": "Liberation Sans", "embedded": true, "encoding": "Identity-H", "family_name": "Liberation Sans", "font_type": "CIDFontType2", "italic": false, "monospaced": false, "name": "LiberationSans", "subset": false, "weight": 400}, "HasClip": true, "Lang": "en", "Page": 0, "Path": "//Document/Sect/Table[2]/TR[9]/TD[3]/P", "Text": "139 ", "TextSize": 5.8800048828125, "attributes": {"LineHeight": 7}}, {"Bounds": [32.77630615234375, 373.92724609375, 339.91650390625, 407.12928771972656], "ClipBounds": [32.77630615234375, 373.92724609375, 339.91650390625, 407.12928771972656], "Page": 0, "Path": "//Document/Sect/Table[2]/TR[10]/TD", "attributes": {"BBox": [32.278699999998935, 342.09999999999127, 415.6629999999859, 412.7769999999873], "BlockAlign": "Before", "BorderColor": [[0.8000029999999754, 0.9333339999999737, 1], null, [0.8000029999999754, 0.9333339999999737, 1], [0.8000029999999754, 0.9333339999999737, 1]], "BorderStyle": ["Solid", "None", "Solid", "Double"], "BorderThickness": [0, 0, 0.125, 0.125], "ColIndex": 0, "Height": 70.625, "InlineAlign": "Start", "RowIndex": 9, "Width": 383.375}}, {"Bounds": [54.15809631347656, 399.5852508544922, 108.14060974121094, 407.12928771972656], "ClipBounds": [54.15809631347656, 399.5852508544922, 108.14060974121094, 407.12928771972656], "Font": {"alt_family_name": "Liberation Sans", "embedded": true, "encoding": "Identity-H", "family_name": "Liberation Sans", "font_type": "CIDFontType2", "italic": false, "monospaced": false, "name": "LiberationSans", "subset": false, "weight": 400}, "HasClip": true, "Page": 0, "Path": "//Document/Sect/Table[2]/TR[10]/TD/P/Sub", "Text": "Total lease liabilities ", "TextSize": 5.8800048828125, "attributes": {"Placement": "Block"}}, {"Bounds": [32.77630615234375, 384.08355712890625, 66.88381958007812, 391.6275939941406], "ClipBounds": [32.77630615234375, 384.08355712890625, 66.88381958007812, 391.6275939941406], "Font": {"alt_family_name": "Liberation Sans", "embedded": true, "encoding": "Identity-H", "family_name": "Liberation Sans", "font_type": "CIDFontType2", "italic": false, "monospaced": false, "name": "LiberationSans", "subset": false, "weight": 400}, "HasClip": true, "Page": 0, "Path": "//Document/Sect/Table[2]/TR[10]/TD/P/Sub[2]", "Text": "__________ ", "TextSize": 5.8800048828125, "attributes": {"Placement": "Block"}}, {"Bounds": [32.77630615234375, 373.92724609375, 339.91650390625, 381.4712829589844], "ClipBounds": [32.77630615234375, 373.92724609375, 339.91650390625, 381.4712829589844], "Font": {"alt_family_name": "Liberation Sans", "embedded": true, "encoding": "Identity-H", "family_name": "Liberation Sans", "font_type": "CIDFontType2", "italic": false, "monospaced": false, "name": "LiberationSans", "subset": false, "weight": 400}, "HasClip": true, "Lang": "en", "Page": 0, "Path": "//Document/Sect/Table[2]/TR[10]/TD/P[2]", "Text": "(a) Excludes approximately $ 300 million in future lease payments for various leases commencing in a future period. ", "TextSize": 5.8800048828125, "attributes": {"LineHeight": 7}}, {"Bounds": [426.7342834472656, 400.6543426513672, 482.4308166503906, 408.1983947753906], "ClipBounds": [426.7342834472656, 400.6543426513672, 482.4308166503906, 408.1983947753906], "Page": 0, "Path": "//Document/Sect/Table[2]/TR[10]/TD[2]", "attributes": {"BBox": [415.4229999999952, 342.09999999999127, 490.41999999999825, 412.7769999999873], "BlockAlign": "Before", "BorderColor": [[0.8000029999999754, 0.9333339999999737, 1], null, [0.8000029999999754, 0.9333339999999737, 1], [0.8000029999999754, 0.9333339999999737, 1]], "BorderStyle": ["Solid", "None", "Double", "Solid"], "BorderThickness": [0, 0, 0.125, 2.875], "ColIndex": 1, "Height": 70.625, "InlineAlign": "End", "RowIndex": 9, "Width": 75}}, {"Bounds": [426.7342834472656, 400.6543426513672, 482.4308166503906, 408.1983947753906], "ClipBounds": [426.7342834472656, 400.6543426513672, 482.4308166503906, 408.1983947753906], "Font": {"alt_family_name": "Liberation Sans", "embedded": true, "encoding": "Identity-H", "family_name": "Liberation Sans", "font_type": "CIDFontType2", "italic": false, "monospaced": false, "name": "LiberationSans", "subset": false, "weight": 400}, "HasClip": true, "Lang": "en", "Page": 0, "Path": "//Document/Sect/Table[2]/TR[10]/TD[2]/P", "Text": "$ 1,505 ", "TextSize": 5.8800048828125, "attributes": {"LineHeight": 7}}, {"Bounds": [503.1739807128906, 342.3801574707031, 562.161376953125, 408.1983947753906], "ClipBounds": [503.1739807128906, 342.3801574707031, 562.161376953125, 408.1983947753906], "Page": 0, "Path": "//Document/Sect/Table[2]/TR[10]/TD[3]", "attributes": {"BBox": [484.77999999999884, 342.09999999999127, 563.7369999999937, 413.01699999999255], "BlockAlign": "Before", "BorderColor": [[0.0078430199999997, 0.0078430199999997, 0.0078430199999997], null, [0.8000029999999754, 0.9333339999999737, 1], [0.8000029999999754, 0.9333339999999737, 1]], "BorderStyle": ["Solid", "None", "Solid", "Solid"], "BorderThickness": [0.25, 0, 2.875, 1.25], "ColIndex": 2, "Height": 70.875, "InlineAlign": "End", "RowIndex": 9, "Width": 79}}, {"Bounds": [503.1739807128906, 400.6543426513672, 559.3209228515625, 408.1983947753906], "ClipBounds": [503.1739807128906, 400.6543426513672, 559.3209228515625, 408.1983947753906], "Font": {"alt_family_name": "Liberation Sans", "embedded": true, "encoding": "Identity-H", "family_name": "Liberation Sans", "font_type": "CIDFontType2", "italic": false, "monospaced": false, "name": "LiberationSans", "subset": false, "weight": 400}, "HasClip": true, "Lang": "en", "Page": 0, "Path": "//Document/Sect/Table[2]/TR[10]/TD[3]/P", "Text": "$ 574 ", "TextSize": 5.8800048828125, "attributes": {"LineHeight": 7}}, {"Bounds": [561.2516174316406, 342.3801574707031, 562.161376953125, 343.82464599609375], "ClipBounds": [561.2516174316406, 342.3801574707031, 562.161376953125, 343.82464599609375], "Page": 0, "Path": "//Document/Sect/Table[2]/TR[10]/TD[3]/Figure", "attributes": {"BBox": [561.4569999999949, 342.45999999999185, 562.0569999999716, 343.65999999998894], "Placement": "Block", "SpaceAfter": 18, "StartIndent": 58.375}}, {"Bounds": [291.4949951171875, 347.9452209472656, 304.7858428955078, 356.8609161376953], "ClipBounds": [291.4949951171875, 347.9452209472656, 304.7858428955078, 356.8609161376953], "Font": {"alt_family_name": "Liberation Sans", "embedded": true, "encoding": "Identity-H", "family_name": "Liberation Sans", "font_type": "CIDFontType2", "italic": false, "monospaced": false, "name": "LiberationSans", "subset": false, "weight": 400}, "HasClip": true, "Lang": "en", "Page": 0, "Path": "//Document/Sect/P[6]", "Text": "155 ", "TextSize": 6.9490966796875, "attributes": {"LineHeight": 8.375}}], "pages": [{"boxes": {"CropBox": [0.0, 0.0, 595.0, 842.0], "MediaBox": [0.0, 0.0, 595.0, 842.0]}, "height": 842.0, "is_scanned": false, "page_number": 0, "rotation": 0, "width": 595.0}]}