{"version": {"json_export": "193", "page_segmentation": "5", "schema": "1.1.0", "structure": "1.1074.0", "table_structure": "5"}, "extended_metadata": {"ID_instance": "D1 56 6B 9C DB B8 B2 11 0A 00 67 45 8B 6B C6 23 ", "ID_permanent": "42 31 20 41 35 20 36 38 20 39 43 20 44 42 20 42 38 20 42 32 20 31 31 20 30 41 20 30 30 20 36 37 20 34 35 20 38 42 20 36 42 20 43 36 20 32 33 20 ", "pdf_version": "1.6", "pdfa_compliance_level": "", "is_encrypted": false, "has_acroform": false, "is_digitally_signed": false, "pdfua_compliance_level": "", "page_count": 1, "has_embedded_files": false, "is_certified": false, "is_XFA": false, "language": "en"}, "elements": [{"Bounds": [32.77630615234375, 803.3762969970703, 368.9570770263672, 812.5282745361328], "ClipBounds": [32.77630615234375, 803.3762969970703, 368.9570770263672, 812.5282745361328], "Font": {"alt_family_name": "Liberation Sans", "embedded": true, "encoding": "Identity-H", "family_name": "Liberation Sans", "font_type": "CIDFontType2", "italic": true, "monospaced": false, "name": "LiberationSans-Italic", "subset": false, "weight": 400}, "HasClip": true, "Lang": "en", "Page": 0, "Path": "//Document/Sect/P", "Text": "Item 7. Management\u2019s Discussion and Analysis of Financial Condition and Results of Operations (Continued) ", "TextSize": 6.9490966796875, "attributes": {"LineHeight": 8.375, "SpaceAfter": 17.375}}, {"Bounds": [45.60539245605469, 777.2109222412109, 129.49493408203125, 787.002197265625], "ClipBounds": [45.60539245605469, 777.2109222412109, 129.49493408203125, 787.002197265625], "Font": {"alt_family_name": "Liberation Sans", "embedded": true, "encoding": "Identity-H", "family_name": "Liberation Sans", "font_type": "CIDFontType2", "italic": false, "monospaced": false, "name": "LiberationSans-Bold", "subset": false, "weight": 700}, "HasClip": true, "Lang": "en", "Page": 0, "Path": "//Document/Sect/Title", "Text": "China (Including Taiwan) ", "TextSize": 6.9490966796875, "attributes": {"LineHeight": 8.375}}, {"Bounds": [33.31089782714844, 650.8209381103516, 562.9289245605469, 773.6033172607422], "ClipBounds": [33.31089782714844, 650.8209381103516, 562.9289245605469, 773.6033172607422], "Page": 0, "Path": "//Document/Sect/Table", "attributes": {"BBox": [32.398699999999735, 650.8479999999981, 562.5369999999821, 772.1629999999714], "NumCol": 4, "NumRow": 10, "Placement": "Block", "SpaceAfter": 10}, "filePaths": ["tables/fileoutpart0.xlsx", "tables/fileoutpart1.png"]}, {"Path": "//Document/Sect/Table/TR/TD", "attributes": {"BBox": [32.398699999999735, 763.5229999999865, 357.94499999999243, 772.1629999999714], "BlockAlign": "Before", "ColIndex": 0, "Height": 8.625, "InlineAlign": "Start", "RowIndex": 0, "Width": 325.375}}, {"Bounds": [388.7817840576172, 765.3184051513672, 403.2947998046875, 773.6033172607422], "ClipBounds": [388.7817840576172, 765.3184051513672, 403.2947998046875, 773.6033172607422], "Page": 0, "Path": "//Document/Sect/Table/TR/TH", "attributes": {"BBox": [357.94499999999243, 763.1629999999714, 431.50199999999313, 772.1629999999714], "BlockAlign": "Before", "BorderColor": [null, [0, 0, 0], null, null], "BorderStyle": ["None", "Solid", "None", "None"], "BorderThickness": [0, 0.375, 0, 0], "ColIndex": 1, "Height": 9, "InlineAlign": "Center", "RowIndex": 0, "Width": 73.375}}, {"Bounds": [388.7817840576172, 765.3184051513672, 403.2947998046875, 773.6033172607422], "ClipBounds": [388.7817840576172, 765.3184051513672, 403.2947998046875, 773.6033172607422], "Font": {"alt_family_name": "Liberation Sans", "embedded": true, "encoding": "Identity-H", "family_name": "Liberation Sans", "font_type": "CIDFontType2", "italic": false, "monospaced": false, "name": "LiberationSans-Bold", "subset": false, "weight": 700}, "HasClip": true, "Lang": "en", "Page": 0, "Path": "//Document/Sect/Table/TR/TH/P", "Text": "2020 ", "TextSize": 5.8800048828125, "attributes": {"LineHeight": 7}}, {"Bounds": [458.2723846435547, 765.3184051513672, 472.785400390625, 773.6033172607422], "ClipBounds": [458.2723846435547, 765.3184051513672, 472.785400390625, 773.6033172607422], "Page": 0, "Path": "//Document/Sect/Table/TR/TH[2]", "attributes": {"BBox": [431.50199999999313, 763.1629999999714, 499.179999999993, 772.1629999999714], "BlockAlign": "Before", "BorderColor": [null, [0, 0, 0], null, null], "BorderStyle": ["None", "Solid", "None", "None"], "BorderThickness": [0, 0.375, 0, 0], "ColIndex": 2, "Height": 9, "InlineAlign": "Center", "RowIndex": 0, "Width": 67.625}}, {"Bounds": [458.2723846435547, 765.3184051513672, 472.785400390625, 773.6033172607422], "ClipBounds": [458.2723846435547, 765.3184051513672, 472.785400390625, 773.6033172607422], "Font": {"alt_family_name": "Liberation Sans", "embedded": true, "encoding": "Identity-H", "family_name": "Liberation Sans", "font_type": "CIDFontType2", "italic": false, "monospaced": false, "name": "LiberationSans-Bold", "subset": false, "weight": 700}, "HasClip": true, "Lang": "en", "Page": 0, "Path": "//Document/Sect/Table/TR/TH[2]/P", "Text": "2021 ", "TextSize": 5.8800048828125, "attributes": {"LineHeight": 7}}, {"Bounds": [523.4865875244141, 765.3184051513672, 541.5746459960938, 773.6033172607422], "ClipBounds": [523.4865875244141, 765.3184051513672, 541.5746459960938, 773.6033172607422], "Page": 0, "Path": "//Document/Sect/Table/TR/TH[3]", "attributes": {"BBox": [499.179999999993, 763.1629999999714, 562.5369999999821, 772.1629999999714], "BlockAlign": "Before", "BorderColor": [null, [0, 0, 0], null, null], "BorderStyle": ["None", "Solid", "None", "None"], "BorderThickness": [0, 0.375, 0, 0], "ColIndex": 3, "Height": 9, "InlineAlign": "Center", "RowIndex": 0, "Width": 63.375}}, {"Bounds": [523.4865875244141, 765.3184051513672, 541.5746459960938, 773.6033172607422], "ClipBounds": [523.4865875244141, 765.3184051513672, 541.5746459960938, 773.6033172607422], "Font": {"alt_family_name": "Liberation Sans", "embedded": true, "encoding": "Identity-H", "family_name": "Liberation Sans", "font_type": "CIDFontType2", "italic": false, "monospaced": false, "name": "LiberationSans-Bold", "subset": false, "weight": 700}, "HasClip": true, "Lang": "en", "Page": 0, "Path": "//Document/Sect/Table/TR/TH[3]/P", "Text": "H / (L) ", "TextSize": 5.8800048828125, "attributes": {"LineHeight": 7}}, {"Bounds": [33.31089782714844, 753.0240020751953, 67.71653747558594, 761.3089141845703], "ClipBounds": [33.31089782714844, 753.0240020751953, 67.71653747558594, 761.3089141845703], "Page": 0, "Path": "//Document/Sect/Table/TR[2]/TD", "attributes": {"BBox": [32.398699999999735, 752.0039999999863, 357.94499999999243, 763.5229999999865], "BlockAlign": "Middle", "BorderColor": [null, [0.8000029999999754, 0.9333339999999737, 1], null, null], "BorderStyle": ["None", "Solid", "None", "None"], "ColIndex": 0, "Height": 11.5, "InlineAlign": "Start", "RowIndex": 1, "Width": 325.375}}, {"Bounds": [33.31089782714844, 753.0240020751953, 67.71653747558594, 761.3089141845703], "ClipBounds": [33.31089782714844, 753.0240020751953, 67.71653747558594, 761.3089141845703], "Font": {"alt_family_name": "Liberation Sans", "embedded": true, "encoding": "Identity-H", "family_name": "Liberation Sans", "font_type": "CIDFontType2", "italic": false, "monospaced": false, "name": "LiberationSans-Bold", "subset": false, "weight": 700}, "HasClip": true, "Lang": "en", "Page": 0, "Path": "//Document/Sect/Table/TR[2]/TD/P", "Text": "Key Metrics ", "TextSize": 5.8800048828125, "attributes": {"LineHeight": 7}}, {"Path": "//Document/Sect/Table/TR[2]/TD[2]", "attributes": {"BBox": [357.94499999999243, 752.0039999999863, 562.5369999999821, 763.8829999999725], "BlockAlign": "Before", "BorderColor": [[0, 0, 0], [0.8000029999999754, 0.9333339999999737, 1], null, null], "BorderStyle": ["Solid", "Solid", "None", "None"], "BorderThickness": [0.375, 0, 0, 0], "ColIndex": 1, "ColSpan": 3, "Height": 11.875, "InlineAlign": "Start", "RowIndex": 1, "Width": 204.625}}, {"Bounds": [33.31089782714844, 741.1587371826172, 80.77543640136719, 748.7027740478516], "ClipBounds": [33.31089782714844, 741.1587371826172, 80.77543640136719, 748.7027740478516], "Page": 0, "Path": "//Document/Sect/Table/TR[3]/TD", "attributes": {"BBox": [32.398699999999735, 740.4839999999967, 357.94499999999243, 752.0039999999863], "BackgroundColor": [0.8000029999999754, 0.9333339999999737, 1], "BlockAlign": "Middle", "ColIndex": 0, "Height": 11.5, "InlineAlign": "Start", "RowIndex": 2, "Width": 325.375}}, {"Bounds": [33.31089782714844, 741.1587371826172, 80.77543640136719, 748.7027740478516], "ClipBounds": [33.31089782714844, 741.1587371826172, 80.77543640136719, 748.7027740478516], "Font": {"alt_family_name": "Liberation Sans", "embedded": true, "encoding": "Identity-H", "family_name": "Liberation Sans", "font_type": "CIDFontType2", "italic": false, "monospaced": false, "name": "LiberationSans", "subset": false, "weight": 400}, "HasClip": true, "Lang": "en", "Page": 0, "Path": "//Document/Sect/Table/TR[3]/TD/P", "Text": "Market Share (%) ", "TextSize": 5.8800048828125, "attributes": {"LineHeight": 7}}, {"Bounds": [412.30169677734375, 741.1587371826172, 428.57752990722656, 748.7027740478516], "ClipBounds": [412.30169677734375, 741.1587371826172, 428.57752990722656, 748.7027740478516], "Page": 0, "Path": "//Document/Sect/Table/TR[3]/TD[2]", "attributes": {"BBox": [357.94499999999243, 740.4839999999967, 431.50199999999313, 752.0039999999863], "BackgroundColor": [0.8000029999999754, 0.9333339999999737, 1], "BlockAlign": "Middle", "ColIndex": 1, "Height": 11.5, "InlineAlign": "End", "RowIndex": 2, "Width": 73.375}}, {"Bounds": [412.30169677734375, 741.1587371826172, 428.57752990722656, 748.7027740478516], "ClipBounds": [412.30169677734375, 741.1587371826172, 428.57752990722656, 748.7027740478516], "Font": {"alt_family_name": "Liberation Sans", "embedded": true, "encoding": "Identity-H", "family_name": "Liberation Sans", "font_type": "CIDFontType2", "italic": false, "monospaced": false, "name": "LiberationSans", "subset": false, "weight": 400}, "HasClip": true, "Lang": "en", "Page": 0, "Path": "//Document/Sect/Table/TR[3]/TD[2]/P", "Text": "2.4 % ", "TextSize": 5.8800048828125, "attributes": {"LineHeight": 7}}, {"Bounds": [481.7922821044922, 741.1587371826172, 498.06813049316406, 748.7027740478516], "ClipBounds": [481.7922821044922, 741.1587371826172, 498.06813049316406, 748.7027740478516], "Page": 0, "Path": "//Document/Sect/Table/TR[3]/TD[3]", "attributes": {"BBox": [431.50199999999313, 740.4839999999967, 499.179999999993, 752.0039999999863], "BackgroundColor": [0.8000029999999754, 0.9333339999999737, 1], "BlockAlign": "Middle", "ColIndex": 2, "Height": 11.5, "InlineAlign": "End", "RowIndex": 2, "Width": 67.625}}, {"Bounds": [481.7922821044922, 741.1587371826172, 498.06813049316406, 748.7027740478516], "ClipBounds": [481.7922821044922, 741.1587371826172, 498.06813049316406, 748.7027740478516], "Font": {"alt_family_name": "Liberation Sans", "embedded": true, "encoding": "Identity-H", "family_name": "Liberation Sans", "font_type": "CIDFontType2", "italic": false, "monospaced": false, "name": "LiberationSans", "subset": false, "weight": 400}, "HasClip": true, "Lang": "en", "Page": 0, "Path": "//Document/Sect/Table/TR[3]/TD[3]/P", "Text": "2.4 % ", "TextSize": 5.8800048828125, "attributes": {"LineHeight": 7}}, {"Bounds": [542.7300872802734, 741.1587371826172, 562.7855834960938, 748.7027740478516], "ClipBounds": [542.7300872802734, 741.1587371826172, 562.7855834960938, 748.7027740478516], "Page": 0, "Path": "//Document/Sect/Table/TR[3]/TD[4]", "attributes": {"BBox": [499.179999999993, 740.4839999999967, 562.5369999999821, 752.0039999999863], "BackgroundColor": [0.8000029999999754, 0.9333339999999737, 1], "BlockAlign": "Middle", "ColIndex": 3, "Height": 11.5, "InlineAlign": "End", "RowIndex": 2, "Width": 63.375}}, {"Bounds": [542.7300872802734, 741.1587371826172, 562.7855834960938, 748.7027740478516], "ClipBounds": [542.7300872802734, 741.1587371826172, 562.7855834960938, 748.7027740478516], "Font": {"alt_family_name": "Liberation Sans", "embedded": true, "encoding": "Identity-H", "family_name": "Liberation Sans", "font_type": "CIDFontType2", "italic": false, "monospaced": false, "name": "LiberationSans", "subset": false, "weight": 400}, "HasClip": true, "Lang": "en", "Page": 0, "Path": "//Document/Sect/Table/TR[3]/TD[4]/P", "Text": "\u2014 ppts ", "TextSize": 5.8800048828125, "attributes": {"LineHeight": 7}}, {"Bounds": [33.31089782714844, 728.8642425537109, 101.33543395996094, 736.4082794189453], "ClipBounds": [33.31089782714844, 728.8642425537109, 101.33543395996094, 736.4082794189453], "Page": 0, "Path": "//Document/Sect/Table/TR[4]/TD", "attributes": {"BBox": [32.398699999999735, 727.5249999999942, 357.94499999999243, 740.6039999999921], "BackgroundColor": [1, 1, 1], "BlockAlign": "Middle", "BorderColor": [[0.8000029999999754, 0.9333339999999737, 1], [0.8000029999999754, 0.9333339999999737, 1], null, null], "BorderStyle": ["Solid", "Solid", "None", "None"], "ColIndex": 0, "Height": 13.125, "InlineAlign": "Start", "RowIndex": 3, "Width": 325.375}}, {"Bounds": [33.31089782714844, 728.8642425537109, 101.33543395996094, 736.4082794189453], "ClipBounds": [33.31089782714844, 728.8642425537109, 101.33543395996094, 736.4082794189453], "Font": {"alt_family_name": "Liberation Sans", "embedded": true, "encoding": "Identity-H", "family_name": "Liberation Sans", "font_type": "CIDFontType2", "italic": false, "monospaced": false, "name": "LiberationSans", "subset": false, "weight": 400}, "HasClip": true, "Lang": "en", "Page": 0, "Path": "//Document/Sect/Table/TR[4]/TD/P", "Text": "Wholesale Units (000) (a) ", "TextSize": 5.8800048828125, "attributes": {"LineHeight": 7}}, {"Bounds": [410.6980895996094, 728.8642425537109, 421.9453582763672, 736.4082794189453], "ClipBounds": [410.6980895996094, 728.8642425537109, 421.9453582763672, 736.4082794189453], "Page": 0, "Path": "//Document/Sect/Table/TR[4]/TD[2]", "attributes": {"BBox": [357.94499999999243, 727.5249999999942, 431.50199999999313, 740.6039999999921], "BackgroundColor": [1, 1, 1], "BlockAlign": "Middle", "BorderColor": [[0.8000029999999754, 0.9333339999999737, 1], [0.8000029999999754, 0.9333339999999737, 1], null, null], "BorderStyle": ["Solid", "Solid", "None", "None"], "ColIndex": 1, "Height": 13.125, "InlineAlign": "End", "RowIndex": 3, "Width": 73.375}}, {"Bounds": [410.6980895996094, 728.8642425537109, 421.9453582763672, 736.4082794189453], "ClipBounds": [410.6980895996094, 728.8642425537109, 421.9453582763672, 736.4082794189453], "Font": {"alt_family_name": "Liberation Sans", "embedded": true, "encoding": "Identity-H", "family_name": "Liberation Sans", "font_type": "CIDFontType2", "italic": false, "monospaced": false, "name": "LiberationSans", "subset": false, "weight": 400}, "HasClip": true, "Lang": "en", "Page": 0, "Path": "//Document/Sect/Table/TR[4]/TD[2]/P", "Text": "617 ", "TextSize": 5.8800048828125, "attributes": {"LineHeight": 7}}, {"Bounds": [480.18858337402344, 728.8642425537109, 491.43585205078125, 736.4082794189453], "ClipBounds": [480.18858337402344, 728.8642425537109, 491.43585205078125, 736.4082794189453], "Page": 0, "Path": "//Document/Sect/Table/TR[4]/TD[3]", "attributes": {"BBox": [431.50199999999313, 727.5249999999942, 499.179999999993, 740.6039999999921], "BackgroundColor": [1, 1, 1], "BlockAlign": "Middle", "BorderColor": [[0.8000029999999754, 0.9333339999999737, 1], [0.8000029999999754, 0.9333339999999737, 1], null, null], "BorderStyle": ["Solid", "Solid", "None", "None"], "ColIndex": 2, "Height": 13.125, "InlineAlign": "End", "RowIndex": 3, "Width": 67.625}}, {"Bounds": [480.18858337402344, 728.8642425537109, 491.43585205078125, 736.4082794189453], "ClipBounds": [480.18858337402344, 728.8642425537109, 491.43585205078125, 736.4082794189453], "Font": {"alt_family_name": "Liberation Sans", "embedded": true, "encoding": "Identity-H", "family_name": "Liberation Sans", "font_type": "CIDFontType2", "italic": false, "monospaced": false, "name": "LiberationSans", "subset": false, "weight": 400}, "HasClip": true, "Lang": "en", "Page": 0, "Path": "//Document/Sect/Table/TR[4]/TD[3]/P", "Text": "649 ", "TextSize": 5.8800048828125, "attributes": {"LineHeight": 7}}, {"Bounds": [552.8863830566406, 728.8642425537109, 560.8679046630859, 736.4082794189453], "ClipBounds": [552.8863830566406, 728.8642425537109, 560.8679046630859, 736.4082794189453], "Page": 0, "Path": "//Document/Sect/Table/TR[4]/TD[4]", "attributes": {"BBox": [499.179999999993, 727.5249999999942, 562.5369999999821, 740.6039999999921], "BackgroundColor": [1, 1, 1], "BlockAlign": "Middle", "BorderColor": [[0.8000029999999754, 0.9333339999999737, 1], [0.8000029999999754, 0.9333339999999737, 1], null, null], "BorderStyle": ["Solid", "Solid", "None", "None"], "ColIndex": 3, "Height": 13.125, "InlineAlign": "End", "RowIndex": 3, "Width": 63.375}}, {"Bounds": [552.8863830566406, 728.8642425537109, 560.8679046630859, 736.4082794189453], "ClipBounds": [552.8863830566406, 728.8642425537109, 560.8679046630859, 736.4082794189453], "Font": {"alt_family_name": "Liberation Sans", "embedded": true, "encoding": "Identity-H", "family_name": "Liberation Sans", "font_type": "CIDFontType2", "italic": false, "monospaced": false, "name": "LiberationSans", "subset": false, "weight": 400}, "HasClip": true, "Lang": "en", "Page": 0, "Path": "//Document/Sect/Table/TR[4]/TD[4]/P", "Text": "31 ", "TextSize": 5.8800048828125, "attributes": {"LineHeight": 7}}, {"Bounds": [33.31089782714844, 716.5697479248047, 71.97895812988281, 724.1137847900391], "ClipBounds": [33.31089782714844, 716.5697479248047, 71.97895812988281, 724.1137847900391], "Page": 0, "Path": "//Document/Sect/Table/TR[5]/TD", "attributes": {"BBox": [32.398699999999735, 714.5649999999732, 357.94499999999243, 727.5249999999942], "BackgroundColor": [0.8000029999999754, 0.9333339999999737, 1], "BlockAlign": "Middle", "ColIndex": 0, "Height": 13, "InlineAlign": "Start", "RowIndex": 4, "Width": 325.375}}, {"Bounds": [33.31089782714844, 716.5697479248047, 71.97895812988281, 724.1137847900391], "ClipBounds": [33.31089782714844, 716.5697479248047, 71.97895812988281, 724.1137847900391], "Font": {"alt_family_name": "Liberation Sans", "embedded": true, "encoding": "Identity-H", "family_name": "Liberation Sans", "font_type": "CIDFontType2", "italic": false, "monospaced": false, "name": "LiberationSans", "subset": false, "weight": 400}, "HasClip": true, "Lang": "en", "Page": 0, "Path": "//Document/Sect/Table/TR[5]/TD/P", "Text": "Revenue ($M) ", "TextSize": 5.8800048828125, "attributes": {"LineHeight": 7}}, {"Bounds": [363.12379455566406, 716.5697479248047, 421.4957275390625, 724.1137847900391], "ClipBounds": [363.12379455566406, 716.5697479248047, 421.4957275390625, 724.1137847900391], "Page": 0, "Path": "//Document/Sect/Table/TR[5]/TD[2]", "attributes": {"BBox": [357.94499999999243, 714.5649999999732, 431.50199999999313, 727.5249999999942], "BackgroundColor": [0.8000029999999754, 0.9333339999999737, 1], "BlockAlign": "Middle", "ColIndex": 1, "Height": 13, "InlineAlign": "End", "RowIndex": 4, "Width": 73.375}}, {"Bounds": [363.12379455566406, 716.5697479248047, 421.4957275390625, 724.1137847900391], "ClipBounds": [363.12379455566406, 716.5697479248047, 421.4957275390625, 724.1137847900391], "Font": {"alt_family_name": "Liberation Sans", "embedded": true, "encoding": "Identity-H", "family_name": "Liberation Sans", "font_type": "CIDFontType2", "italic": false, "monospaced": false, "name": "LiberationSans", "subset": false, "weight": 400}, "HasClip": true, "Lang": "en", "Page": 0, "Path": "//Document/Sect/Table/TR[5]/TD[2]/P", "Text": "$ 3,202 ", "TextSize": 5.8800048828125, "attributes": {"LineHeight": 7}}, {"Bounds": [432.6142883300781, 716.5697479248047, 490.98622131347656, 724.1137847900391], "ClipBounds": [432.6142883300781, 716.5697479248047, 490.98622131347656, 724.1137847900391], "Page": 0, "Path": "//Document/Sect/Table/TR[5]/TD[3]", "attributes": {"BBox": [431.50199999999313, 714.5649999999732, 499.179999999993, 727.5249999999942], "BackgroundColor": [0.8000029999999754, 0.9333339999999737, 1], "BlockAlign": "Middle", "ColIndex": 2, "Height": 13, "InlineAlign": "End", "RowIndex": 4, "Width": 67.625}}, {"Bounds": [432.6142883300781, 716.5697479248047, 490.98622131347656, 724.1137847900391], "ClipBounds": [432.6142883300781, 716.5697479248047, 490.98622131347656, 724.1137847900391], "Font": {"alt_family_name": "Liberation Sans", "embedded": true, "encoding": "Identity-H", "family_name": "Liberation Sans", "font_type": "CIDFontType2", "italic": false, "monospaced": false, "name": "LiberationSans", "subset": false, "weight": 400}, "HasClip": true, "Lang": "en", "Page": 0, "Path": "//Document/Sect/Table/TR[5]/TD[3]/P", "Text": "$ 2,547 ", "TextSize": 5.8800048828125, "attributes": {"LineHeight": 7}}, {"Bounds": [502.1048889160156, 716.5697479248047, 562.1667327880859, 724.1137847900391], "ClipBounds": [502.1048889160156, 716.5697479248047, 562.1667327880859, 724.1137847900391], "Page": 0, "Path": "//Document/Sect/Table/TR[5]/TD[4]", "attributes": {"BBox": [499.179999999993, 714.5649999999732, 562.5369999999821, 727.5249999999942], "BackgroundColor": [0.8000029999999754, 0.9333339999999737, 1], "BlockAlign": "Middle", "ColIndex": 3, "Height": 13, "InlineAlign": "End", "RowIndex": 4, "Width": 63.375}}, {"Bounds": [502.1048889160156, 716.5697479248047, 562.1667327880859, 724.1137847900391], "ClipBounds": [502.1048889160156, 716.5697479248047, 562.1667327880859, 724.1137847900391], "Font": {"alt_family_name": "Liberation Sans", "embedded": true, "encoding": "Identity-H", "family_name": "Liberation Sans", "font_type": "CIDFontType2", "italic": false, "monospaced": false, "name": "LiberationSans", "subset": false, "weight": 400}, "HasClip": true, "Lang": "en", "Page": 0, "Path": "//Document/Sect/Table/TR[5]/TD[4]/P", "Text": "$ (655) ", "TextSize": 5.8800048828125, "attributes": {"LineHeight": 7}}, {"Bounds": [33.31089782714844, 704.2752380371094, 61.5184326171875, 711.8192749023438], "ClipBounds": [33.31089782714844, 704.2752380371094, 61.5184326171875, 711.8192749023438], "Page": 0, "Path": "//Document/Sect/Table/TR[6]/TD", "attributes": {"BBox": [32.398699999999735, 703.045999999973, 357.94499999999243, 714.6849999999977], "BackgroundColor": [1, 1, 1], "BlockAlign": "Middle", "BorderColor": [[0.8000029999999754, 0.9333339999999737, 1], [0.8000029999999754, 0.9333339999999737, 1], null, null], "BorderStyle": ["Solid", "Solid", "None", "None"], "ColIndex": 0, "Height": 11.625, "InlineAlign": "Start", "RowIndex": 5, "Width": 325.375}}, {"Bounds": [33.31089782714844, 704.2752380371094, 61.5184326171875, 711.8192749023438], "ClipBounds": [33.31089782714844, 704.2752380371094, 61.5184326171875, 711.8192749023438], "Font": {"alt_family_name": "Liberation Sans", "embedded": true, "encoding": "Identity-H", "family_name": "Liberation Sans", "font_type": "CIDFontType2", "italic": false, "monospaced": false, "name": "LiberationSans", "subset": false, "weight": 400}, "HasClip": true, "Lang": "en", "Page": 0, "Path": "//Document/Sect/Table/TR[6]/TD/P", "Text": "EBIT ($M) ", "TextSize": 5.8800048828125, "attributes": {"LineHeight": 7}}, {"Bounds": [408.025390625, 704.2752380371094, 423.18756103515625, 711.8192749023438], "ClipBounds": [408.025390625, 704.2752380371094, 423.18756103515625, 711.8192749023438], "Page": 0, "Path": "//Document/Sect/Table/TR[6]/TD[2]", "attributes": {"BBox": [357.94499999999243, 703.045999999973, 431.50199999999313, 714.6849999999977], "BackgroundColor": [1, 1, 1], "BlockAlign": "Middle", "BorderColor": [[0.8000029999999754, 0.9333339999999737, 1], [0.8000029999999754, 0.9333339999999737, 1], null, null], "BorderStyle": ["Solid", "Solid", "None", "None"], "ColIndex": 1, "Height": 11.625, "InlineAlign": "End", "RowIndex": 5, "Width": 73.375}}, {"Bounds": [408.025390625, 704.2752380371094, 423.18756103515625, 711.8192749023438], "ClipBounds": [408.025390625, 704.2752380371094, 423.18756103515625, 711.8192749023438], "Font": {"alt_family_name": "Liberation Sans", "embedded": true, "encoding": "Identity-H", "family_name": "Liberation Sans", "font_type": "CIDFontType2", "italic": false, "monospaced": false, "name": "LiberationSans", "subset": false, "weight": 400}, "HasClip": true, "Lang": "en", "Page": 0, "Path": "//Document/Sect/Table/TR[6]/TD[2]/P", "Text": "(499) ", "TextSize": 5.8800048828125, "attributes": {"LineHeight": 7}}, {"Bounds": [477.51588439941406, 704.2752380371094, 492.6780548095703, 711.8192749023438], "ClipBounds": [477.51588439941406, 704.2752380371094, 492.6780548095703, 711.8192749023438], "Page": 0, "Path": "//Document/Sect/Table/TR[6]/TD[3]", "attributes": {"BBox": [431.50199999999313, 703.045999999973, 499.179999999993, 714.6849999999977], "BackgroundColor": [1, 1, 1], "BlockAlign": "Middle", "BorderColor": [[0.8000029999999754, 0.9333339999999737, 1], [0.8000029999999754, 0.9333339999999737, 1], null, null], "BorderStyle": ["Solid", "Solid", "None", "None"], "ColIndex": 2, "Height": 11.625, "InlineAlign": "End", "RowIndex": 5, "Width": 67.625}}, {"Bounds": [477.51588439941406, 704.2752380371094, 492.6780548095703, 711.8192749023438], "ClipBounds": [477.51588439941406, 704.2752380371094, 492.6780548095703, 711.8192749023438], "Font": {"alt_family_name": "Liberation Sans", "embedded": true, "encoding": "Identity-H", "family_name": "Liberation Sans", "font_type": "CIDFontType2", "italic": false, "monospaced": false, "name": "LiberationSans", "subset": false, "weight": 400}, "HasClip": true, "Lang": "en", "Page": 0, "Path": "//Document/Sect/Table/TR[6]/TD[3]/P", "Text": "(327) ", "TextSize": 5.8800048828125, "attributes": {"LineHeight": 7}}, {"Bounds": [549.6791839599609, 704.2752380371094, 560.9264526367188, 711.8192749023438], "ClipBounds": [549.6791839599609, 704.2752380371094, 560.9264526367188, 711.8192749023438], "Page": 0, "Path": "//Document/Sect/Table/TR[6]/TD[4]", "attributes": {"BBox": [499.179999999993, 703.045999999973, 562.5369999999821, 714.6849999999977], "BackgroundColor": [1, 1, 1], "BlockAlign": "Middle", "BorderColor": [[0.8000029999999754, 0.9333339999999737, 1], [0.8000029999999754, 0.9333339999999737, 1], null, null], "BorderStyle": ["Solid", "Solid", "None", "None"], "ColIndex": 3, "Height": 11.625, "InlineAlign": "End", "RowIndex": 5, "Width": 63.375}}, {"Bounds": [549.6791839599609, 704.2752380371094, 560.9264526367188, 711.8192749023438], "ClipBounds": [549.6791839599609, 704.2752380371094, 560.9264526367188, 711.8192749023438], "Font": {"alt_family_name": "Liberation Sans", "embedded": true, "encoding": "Identity-H", "family_name": "Liberation Sans", "font_type": "CIDFontType2", "italic": false, "monospaced": false, "name": "LiberationSans", "subset": false, "weight": 400}, "HasClip": true, "Lang": "en", "Page": 0, "Path": "//Document/Sect/Table/TR[6]/TD[4]/P", "Text": "172 ", "TextSize": 5.8800048828125, "attributes": {"LineHeight": 7}}, {"Bounds": [33.31089782714844, 691.9807434082031, 78.15882873535156, 699.5247802734375], "ClipBounds": [33.31089782714844, 691.9807434082031, 78.15882873535156, 699.5247802734375], "Page": 0, "Path": "//Document/Sect/Table/TR[7]/TD", "attributes": {"BBox": [32.398699999999735, 689.9659999999858, 357.94499999999243, 703.045999999973], "BackgroundColor": [0.8000029999999754, 0.9333339999999737, 1], "BlockAlign": "Middle", "ColIndex": 0, "Height": 13.125, "InlineAlign": "Start", "RowIndex": 6, "Width": 325.375}}, {"Bounds": [33.31089782714844, 691.9807434082031, 78.15882873535156, 699.5247802734375], "ClipBounds": [33.31089782714844, 691.9807434082031, 78.15882873535156, 699.5247802734375], "Font": {"alt_family_name": "Liberation Sans", "embedded": true, "encoding": "Identity-H", "family_name": "Liberation Sans", "font_type": "CIDFontType2", "italic": false, "monospaced": false, "name": "LiberationSans", "subset": false, "weight": 400}, "HasClip": true, "Lang": "en", "Page": 0, "Path": "//Document/Sect/Table/TR[7]/TD/P", "Text": "EBIT Margin (%) ", "TextSize": 5.8800048828125, "attributes": {"LineHeight": 7}}, {"Bounds": [406.42169189453125, 691.9807434082031, 428.57965087890625, 699.5247802734375], "ClipBounds": [406.42169189453125, 691.9807434082031, 428.57965087890625, 699.5247802734375], "Page": 0, "Path": "//Document/Sect/Table/TR[7]/TD[2]", "attributes": {"BBox": [357.94499999999243, 689.9659999999858, 431.50199999999313, 703.045999999973], "BackgroundColor": [0.8000029999999754, 0.9333339999999737, 1], "BlockAlign": "Middle", "ColIndex": 1, "Height": 13.125, "InlineAlign": "End", "RowIndex": 6, "Width": 73.375}}, {"Bounds": [406.42169189453125, 691.9807434082031, 428.57965087890625, 699.5247802734375], "ClipBounds": [406.42169189453125, 691.9807434082031, 428.57965087890625, 699.5247802734375], "Font": {"alt_family_name": "Liberation Sans", "embedded": true, "encoding": "Identity-H", "family_name": "Liberation Sans", "font_type": "CIDFontType2", "italic": false, "monospaced": false, "name": "LiberationSans", "subset": false, "weight": 400}, "HasClip": true, "Lang": "en", "Page": 0, "Path": "//Document/Sect/Table/TR[7]/TD[2]/P", "Text": "(15.6)% ", "TextSize": 5.8800048828125, "attributes": {"LineHeight": 7}}, {"Bounds": [475.91229248046875, 691.9807434082031, 498.0701446533203, 699.5247802734375], "ClipBounds": [475.91229248046875, 691.9807434082031, 498.0701446533203, 699.5247802734375], "Page": 0, "Path": "//Document/Sect/Table/TR[7]/TD[3]", "attributes": {"BBox": [431.50199999999313, 689.9659999999858, 499.179999999993, 703.045999999973], "BackgroundColor": [0.8000029999999754, 0.9333339999999737, 1], "BlockAlign": "Middle", "ColIndex": 2, "Height": 13.125, "InlineAlign": "End", "RowIndex": 6, "Width": 67.625}}, {"Bounds": [475.91229248046875, 691.9807434082031, 498.0701446533203, 699.5247802734375], "ClipBounds": [475.91229248046875, 691.9807434082031, 498.0701446533203, 699.5247802734375], "Font": {"alt_family_name": "Liberation Sans", "embedded": true, "encoding": "Identity-H", "family_name": "Liberation Sans", "font_type": "CIDFontType2", "italic": false, "monospaced": false, "name": "LiberationSans", "subset": false, "weight": 400}, "HasClip": true, "Lang": "en", "Page": 0, "Path": "//Document/Sect/Table/TR[7]/TD[3]/P", "Text": "(12.8)% ", "TextSize": 5.8800048828125, "attributes": {"LineHeight": 7}}, {"Bounds": [540.5919799804688, 691.9807434082031, 562.9289245605469, 699.5247802734375], "ClipBounds": [540.5919799804688, 691.9807434082031, 562.9289245605469, 699.5247802734375], "Page": 0, "Path": "//Document/Sect/Table/TR[7]/TD[4]", "attributes": {"BBox": [499.179999999993, 689.9659999999858, 562.5369999999821, 703.045999999973], "BackgroundColor": [0.8000029999999754, 0.9333339999999737, 1], "BlockAlign": "Middle", "ColIndex": 3, "Height": 13.125, "InlineAlign": "End", "RowIndex": 6, "Width": 63.375}}, {"Bounds": [540.5919799804688, 691.9807434082031, 562.9289245605469, 699.5247802734375], "ClipBounds": [540.5919799804688, 691.9807434082031, 562.9289245605469, 699.5247802734375], "Font": {"alt_family_name": "Liberation Sans", "embedded": true, "encoding": "Identity-H", "family_name": "Liberation Sans", "font_type": "CIDFontType2", "italic": false, "monospaced": false, "name": "LiberationSans", "subset": false, "weight": 400}, "HasClip": true, "Lang": "en", "Page": 0, "Path": "//Document/Sect/Table/TR[7]/TD[4]/P", "Text": "2.8 ppts ", "TextSize": 5.8800048828125, "attributes": {"LineHeight": 7}}, {"Bounds": [33.31089782714844, 674.9806976318359, 123.19551086425781, 683.265625], "ClipBounds": [33.31089782714844, 674.9806976318359, 123.19551086425781, 683.265625], "Page": 0, "Path": "//Document/Sect/Table/TR[8]/TD", "attributes": {"BBox": [32.398699999999735, 674.1269999999786, 562.5369999999821, 690.0859999999811], "BlockAlign": "After", "BorderColor": [[0.8000029999999754, 0.9333339999999737, 1], [0.8000029999999754, 0.9333339999999737, 1], null, null], "BorderStyle": ["Solid", "Solid", "None", "None"], "ColIndex": 0, "ColSpan": 4, "Height": 16, "InlineAlign": "Start", "RowIndex": 7, "Width": 530.125}}, {"Bounds": [33.31089782714844, 674.9806976318359, 123.19551086425781, 683.265625], "ClipBounds": [33.31089782714844, 674.9806976318359, 123.19551086425781, 683.265625], "Font": {"alt_family_name": "Liberation Sans", "embedded": true, "encoding": "Identity-H", "family_name": "Liberation Sans", "font_type": "CIDFontType2", "italic": false, "monospaced": false, "name": "LiberationSans-Bold", "subset": false, "weight": 700}, "HasClip": true, "Lang": "en", "Page": 0, "Path": "//Document/Sect/Table/TR[8]/TD/P", "Text": "China Unconsolidated Affiliates ", "TextSize": 5.8800048828125, "attributes": {"LineHeight": 7}}, {"Bounds": [33.31089782714844, 663.1154479980469, 101.33543395996094, 670.6594848632812], "ClipBounds": [33.31089782714844, 663.1154479980469, 101.33543395996094, 670.6594848632812], "Page": 0, "Path": "//Document/Sect/Table/TR[9]/TD", "attributes": {"BBox": [32.398699999999735, 661.1669999999867, 357.94499999999243, 674.1269999999786], "BackgroundColor": [0.8000029999999754, 0.9333339999999737, 1], "BlockAlign": "Middle", "ColIndex": 0, "Height": 13, "InlineAlign": "Start", "RowIndex": 8, "Width": 325.375}}, {"Bounds": [33.31089782714844, 663.1154479980469, 101.33543395996094, 670.6594848632812], "ClipBounds": [33.31089782714844, 663.1154479980469, 101.33543395996094, 670.6594848632812], "Font": {"alt_family_name": "Liberation Sans", "embedded": true, "encoding": "Identity-H", "family_name": "Liberation Sans", "font_type": "CIDFontType2", "italic": false, "monospaced": false, "name": "LiberationSans", "subset": false, "weight": 400}, "HasClip": true, "Lang": "en", "Page": 0, "Path": "//Document/Sect/Table/TR[9]/TD/P", "Text": "Wholesale Units (000) (b) ", "TextSize": 5.8800048828125, "attributes": {"LineHeight": 7}}, {"Bounds": [410.6980895996094, 663.1154479980469, 421.9453582763672, 670.6594848632812], "ClipBounds": [410.6980895996094, 663.1154479980469, 421.9453582763672, 670.6594848632812], "Page": 0, "Path": "//Document/Sect/Table/TR[9]/TD[2]", "attributes": {"BBox": [357.94499999999243, 661.1669999999867, 431.50199999999313, 674.1269999999786], "BackgroundColor": [0.8000029999999754, 0.9333339999999737, 1], "BlockAlign": "Middle", "ColIndex": 1, "Height": 13, "InlineAlign": "End", "RowIndex": 8, "Width": 73.375}}, {"Bounds": [410.6980895996094, 663.1154479980469, 421.9453582763672, 670.6594848632812], "ClipBounds": [410.6980895996094, 663.1154479980469, 421.9453582763672, 670.6594848632812], "Font": {"alt_family_name": "Liberation Sans", "embedded": true, "encoding": "Identity-H", "family_name": "Liberation Sans", "font_type": "CIDFontType2", "italic": false, "monospaced": false, "name": "LiberationSans", "subset": false, "weight": 400}, "HasClip": true, "Lang": "en", "Page": 0, "Path": "//Document/Sect/Table/TR[9]/TD[2]/P", "Text": "564 ", "TextSize": 5.8800048828125, "attributes": {"LineHeight": 7}}, {"Bounds": [480.18858337402344, 663.1154479980469, 491.43585205078125, 670.6594848632812], "ClipBounds": [480.18858337402344, 663.1154479980469, 491.43585205078125, 670.6594848632812], "Page": 0, "Path": "//Document/Sect/Table/TR[9]/TD[3]", "attributes": {"BBox": [431.50199999999313, 661.1669999999867, 499.179999999993, 674.1269999999786], "BackgroundColor": [0.8000029999999754, 0.9333339999999737, 1], "BlockAlign": "Middle", "ColIndex": 2, "Height": 13, "InlineAlign": "End", "RowIndex": 8, "Width": 67.625}}, {"Bounds": [480.18858337402344, 663.1154479980469, 491.43585205078125, 670.6594848632812], "ClipBounds": [480.18858337402344, 663.1154479980469, 491.43585205078125, 670.6594848632812], "Font": {"alt_family_name": "Liberation Sans", "embedded": true, "encoding": "Identity-H", "family_name": "Liberation Sans", "font_type": "CIDFontType2", "italic": false, "monospaced": false, "name": "LiberationSans", "subset": false, "weight": 400}, "HasClip": true, "Lang": "en", "Page": 0, "Path": "//Document/Sect/Table/TR[9]/TD[3]/P", "Text": "633 ", "TextSize": 5.8800048828125, "attributes": {"LineHeight": 7}}, {"Bounds": [552.8863830566406, 663.1154479980469, 560.8679046630859, 670.6594848632812], "ClipBounds": [552.8863830566406, 663.1154479980469, 560.8679046630859, 670.6594848632812], "Page": 0, "Path": "//Document/Sect/Table/TR[9]/TD[4]", "attributes": {"BBox": [499.179999999993, 661.1669999999867, 562.5369999999821, 674.1269999999786], "BackgroundColor": [0.8000029999999754, 0.9333339999999737, 1], "BlockAlign": "Middle", "ColIndex": 3, "Height": 13, "InlineAlign": "End", "RowIndex": 8, "Width": 63.375}}, {"Bounds": [552.8863830566406, 663.1154479980469, 560.8679046630859, 670.6594848632812], "ClipBounds": [552.8863830566406, 663.1154479980469, 560.8679046630859, 670.6594848632812], "Font": {"alt_family_name": "Liberation Sans", "embedded": true, "encoding": "Identity-H", "family_name": "Liberation Sans", "font_type": "CIDFontType2", "italic": false, "monospaced": false, "name": "LiberationSans", "subset": false, "weight": 400}, "HasClip": true, "Lang": "en", "Page": 0, "Path": "//Document/Sect/Table/TR[9]/TD[4]/P", "Text": "69 ", "TextSize": 5.8800048828125, "attributes": {"LineHeight": 7}}, {"Bounds": [33.31089782714844, 650.8209381103516, 117.33139038085938, 658.364990234375], "ClipBounds": [33.31089782714844, 650.8209381103516, 117.33139038085938, 658.364990234375], "Page": 0, "Path": "//Document/Sect/Table/TR[10]/TD", "attributes": {"BBox": [32.398699999999735, 650.8479999999981, 357.94499999999243, 661.2869999999821], "BlockAlign": "After", "BorderColor": [[0.8000029999999754, 0.9333339999999737, 1], null, null, null], "BorderStyle": ["Solid", "None", "None", "None"], "ColIndex": 0, "Height": 10.5, "InlineAlign": "Start", "RowIndex": 9, "Width": 325.375}}, {"Bounds": [33.31089782714844, 650.8209381103516, 117.33139038085938, 658.364990234375], "ClipBounds": [33.31089782714844, 650.8209381103516, 117.33139038085938, 658.364990234375], "Font": {"alt_family_name": "Liberation Sans", "embedded": true, "encoding": "Identity-H", "family_name": "Liberation Sans", "font_type": "CIDFontType2", "italic": false, "monospaced": false, "name": "LiberationSans", "subset": false, "weight": 400}, "HasClip": true, "Lang": "en", "Page": 0, "Path": "//Document/Sect/Table/TR[10]/TD/P", "Text": "Ford Equity Income/(Loss) ($M) ", "TextSize": 5.8800048828125, "attributes": {"LineHeight": 7}}, {"Bounds": [363.12379455566406, 650.8209381103516, 421.8849792480469, 658.364990234375], "ClipBounds": [363.12379455566406, 650.8209381103516, 421.8849792480469, 658.364990234375], "Page": 0, "Path": "//Document/Sect/Table/TR[10]/TD[2]", "attributes": {"BBox": [357.94499999999243, 650.8479999999981, 431.50199999999313, 661.2869999999821], "BlockAlign": "After", "BorderColor": [[0.8000029999999754, 0.9333339999999737, 1], null, null, null], "BorderStyle": ["Solid", "None", "None", "None"], "ColIndex": 1, "Height": 10.5, "InlineAlign": "End", "RowIndex": 9, "Width": 73.375}}, {"Bounds": [363.12379455566406, 650.8209381103516, 421.8849792480469, 658.364990234375], "ClipBounds": [363.12379455566406, 650.8209381103516, 421.8849792480469, 658.364990234375], "Font": {"alt_family_name": "Liberation Sans", "embedded": true, "encoding": "Identity-H", "family_name": "Liberation Sans", "font_type": "CIDFontType2", "italic": false, "monospaced": false, "name": "LiberationSans", "subset": false, "weight": 400}, "HasClip": true, "Lang": "en", "Page": 0, "Path": "//Document/Sect/Table/TR[10]/TD[2]/P", "Text": "$ 49 ", "TextSize": 5.8800048828125, "attributes": {"LineHeight": 7}}, {"Bounds": [432.6142883300781, 650.8209381103516, 491.43663024902344, 658.364990234375], "ClipBounds": [432.6142883300781, 650.8209381103516, 491.43663024902344, 658.364990234375], "Page": 0, "Path": "//Document/Sect/Table/TR[10]/TD[3]", "attributes": {"BBox": [431.50199999999313, 650.8479999999981, 499.179999999993, 661.2869999999821], "BlockAlign": "After", "BorderColor": [[0.8000029999999754, 0.9333339999999737, 1], null, null, null], "BorderStyle": ["Solid", "None", "None", "None"], "ColIndex": 2, "Height": 10.5, "InlineAlign": "End", "RowIndex": 9, "Width": 67.625}}, {"Bounds": [432.6142883300781, 650.8209381103516, 491.43663024902344, 658.364990234375], "ClipBounds": [432.6142883300781, 650.8209381103516, 491.43663024902344, 658.364990234375], "Font": {"alt_family_name": "Liberation Sans", "embedded": true, "encoding": "Identity-H", "family_name": "Liberation Sans", "font_type": "CIDFontType2", "italic": false, "monospaced": false, "name": "LiberationSans", "subset": false, "weight": 400}, "HasClip": true, "Lang": "en", "Page": 0, "Path": "//Document/Sect/Table/TR[10]/TD[3]/P", "Text": "$ 165 ", "TextSize": 5.8800048828125, "attributes": {"LineHeight": 7}}, {"Bounds": [502.1048889160156, 650.8209381103516, 560.9272308349609, 658.364990234375], "ClipBounds": [502.1048889160156, 650.8209381103516, 560.9272308349609, 658.364990234375], "Page": 0, "Path": "//Document/Sect/Table/TR[10]/TD[4]", "attributes": {"BBox": [499.179999999993, 650.8479999999981, 562.5369999999821, 661.2869999999821], "BlockAlign": "After", "BorderColor": [[0.8000029999999754, 0.9333339999999737, 1], null, null, null], "BorderStyle": ["Solid", "None", "None", "None"], "ColIndex": 3, "Height": 10.5, "InlineAlign": "End", "RowIndex": 9, "Width": 63.375}}, {"Bounds": [502.1048889160156, 650.8209381103516, 560.9272308349609, 658.364990234375], "ClipBounds": [502.1048889160156, 650.8209381103516, 560.9272308349609, 658.364990234375], "Font": {"alt_family_name": "Liberation Sans", "embedded": true, "encoding": "Identity-H", "family_name": "Liberation Sans", "font_type": "CIDFontType2", "italic": false, "monospaced": false, "name": "LiberationSans", "subset": false, "weight": 400}, "HasClip": true, "Lang": "en", "Page": 0, "Path": "//Document/Sect/Table/TR[10]/TD[4]/P", "Text": "$ 116 ", "TextSize": 5.8800048828125, "attributes": {"LineHeight": 7}}, {"Bounds": [32.77630615234375, 626.2320404052734, 327.5783233642578, 633.7760772705078], "ClipBounds": [32.77630615234375, 626.2320404052734, 327.5783233642578, 633.7760772705078], "Font": {"alt_family_name": "Liberation Sans", "embedded": true, "encoding": "Identity-H", "family_name": "Liberation Sans", "font_type": "CIDFontType2", "italic": false, "monospaced": false, "name": "LiberationSans", "subset": false, "weight": 400}, "HasClip": true, "Lang": "en", "Page": 0, "Path": "//Document/Sect/Footnote", "Text": "(a) Includes vehicles produced and sold by our unconsolidated affiliates. Revenue does not include these sales. ", "TextSize": 5.8800048828125, "attributes": {"LineHeight": 7, "SpaceAfter": 3.125}}, {"Bounds": [32.77630615234375, 616.0757446289062, 503.8031005859375, 623.6197814941406], "ClipBounds": [32.77630615234375, 616.0757446289062, 503.8031005859375, 623.6197814941406], "Font": {"alt_family_name": "Liberation Sans", "embedded": true, "encoding": "Identity-H", "family_name": "Liberation Sans", "font_type": "CIDFontType2", "italic": false, "monospaced": false, "name": "LiberationSans", "subset": false, "weight": 400}, "HasClip": true, "Lang": "en", "Page": 0, "Path": "//Document/Sect/Footnote[2]", "Text": "(b) Includes Ford and Lincoln brand and JMC brand vehicles produced and sold in China and, from second quarter 2021, Ford brand vehicles produced in Taiwan by Lio Ho Group. ", "TextSize": 5.8800048828125, "attributes": {"LineHeight": 7, "SpaceAfter": 15.375}}, {"Bounds": [33.31089782714844, 593.1957092285156, 161.70481872558594, 601.4806213378906], "ClipBounds": [33.31089782714844, 593.1957092285156, 161.70481872558594, 601.4806213378906], "Font": {"alt_family_name": "Liberation Sans", "embedded": true, "encoding": "Identity-H", "family_name": "Liberation Sans", "font_type": "CIDFontType2", "italic": false, "monospaced": false, "name": "LiberationSans-Bold", "subset": false, "weight": 700}, "HasClip": true, "Lang": "en", "Page": 0, "Path": "//Document/Sect[2]/H1", "Text": "Change in EBIT by Causal Factor (in millions) ", "TextSize": 5.8800048828125, "attributes": {"LineHeight": 7, "SpaceAfter": 5.5}}, {"Bounds": [38.121795654296875, 505.53070068359375, 562.1688537597656, 588.8744812011719], "ClipBounds": [38.121795654296875, 505.53070068359375, 562.1688537597656, 588.8744812011719], "Page": 0, "Path": "//Document/Sect[2]/Table", "attributes": {"BBox": [32.398699999999735, 503.25399999998626, 562.5369999999821, 592.1699999999837], "NumCol": 2, "NumRow": 7, "Placement": "Block", "SpaceAfter": 10}, "filePaths": ["tables/fileoutpart2.xlsx", "tables/fileoutpart3.png"]}, {"Bounds": [38.121795654296875, 581.3304443359375, 92.43182373046875, 588.8744812011719], "ClipBounds": [38.121795654296875, 581.3304443359375, 92.43182373046875, 588.8744812011719], "Page": 0, "Path": "//Document/Sect[2]/Table/TR/TD", "attributes": {"BBox": [32.398699999999735, 579.0909999999858, 499.179999999993, 592.1699999999837], "BackgroundColor": [0.8000029999999754, 0.9333339999999737, 1], "BlockAlign": "Middle", "ColIndex": 0, "Height": 13.125, "InlineAlign": "Start", "RowIndex": 0, "Width": 466.75}}, {"Bounds": [38.121795654296875, 581.3304443359375, 92.43182373046875, 588.8744812011719], "ClipBounds": [38.121795654296875, 581.3304443359375, 92.43182373046875, 588.8744812011719], "Font": {"alt_family_name": "Liberation Sans", "embedded": true, "encoding": "Identity-H", "family_name": "Liberation Sans", "font_type": "CIDFontType2", "italic": false, "monospaced": false, "name": "LiberationSans", "subset": false, "weight": 400}, "HasClip": true, "Lang": "en", "Page": 0, "Path": "//Document/Sect[2]/Table/TR/TD/P", "Text": "2020 Full Year EBIT ", "TextSize": 5.8800048828125, "attributes": {"LineHeight": 7}}, {"Bounds": [499.96669006347656, 581.3304443359375, 562.1688537597656, 588.8744812011719], "ClipBounds": [499.96669006347656, 581.3304443359375, 562.1688537597656, 588.8744812011719], "Page": 0, "Path": "//Document/Sect[2]/Table/TR/TD[2]", "attributes": {"BBox": [499.179999999993, 579.0909999999858, 562.5369999999821, 592.1699999999837], "BackgroundColor": [0.8000029999999754, 0.9333339999999737, 1], "BlockAlign": "Middle", "ColIndex": 1, "Height": 13.125, "InlineAlign": "End", "RowIndex": 0, "Width": 63.375}}, {"Bounds": [499.96669006347656, 581.3304443359375, 562.1688537597656, 588.8744812011719], "ClipBounds": [499.96669006347656, 581.3304443359375, 562.1688537597656, 588.8744812011719], "Font": {"alt_family_name": "Liberation Sans", "embedded": true, "encoding": "Identity-H", "family_name": "Liberation Sans", "font_type": "CIDFontType2", "italic": false, "monospaced": false, "name": "LiberationSans", "subset": false, "weight": 400}, "HasClip": true, "Lang": "en", "Page": 0, "Path": "//Document/Sect[2]/Table/TR/TD[2]/P", "Text": "$ (499) ", "TextSize": 5.8800048828125, "attributes": {"LineHeight": 7}}, {"Bounds": [38.121795654296875, 569.0359497070312, 73.50175476074219, 576.5799865722656], "ClipBounds": [38.121795654296875, 569.0359497070312, 73.50175476074219, 576.5799865722656], "Page": 0, "Path": "//Document/Sect[2]/Table/TR[2]/TD", "attributes": {"BBox": [32.398699999999735, 567.5709999999963, 499.179999999993, 579.2109999999811], "BackgroundColor": [1, 1, 1], "BlockAlign": "Middle", "BorderColor": [[0.8000029999999754, 0.9333339999999737, 1], [0.8000029999999754, 0.9333339999999737, 1], null, null], "BorderStyle": ["Solid", "Solid", "None", "None"], "ColIndex": 0, "Height": 11.625, "InlineAlign": "Start", "RowIndex": 1, "Width": 466.75}}, {"Bounds": [38.121795654296875, 569.0359497070312, 73.50175476074219, 576.5799865722656], "ClipBounds": [38.121795654296875, 569.0359497070312, 73.50175476074219, 576.5799865722656], "Font": {"alt_family_name": "Liberation Sans", "embedded": true, "encoding": "Identity-H", "family_name": "Liberation Sans", "font_type": "CIDFontType2", "italic": false, "monospaced": false, "name": "LiberationSans", "subset": false, "weight": 400}, "HasClip": true, "Lang": "en", "Page": 0, "Path": "//Document/Sect[2]/Table/TR[2]/TD/P", "Text": "Volume / Mix ", "TextSize": 5.8800048828125, "attributes": {"LineHeight": 7}}, {"Bounds": [547.0064849853516, 569.0359497070312, 562.1686553955078, 576.5799865722656], "ClipBounds": [547.0064849853516, 569.0359497070312, 562.1686553955078, 576.5799865722656], "Page": 0, "Path": "//Document/Sect[2]/Table/TR[2]/TD[2]", "attributes": {"BBox": [499.179999999993, 567.5709999999963, 562.5369999999821, 579.2109999999811], "BackgroundColor": [1, 1, 1], "BlockAlign": "Middle", "BorderColor": [[0.8000029999999754, 0.9333339999999737, 1], [0.8000029999999754, 0.9333339999999737, 1], null, null], "BorderStyle": ["Solid", "Solid", "None", "None"], "ColIndex": 1, "Height": 11.625, "InlineAlign": "End", "RowIndex": 1, "Width": 63.375}}, {"Bounds": [547.0064849853516, 569.0359497070312, 562.1686553955078, 576.5799865722656], "ClipBounds": [547.0064849853516, 569.0359497070312, 562.1686553955078, 576.5799865722656], "Font": {"alt_family_name": "Liberation Sans", "embedded": true, "encoding": "Identity-H", "family_name": "Liberation Sans", "font_type": "CIDFontType2", "italic": false, "monospaced": false, "name": "LiberationSans", "subset": false, "weight": 400}, "HasClip": true, "Lang": "en", "Page": 0, "Path": "//Document/Sect[2]/Table/TR[2]/TD[2]/P", "Text": "(190) ", "TextSize": 5.8800048828125, "attributes": {"LineHeight": 7}}, {"Bounds": [38.121795654296875, 556.7414398193359, 68.28736877441406, 564.2854919433594], "ClipBounds": [38.121795654296875, 556.7414398193359, 68.28736877441406, 564.2854919433594], "Page": 0, "Path": "//Document/Sect[2]/Table/TR[3]/TD", "attributes": {"BBox": [32.398699999999735, 554.6119999999937, 499.179999999993, 567.5709999999963], "BackgroundColor": [0.8000029999999754, 0.9333339999999737, 1], "BlockAlign": "Middle", "ColIndex": 0, "Height": 13, "InlineAlign": "Start", "RowIndex": 2, "Width": 466.75}}, {"Bounds": [38.121795654296875, 556.7414398193359, 68.28736877441406, 564.2854919433594], "ClipBounds": [38.121795654296875, 556.7414398193359, 68.28736877441406, 564.2854919433594], "Font": {"alt_family_name": "Liberation Sans", "embedded": true, "encoding": "Identity-H", "family_name": "Liberation Sans", "font_type": "CIDFontType2", "italic": false, "monospaced": false, "name": "LiberationSans", "subset": false, "weight": 400}, "HasClip": true, "Lang": "en", "Page": 0, "Path": "//Document/Sect[2]/Table/TR[3]/TD/P", "Text": "Net Pricing ", "TextSize": 5.8800048828125, "attributes": {"LineHeight": 7}}, {"Bounds": [552.8863830566406, 556.7414398193359, 560.8679046630859, 564.2854919433594], "ClipBounds": [552.8863830566406, 556.7414398193359, 560.8679046630859, 564.2854919433594], "Page": 0, "Path": "//Document/Sect[2]/Table/TR[3]/TD[2]", "attributes": {"BBox": [499.179999999993, 554.6119999999937, 562.5369999999821, 567.5709999999963], "BackgroundColor": [0.8000029999999754, 0.9333339999999737, 1], "BlockAlign": "Middle", "ColIndex": 1, "Height": 13, "InlineAlign": "End", "RowIndex": 2, "Width": 63.375}}, {"Bounds": [552.8863830566406, 556.7414398193359, 560.8679046630859, 564.2854919433594], "ClipBounds": [552.8863830566406, 556.7414398193359, 560.8679046630859, 564.2854919433594], "Font": {"alt_family_name": "Liberation Sans", "embedded": true, "encoding": "Identity-H", "family_name": "Liberation Sans", "font_type": "CIDFontType2", "italic": false, "monospaced": false, "name": "LiberationSans", "subset": false, "weight": 400}, "HasClip": true, "Lang": "en", "Page": 0, "Path": "//Document/Sect[2]/Table/TR[3]/TD[2]/P", "Text": "73 ", "TextSize": 5.8800048828125, "attributes": {"LineHeight": 7}}, {"Bounds": [38.121795654296875, 544.4469451904297, 51.66343688964844, 551.9909820556641], "ClipBounds": [38.121795654296875, 544.4469451904297, 51.66343688964844, 551.9909820556641], "Page": 0, "Path": "//Document/Sect[2]/Table/TR[4]/TD", "attributes": {"BBox": [32.398699999999735, 543.8119999999763, 499.179999999993, 554.7319999999891], "BackgroundColor": [1, 1, 1], "BlockAlign": "Middle", "BorderColor": [[0.8000029999999754, 0.9333339999999737, 1], [0.8000029999999754, 0.9333339999999737, 1], null, null], "BorderStyle": ["Solid", "Solid", "None", "None"], "ColIndex": 0, "Height": 10.875, "InlineAlign": "Start", "RowIndex": 3, "Width": 466.75}}, {"Bounds": [38.121795654296875, 544.4469451904297, 51.66343688964844, 551.9909820556641], "ClipBounds": [38.121795654296875, 544.4469451904297, 51.66343688964844, 551.9909820556641], "Font": {"alt_family_name": "Liberation Sans", "embedded": true, "encoding": "Identity-H", "family_name": "Liberation Sans", "font_type": "CIDFontType2", "italic": false, "monospaced": false, "name": "LiberationSans", "subset": false, "weight": 400}, "HasClip": true, "Lang": "en", "Page": 0, "Path": "//Document/Sect[2]/Table/TR[4]/TD/P", "Text": "Cost ", "TextSize": 5.8800048828125, "attributes": {"LineHeight": 7}}, {"Bounds": [552.8863830566406, 544.4469451904297, 560.8679046630859, 551.9909820556641], "ClipBounds": [552.8863830566406, 544.4469451904297, 560.8679046630859, 551.9909820556641], "Page": 0, "Path": "//Document/Sect[2]/Table/TR[4]/TD[2]", "attributes": {"BBox": [499.179999999993, 543.8119999999763, 562.5369999999821, 554.7319999999891], "BackgroundColor": [1, 1, 1], "BlockAlign": "Middle", "BorderColor": [[0.8000029999999754, 0.9333339999999737, 1], [0.8000029999999754, 0.9333339999999737, 1], null, null], "BorderStyle": ["Solid", "Solid", "None", "None"], "ColIndex": 1, "Height": 10.875, "InlineAlign": "End", "RowIndex": 3, "Width": 63.375}}, {"Bounds": [552.8863830566406, 544.4469451904297, 560.8679046630859, 551.9909820556641], "ClipBounds": [552.8863830566406, 544.4469451904297, 560.8679046630859, 551.9909820556641], "Font": {"alt_family_name": "Liberation Sans", "embedded": true, "encoding": "Identity-H", "family_name": "Liberation Sans", "font_type": "CIDFontType2", "italic": false, "monospaced": false, "name": "LiberationSans", "subset": false, "weight": 400}, "HasClip": true, "Lang": "en", "Page": 0, "Path": "//Document/Sect[2]/Table/TR[4]/TD[2]/P", "Text": "16 ", "TextSize": 5.8800048828125, "attributes": {"LineHeight": 7}}, {"Bounds": [38.121795654296875, 532.1525421142578, 65.69781494140625, 539.6965789794922], "ClipBounds": [38.121795654296875, 532.1525421142578, 65.69781494140625, 539.6965789794922], "Page": 0, "Path": "//Document/Sect[2]/Table/TR[5]/TD", "attributes": {"BBox": [32.398699999999735, 530.8529999999737, 499.179999999993, 543.8119999999763], "BackgroundColor": [0.8000029999999754, 0.9333339999999737, 1], "BlockAlign": "Middle", "ColIndex": 0, "Height": 13, "InlineAlign": "Start", "RowIndex": 4, "Width": 466.75}}, {"Bounds": [38.121795654296875, 532.1525421142578, 65.69781494140625, 539.6965789794922], "ClipBounds": [38.121795654296875, 532.1525421142578, 65.69781494140625, 539.6965789794922], "Font": {"alt_family_name": "Liberation Sans", "embedded": true, "encoding": "Identity-H", "family_name": "Liberation Sans", "font_type": "CIDFontType2", "italic": false, "monospaced": false, "name": "LiberationSans", "subset": false, "weight": 400}, "HasClip": true, "Lang": "en", "Page": 0, "Path": "//Document/Sect[2]/Table/TR[5]/TD/P", "Text": "Exchange ", "TextSize": 5.8800048828125, "attributes": {"LineHeight": 7}}, {"Bounds": [552.8863830566406, 532.1525421142578, 560.8679046630859, 539.6965789794922], "ClipBounds": [552.8863830566406, 532.1525421142578, 560.8679046630859, 539.6965789794922], "Page": 0, "Path": "//Document/Sect[2]/Table/TR[5]/TD[2]", "attributes": {"BBox": [499.179999999993, 530.8529999999737, 562.5369999999821, 543.8119999999763], "BackgroundColor": [0.8000029999999754, 0.9333339999999737, 1], "BlockAlign": "Middle", "ColIndex": 1, "Height": 13, "InlineAlign": "End", "RowIndex": 4, "Width": 63.375}}, {"Bounds": [552.8863830566406, 532.1525421142578, 560.8679046630859, 539.6965789794922], "ClipBounds": [552.8863830566406, 532.1525421142578, 560.8679046630859, 539.6965789794922], "Font": {"alt_family_name": "Liberation Sans", "embedded": true, "encoding": "Identity-H", "family_name": "Liberation Sans", "font_type": "CIDFontType2", "italic": false, "monospaced": false, "name": "LiberationSans", "subset": false, "weight": 400}, "HasClip": true, "Lang": "en", "Page": 0, "Path": "//Document/Sect[2]/Table/TR[5]/TD[2]/P", "Text": "69 ", "TextSize": 5.8800048828125, "attributes": {"LineHeight": 7}}, {"Bounds": [38.121795654296875, 519.8580474853516, 54.26121520996094, 527.4020843505859], "ClipBounds": [38.121795654296875, 519.8580474853516, 54.26121520996094, 527.4020843505859], "Page": 0, "Path": "//Document/Sect[2]/Table/TR[6]/TD", "attributes": {"BBox": [32.398699999999735, 519.3329999999842, 499.179999999993, 530.9729999999981], "BackgroundColor": [1, 1, 1], "BlockAlign": "After", "BorderColor": [[0.8000029999999754, 0.9333339999999737, 1], [0.8000029999999754, 0.9333339999999737, 1], null, null], "BorderStyle": ["Solid", "Solid", "None", "None"], "ColIndex": 0, "Height": 11.625, "InlineAlign": "Start", "RowIndex": 5, "Width": 466.75}}, {"Bounds": [38.121795654296875, 519.8580474853516, 54.26121520996094, 527.4020843505859], "ClipBounds": [38.121795654296875, 519.8580474853516, 54.26121520996094, 527.4020843505859], "Font": {"alt_family_name": "Liberation Sans", "embedded": true, "encoding": "Identity-H", "family_name": "Liberation Sans", "font_type": "CIDFontType2", "italic": false, "monospaced": false, "name": "LiberationSans", "subset": false, "weight": 400}, "HasClip": true, "Lang": "en", "Page": 0, "Path": "//Document/Sect[2]/Table/TR[6]/TD/P", "Text": "Other ", "TextSize": 5.8800048828125, "attributes": {"LineHeight": 7}}, {"Bounds": [549.6791839599609, 519.8580474853516, 560.9264526367188, 527.4020843505859], "ClipBounds": [549.6791839599609, 519.8580474853516, 560.9264526367188, 527.4020843505859], "Page": 0, "Path": "//Document/Sect[2]/Table/TR[6]/TD[2]", "attributes": {"BBox": [499.179999999993, 518.9729999999981, 562.5369999999821, 530.9729999999981], "BackgroundColor": [1, 1, 1], "BlockAlign": "After", "BorderColor": [[0.8000029999999754, 0.9333339999999737, 1], [0, 0, 0], null, null], "BorderStyle": ["Solid", "Solid", "None", "None"], "BorderThickness": [0, 0.375, 0, 0], "ColIndex": 1, "Height": 12, "InlineAlign": "End", "RowIndex": 5, "Width": 63.375}}, {"Bounds": [549.6791839599609, 519.8580474853516, 560.9264526367188, 527.4020843505859], "ClipBounds": [549.6791839599609, 519.8580474853516, 560.9264526367188, 527.4020843505859], "Font": {"alt_family_name": "Liberation Sans", "embedded": true, "encoding": "Identity-H", "family_name": "Liberation Sans", "font_type": "CIDFontType2", "italic": false, "monospaced": false, "name": "LiberationSans", "subset": false, "weight": 400}, "HasClip": true, "Lang": "en", "Page": 0, "Path": "//Document/Sect[2]/Table/TR[6]/TD[2]/P", "Text": "204 ", "TextSize": 5.8800048828125, "attributes": {"LineHeight": 7}}, {"Bounds": [41.32899475097656, 505.53070068359375, 97.27601623535156, 513.8156280517578], "ClipBounds": [41.32899475097656, 505.53070068359375, 97.27601623535156, 513.8156280517578], "Page": 0, "Path": "//Document/Sect[2]/Table/TR[7]/TD", "attributes": {"BBox": [32.398699999999735, 503.25399999998626, 499.179999999993, 519.3329999999842], "BackgroundColor": [0.8000029999999754, 0.9333339999999737, 1], "BlockAlign": "Middle", "ColIndex": 0, "Height": 16.125, "InlineAlign": "Start", "RowIndex": 6, "Width": 466.75}}, {"Bounds": [41.32899475097656, 505.53070068359375, 97.27601623535156, 513.8156280517578], "ClipBounds": [41.32899475097656, 505.53070068359375, 97.27601623535156, 513.8156280517578], "Font": {"alt_family_name": "Liberation Sans", "embedded": true, "encoding": "Identity-H", "family_name": "Liberation Sans", "font_type": "CIDFontType2", "italic": false, "monospaced": false, "name": "LiberationSans-Bold", "subset": false, "weight": 700}, "HasClip": true, "Lang": "en", "Page": 0, "Path": "//Document/Sect[2]/Table/TR[7]/TD/P", "Text": "2021 Full Year EBIT ", "TextSize": 5.8800048828125, "attributes": {"LineHeight": 7}}, {"Bounds": [499.96669006347656, 506.5998077392578, 562.1688537597656, 514.8847198486328], "ClipBounds": [499.96669006347656, 506.5998077392578, 562.1688537597656, 514.8847198486328], "Page": 0, "Path": "//Document/Sect[2]/Table/TR[7]/TD[2]", "attributes": {"BBox": [499.179999999993, 502.53399999999965, 562.5369999999821, 519.6929999999993], "BackgroundColor": [0.8000029999999754, 0.9333339999999737, 1], "BlockAlign": "Middle", "BorderColor": [[0, 0, 0], [0, 0, 0], null, null], "BorderStyle": ["Solid", "Solid", "None", "None"], "BorderThickness": [0.375, 0.75, 0, 0], "ColIndex": 1, "Height": 17.125, "InlineAlign": "End", "RowIndex": 6, "Width": 63.375}}, {"Bounds": [499.96669006347656, 506.5998077392578, 562.1688537597656, 514.8847198486328], "ClipBounds": [499.96669006347656, 506.5998077392578, 562.1688537597656, 514.8847198486328], "Font": {"alt_family_name": "Liberation Sans", "embedded": true, "encoding": "Identity-H", "family_name": "Liberation Sans", "font_type": "CIDFontType2", "italic": false, "monospaced": false, "name": "LiberationSans-Bold", "subset": false, "weight": 700}, "HasClip": true, "Lang": "en", "Page": 0, "Path": "//Document/Sect[2]/Table/TR[7]/TD[2]/P", "Text": "$ (327) ", "TextSize": 5.8800048828125, "attributes": {"LineHeight": 7}}, {"Bounds": [32.75651550292969, 459.6587371826172, 560.656005859375, 488.8936004638672], "ClipBounds": [32.75651550292969, 459.6587371826172, 560.656005859375, 488.8936004638672], "Font": {"alt_family_name": "Liberation Sans", "embedded": true, "encoding": "Identity-H", "family_name": "Liberation Sans", "font_type": "CIDFontType2", "italic": false, "monospaced": false, "name": "LiberationSans", "subset": false, "weight": 400}, "HasClip": true, "Lang": "en", "Page": 0, "Path": "//Document/Sect[2]/Footnote", "Text": "In China, 2021 wholesales increased 5% from 2020, driven by higher joint venture volumes. Full year 2021 consolidated revenue declined 20% from 2020, driven by product localization and the de-consolidation of our operations in Taiwan, partially offset by favorable import mix, higher component sales to our joint ventures in China, and stronger currencies. ", "TextSize": 6.9490966796875}, {"Bounds": [32.80516052246094, 429.19313049316406, 543.4423828125, 448.2684020996094], "ClipBounds": [32.80516052246094, 429.19313049316406, 543.4423828125, 448.2684020996094], "Font": {"alt_family_name": "Liberation Sans", "embedded": true, "encoding": "Identity-H", "family_name": "Liberation Sans", "font_type": "CIDFontType2", "italic": false, "monospaced": false, "name": "LiberationSans", "subset": false, "weight": 400}, "HasClip": true, "Lang": "en", "Page": 0, "Path": "//Document/Sect[2]/P", "Text": "China\u2019s 2021 EBIT loss improved $172 million from 2020 with an EBIT margin of negative 12.8%. The EBIT improvement was driven by favorable mix of imported vehicles, higher joint venture profits and royalties, and higher net pricing, partially offset by lower volume at our consolidated operations. ", "TextSize": 6.9490966796875, "attributes": {"SpaceAfter": 17.375}}, {"Bounds": [293.63319396972656, 403.53831481933594, 303.06520080566406, 412.4540100097656], "ClipBounds": [293.63319396972656, 403.53831481933594, 303.06520080566406, 412.4540100097656], "Font": {"alt_family_name": "Liberation Sans", "embedded": true, "encoding": "Identity-H", "family_name": "Liberation Sans", "font_type": "CIDFontType2", "italic": false, "monospaced": false, "name": "LiberationSans", "subset": false, "weight": 400}, "HasClip": true, "Lang": "en", "Page": 0, "Path": "//Document/Sect[2]/P[2]", "Text": "56 ", "TextSize": 6.9490966796875, "attributes": {"LineHeight": 8.375, "TextAlign": "Center"}}], "pages": [{"boxes": {"CropBox": [0.0, 0.0, 595.0, 842.0], "MediaBox": [0.0, 0.0, 595.0, 842.0]}, "height": 842.0, "is_scanned": false, "page_number": 0, "rotation": 0, "width": 595.0}]}