{"version": {"json_export": "193", "page_segmentation": "5", "schema": "1.1.0", "structure": "1.1074.0", "table_structure": "5"}, "extended_metadata": {"ID_instance": "6A 4D A7 9C DB B8 B2 11 0A 00 67 45 8B 6B C6 23 ", "ID_permanent": "38 34 20 44 46 20 41 34 20 39 43 20 44 42 20 42 38 20 42 32 20 31 31 20 30 41 20 30 30 20 36 37 20 34 35 20 38 42 20 36 42 20 43 36 20 32 33 20 ", "pdf_version": "1.6", "pdfa_compliance_level": "", "is_encrypted": false, "has_acroform": false, "is_digitally_signed": false, "pdfua_compliance_level": "", "page_count": 1, "has_embedded_files": false, "is_certified": false, "is_XFA": false, "language": "en"}, "elements": [{"Bounds": [33.31089782714844, 576.1888580322266, 513.7548522949219, 769.8900756835938], "ClipBounds": [33.31089782714844, 576.1888580322266, 513.7548522949219, 769.8900756835938], "Page": 0, "Path": "//Document/Sect/Table", "attributes": {"BBox": [32.398699999999735, 574.7709999999788, 562.5369999999821, 768.5629999999946], "NumCol": 2, "NumRow": 16, "Placement": "Block", "SpaceAfter": 11.25}, "filePaths": ["tables/fileoutpart0.xlsx", "tables/fileoutpart1.png"]}, {"Bounds": [33.31089782714844, 760.0987854003906, 77.45436096191406, 769.8900756835938], "ClipBounds": [33.31089782714844, 760.0987854003906, 77.45436096191406, 769.8900756835938], "Page": 0, "Path": "//Document/Sect/Table/TR/TD", "attributes": {"BBox": [32.398699999999735, 759.9229999999807, 308.9869999999937, 768.5629999999946], "BlockAlign": "Before", "BorderColor": [null, [0.8000029999999754, 0.9333339999999737, 1], null, null], "BorderStyle": ["None", "Solid", "None", "None"], "ColIndex": 0, "Height": 8.625, "InlineAlign": "Start", "RowIndex": 0, "Width": 276.625}}, {"Bounds": [33.31089782714844, 760.0987854003906, 77.45436096191406, 769.8900756835938], "ClipBounds": [33.31089782714844, 760.0987854003906, 77.45436096191406, 769.8900756835938], "Font": {"alt_family_name": "Liberation Sans", "embedded": true, "encoding": "Identity-H", "family_name": "Liberation Sans", "font_type": "CIDFontType2", "italic": false, "monospaced": false, "name": "LiberationSans-Bold", "subset": false, "weight": 700}, "HasClip": true, "Lang": "en", "Page": 0, "Path": "//Document/Sect/Table/TR/TD/P", "Text": "Organization ", "TextSize": 6.9490966796875, "attributes": {"LineHeight": 8.375}}, {"Bounds": [458.8069305419922, 760.0987854003906, 499.86012268066406, 769.8900756835938], "ClipBounds": [458.8069305419922, 760.0987854003906, 499.86012268066406, 769.8900756835938], "Page": 0, "Path": "//Document/Sect/Table/TR/TH", "attributes": {"BBox": [308.9869999999937, 759.9229999999807, 562.5369999999821, 768.5629999999946], "BlockAlign": "Before", "BorderColor": [null, [0.8000029999999754, 0.9333339999999737, 1], null, null], "BorderStyle": ["None", "Solid", "None", "None"], "ColIndex": 1, "Height": 8.625, "InlineAlign": "End", "RowIndex": 0, "Width": 253.375}}, {"Bounds": [458.8069305419922, 760.0987854003906, 499.86012268066406, 769.8900756835938], "ClipBounds": [458.8069305419922, 760.0987854003906, 499.86012268066406, 769.8900756835938], "Font": {"alt_family_name": "Liberation Sans", "embedded": true, "encoding": "Identity-H", "family_name": "Liberation Sans", "font_type": "CIDFontType2", "italic": false, "monospaced": false, "name": "LiberationSans-Bold", "subset": false, "weight": 700}, "HasClip": true, "Lang": "en", "Page": 0, "Path": "//Document/Sect/Table/TR/TH/P", "Text": "Jurisdiction ", "TextSize": 6.9490966796875, "attributes": {"LineHeight": 8.375}}, {"Bounds": [33.31089782714844, 748.3115692138672, 160.8025665283203, 757.2272644042969], "ClipBounds": [33.31089782714844, 748.3115692138672, 160.8025665283203, 757.2272644042969], "Page": 0, "Path": "//Document/Sect/Table/TR[2]/TD", "attributes": {"BBox": [32.398699999999735, 748.4039999999804, 308.9869999999937, 759.9229999999807], "BackgroundColor": [0.8000029999999754, 0.9333339999999737, 1], "BlockAlign": "Middle", "ColIndex": 0, "Height": 11.5, "InlineAlign": "Start", "RowIndex": 1, "Width": 276.625}}, {"Bounds": [33.31089782714844, 748.3115692138672, 160.8025665283203, 757.2272644042969], "ClipBounds": [33.31089782714844, 748.3115692138672, 160.8025665283203, 757.2272644042969], "Font": {"alt_family_name": "Liberation Sans", "embedded": true, "encoding": "Identity-H", "family_name": "Liberation Sans", "font_type": "CIDFontType2", "italic": false, "monospaced": false, "name": "LiberationSans", "subset": false, "weight": 400}, "HasClip": true, "Lang": "en", "Page": 0, "Path": "//Document/Sect/Table/TR[2]/TD/P", "Text": "Ford Motor Company of Canada, Limited ", "TextSize": 6.9490966796875, "attributes": {"LineHeight": 8.375}}, {"Bounds": [458.8069305419922, 748.3115692138672, 484.8264465332031, 757.2272644042969], "ClipBounds": [458.8069305419922, 748.3115692138672, 484.8264465332031, 757.2272644042969], "Page": 0, "Path": "//Document/Sect/Table/TR[2]/TD[2]", "attributes": {"BBox": [308.9869999999937, 748.4039999999804, 562.5369999999821, 759.9229999999807], "BackgroundColor": [0.8000029999999754, 0.9333339999999737, 1], "BlockAlign": "After", "ColIndex": 1, "Height": 11.5, "InlineAlign": "Center", "RowIndex": 1, "Width": 253.375}}, {"Bounds": [458.8069305419922, 748.3115692138672, 484.8264465332031, 757.2272644042969], "ClipBounds": [458.8069305419922, 748.3115692138672, 484.8264465332031, 757.2272644042969], "Font": {"alt_family_name": "Liberation Sans", "embedded": true, "encoding": "Identity-H", "family_name": "Liberation Sans", "font_type": "CIDFontType2", "italic": false, "monospaced": false, "name": "LiberationSans", "subset": false, "weight": 400}, "HasClip": true, "Lang": "en", "Page": 0, "Path": "//Document/Sect/Table/TR[2]/TD[2]/P", "Text": "Canada ", "TextSize": 6.9490966796875, "attributes": {"LineHeight": 8.375}}, {"Bounds": [33.31089782714844, 736.0170745849609, 198.9948272705078, 744.9327697753906], "ClipBounds": [33.31089782714844, 736.0170745849609, 198.9948272705078, 744.9327697753906], "Page": 0, "Path": "//Document/Sect/Table/TR[3]/TD", "attributes": {"BBox": [32.398699999999735, 735.4439999999886, 308.9869999999937, 748.5239999999758], "BackgroundColor": [1, 1, 1], "BlockAlign": "Middle", "BorderColor": [[0.8000029999999754, 0.9333339999999737, 1], [0.8000029999999754, 0.9333339999999737, 1], null, null], "BorderStyle": ["Solid", "Solid", "None", "None"], "ColIndex": 0, "Height": 13.125, "InlineAlign": "Start", "RowIndex": 2, "Width": 276.625}}, {"Bounds": [33.31089782714844, 736.0170745849609, 198.9948272705078, 744.9327697753906], "ClipBounds": [33.31089782714844, 736.0170745849609, 198.9948272705078, 744.9327697753906], "Font": {"alt_family_name": "Liberation Sans", "embedded": true, "encoding": "Identity-H", "family_name": "Liberation Sans", "font_type": "CIDFontType2", "italic": false, "monospaced": false, "name": "LiberationSans", "subset": false, "weight": 400}, "HasClip": true, "Lang": "en", "Page": 0, "Path": "//Document/Sect/Table/TR[3]/TD/P", "Text": "Ford Motor Company of Southern Africa (Pty) Limited ", "TextSize": 6.9490966796875, "attributes": {"LineHeight": 8.375}}, {"Bounds": [458.8069305419922, 736.0170745849609, 498.3236846923828, 744.9327697753906], "ClipBounds": [458.8069305419922, 736.0170745849609, 498.3236846923828, 744.9327697753906], "Page": 0, "Path": "//Document/Sect/Table/TR[3]/TD[2]", "attributes": {"BBox": [308.9869999999937, 735.4439999999886, 562.5369999999821, 748.5239999999758], "BackgroundColor": [1, 1, 1], "BlockAlign": "Middle", "BorderColor": [[0.8000029999999754, 0.9333339999999737, 1], [0.8000029999999754, 0.9333339999999737, 1], null, null], "BorderStyle": ["Solid", "Solid", "None", "None"], "ColIndex": 1, "Height": 13.125, "InlineAlign": "Center", "RowIndex": 2, "Width": 253.375}}, {"Bounds": [458.8069305419922, 736.0170745849609, 498.3236846923828, 744.9327697753906], "ClipBounds": [458.8069305419922, 736.0170745849609, 498.3236846923828, 744.9327697753906], "Font": {"alt_family_name": "Liberation Sans", "embedded": true, "encoding": "Identity-H", "family_name": "Liberation Sans", "font_type": "CIDFontType2", "italic": false, "monospaced": false, "name": "LiberationSans", "subset": false, "weight": 400}, "HasClip": true, "Lang": "en", "Page": 0, "Path": "//Document/Sect/Table/TR[3]/TD[2]/P", "Text": "South Africa ", "TextSize": 6.9490966796875, "attributes": {"LineHeight": 8.375}}, {"Bounds": [33.31089782714844, 723.7226715087891, 142.6807098388672, 732.6383666992188], "ClipBounds": [33.31089782714844, 723.7226715087891, 142.6807098388672, 732.6383666992188], "Page": 0, "Path": "//Document/Sect/Table/TR[4]/TD", "attributes": {"BBox": [32.398699999999735, 723.9249999999884, 308.9869999999937, 735.4439999999886], "BackgroundColor": [0.8000029999999754, 0.9333339999999737, 1], "BlockAlign": "Middle", "ColIndex": 0, "Height": 11.5, "InlineAlign": "Start", "RowIndex": 3, "Width": 276.625}}, {"Bounds": [33.31089782714844, 723.7226715087891, 142.6807098388672, 732.6383666992188], "ClipBounds": [33.31089782714844, 723.7226715087891, 142.6807098388672, 732.6383666992188], "Font": {"alt_family_name": "Liberation Sans", "embedded": true, "encoding": "Identity-H", "family_name": "Liberation Sans", "font_type": "CIDFontType2", "italic": false, "monospaced": false, "name": "LiberationSans", "subset": false, "weight": 400}, "HasClip": true, "Lang": "en", "Page": 0, "Path": "//Document/Sect/Table/TR[4]/TD/P", "Text": "Ford Motor Company, S.A. de C.V. ", "TextSize": 6.9490966796875, "attributes": {"LineHeight": 8.375}}, {"Bounds": [458.8069305419922, 723.7226715087891, 482.5130920410156, 732.6383666992188], "ClipBounds": [458.8069305419922, 723.7226715087891, 482.5130920410156, 732.6383666992188], "Page": 0, "Path": "//Document/Sect/Table/TR[4]/TD[2]", "attributes": {"BBox": [308.9869999999937, 723.9249999999884, 562.5369999999821, 735.4439999999886], "BackgroundColor": [0.8000029999999754, 0.9333339999999737, 1], "BlockAlign": "After", "ColIndex": 1, "Height": 11.5, "InlineAlign": "Center", "RowIndex": 3, "Width": 253.375}}, {"Bounds": [458.8069305419922, 723.7226715087891, 482.5130920410156, 732.6383666992188], "ClipBounds": [458.8069305419922, 723.7226715087891, 482.5130920410156, 732.6383666992188], "Font": {"alt_family_name": "Liberation Sans", "embedded": true, "encoding": "Identity-H", "family_name": "Liberation Sans", "font_type": "CIDFontType2", "italic": false, "monospaced": false, "name": "LiberationSans", "subset": false, "weight": 400}, "HasClip": true, "Lang": "en", "Page": 0, "Path": "//Document/Sect/Table/TR[4]/TD[2]/P", "Text": "Mexico ", "TextSize": 6.9490966796875, "attributes": {"LineHeight": 8.375}}, {"Bounds": [33.31089782714844, 711.4281616210938, 135.70310974121094, 720.3438568115234], "ClipBounds": [33.31089782714844, 711.4281616210938, 135.70310974121094, 720.3438568115234], "Page": 0, "Path": "//Document/Sect/Table/TR[5]/TD", "attributes": {"BBox": [32.398699999999735, 710.9649999999965, 308.9869999999937, 724.0449999999837], "BackgroundColor": [1, 1, 1], "BlockAlign": "After", "BorderColor": [[0.8000029999999754, 0.9333339999999737, 1], [0.8000029999999754, 0.9333339999999737, 1], null, null], "BorderStyle": ["Solid", "Solid", "None", "None"], "ColIndex": 0, "Height": 13.125, "InlineAlign": "Start", "RowIndex": 4, "Width": 276.625}}, {"Bounds": [33.31089782714844, 711.4281616210938, 135.70310974121094, 720.3438568115234], "ClipBounds": [33.31089782714844, 711.4281616210938, 135.70310974121094, 720.3438568115234], "Font": {"alt_family_name": "Liberation Sans", "embedded": true, "encoding": "Identity-H", "family_name": "Liberation Sans", "font_type": "CIDFontType2", "italic": false, "monospaced": false, "name": "LiberationSans", "subset": false, "weight": 400}, "HasClip": true, "Lang": "en", "Page": 0, "Path": "//Document/Sect/Table/TR[5]/TD/P", "Text": "Ford Motor Credit Company LLC ", "TextSize": 6.9490966796875, "attributes": {"LineHeight": 8.375}}, {"Bounds": [458.8069305419922, 711.4281616210938, 513.7548522949219, 720.3438568115234], "ClipBounds": [458.8069305419922, 711.4281616210938, 513.7548522949219, 720.3438568115234], "Page": 0, "Path": "//Document/Sect/Table/TR[5]/TD[2]", "attributes": {"BBox": [308.9869999999937, 710.9649999999965, 562.5369999999821, 724.0449999999837], "BackgroundColor": [1, 1, 1], "BlockAlign": "After", "BorderColor": [[0.8000029999999754, 0.9333339999999737, 1], [0.8000029999999754, 0.9333339999999737, 1], null, null], "BorderStyle": ["Solid", "Solid", "None", "None"], "ColIndex": 1, "Height": 13.125, "InlineAlign": "Center", "RowIndex": 4, "Width": 253.375}}, {"Bounds": [458.8069305419922, 711.4281616210938, 513.7548522949219, 720.3438568115234], "ClipBounds": [458.8069305419922, 711.4281616210938, 513.7548522949219, 720.3438568115234], "Font": {"alt_family_name": "Liberation Sans", "embedded": true, "encoding": "Identity-H", "family_name": "Liberation Sans", "font_type": "CIDFontType2", "italic": false, "monospaced": false, "name": "LiberationSans", "subset": false, "weight": 400}, "HasClip": true, "Lang": "en", "Page": 0, "Path": "//Document/Sect/Table/TR[5]/TD[2]/P", "Text": "Delaware, U.S.A. ", "TextSize": 6.9490966796875, "attributes": {"LineHeight": 8.375}}, {"Bounds": [33.31089782714844, 699.1336669921875, 125.68667602539062, 708.0493621826172], "ClipBounds": [33.31089782714844, 699.1336669921875, 125.68667602539062, 708.0493621826172], "Page": 0, "Path": "//Document/Sect/Table/TR[6]/TD", "attributes": {"BBox": [32.398699999999735, 697.8859999999986, 308.9869999999937, 710.9649999999965], "BackgroundColor": [0.8000029999999754, 0.9333339999999737, 1], "BlockAlign": "Middle", "ColIndex": 0, "Height": 13.125, "InlineAlign": "Start", "RowIndex": 5, "Width": 276.625}}, {"Bounds": [33.31089782714844, 699.1336669921875, 125.68667602539062, 708.0493621826172], "ClipBounds": [33.31089782714844, 699.1336669921875, 125.68667602539062, 708.0493621826172], "Font": {"alt_family_name": "Liberation Sans", "embedded": true, "encoding": "Identity-H", "family_name": "Liberation Sans", "font_type": "CIDFontType2", "italic": false, "monospaced": false, "name": "LiberationSans", "subset": false, "weight": 400}, "HasClip": true, "Lang": "en", "Page": 0, "Path": "//Document/Sect/Table/TR[6]/TD/P", "Text": "Ford Motor Service Company ", "TextSize": 6.9490966796875, "attributes": {"LineHeight": 8.375}}, {"Bounds": [458.8069305419922, 699.1336669921875, 512.2191009521484, 708.0493621826172], "ClipBounds": [458.8069305419922, 699.1336669921875, 512.2191009521484, 708.0493621826172], "Page": 0, "Path": "//Document/Sect/Table/TR[6]/TD[2]", "attributes": {"BBox": [308.9869999999937, 697.8859999999986, 562.5369999999821, 710.9649999999965], "BackgroundColor": [0.8000029999999754, 0.9333339999999737, 1], "BlockAlign": "Middle", "ColIndex": 1, "Height": 13.125, "InlineAlign": "Center", "RowIndex": 5, "Width": 253.375}}, {"Bounds": [458.8069305419922, 699.1336669921875, 512.2191009521484, 708.0493621826172], "ClipBounds": [458.8069305419922, 699.1336669921875, 512.2191009521484, 708.0493621826172], "Font": {"alt_family_name": "Liberation Sans", "embedded": true, "encoding": "Identity-H", "family_name": "Liberation Sans", "font_type": "CIDFontType2", "italic": false, "monospaced": false, "name": "LiberationSans", "subset": false, "weight": 400}, "HasClip": true, "Lang": "en", "Page": 0, "Path": "//Document/Sect/Table/TR[6]/TD[2]/P", "Text": "Michigan, U.S.A. ", "TextSize": 6.9490966796875, "attributes": {"LineHeight": 8.375}}, {"Bounds": [33.31089782714844, 686.8391723632812, 98.30166625976562, 695.7548675537109], "ClipBounds": [33.31089782714844, 686.8391723632812, 98.30166625976562, 695.7548675537109], "Page": 0, "Path": "//Document/Sect/Table/TR[7]/TD", "attributes": {"BBox": [32.398699999999735, 686.36599999998, 308.9869999999937, 698.005999999994], "BackgroundColor": [1, 1, 1], "BlockAlign": "Middle", "BorderColor": [[0.8000029999999754, 0.9333339999999737, 1], [0.8000029999999754, 0.9333339999999737, 1], null, null], "BorderStyle": ["Solid", "Solid", "None", "None"], "ColIndex": 0, "Height": 11.625, "InlineAlign": "Start", "RowIndex": 6, "Width": 276.625}}, {"Bounds": [33.31089782714844, 686.8391723632812, 98.30166625976562, 695.7548675537109], "ClipBounds": [33.31089782714844, 686.8391723632812, 98.30166625976562, 695.7548675537109], "Font": {"alt_family_name": "Liberation Sans", "embedded": true, "encoding": "Identity-H", "family_name": "Liberation Sans", "font_type": "CIDFontType2", "italic": false, "monospaced": false, "name": "LiberationSans", "subset": false, "weight": 400}, "HasClip": true, "Lang": "en", "Page": 0, "Path": "//Document/Sect/Table/TR[7]/TD/P", "Text": "Ford Nederland B.V. ", "TextSize": 6.9490966796875, "attributes": {"LineHeight": 8.375}}, {"Bounds": [458.8069305419922, 686.8391723632812, 497.9345397949219, 695.7548675537109], "ClipBounds": [458.8069305419922, 686.8391723632812, 497.9345397949219, 695.7548675537109], "Page": 0, "Path": "//Document/Sect/Table/TR[7]/TD[2]", "attributes": {"BBox": [308.9869999999937, 686.36599999998, 562.5369999999821, 698.005999999994], "BackgroundColor": [1, 1, 1], "BlockAlign": "Middle", "BorderColor": [[0.8000029999999754, 0.9333339999999737, 1], [0.8000029999999754, 0.9333339999999737, 1], null, null], "BorderStyle": ["Solid", "Solid", "None", "None"], "ColIndex": 1, "Height": 11.625, "InlineAlign": "Center", "RowIndex": 6, "Width": 253.375}}, {"Bounds": [458.8069305419922, 686.8391723632812, 497.9345397949219, 695.7548675537109], "ClipBounds": [458.8069305419922, 686.8391723632812, 497.9345397949219, 695.7548675537109], "Font": {"alt_family_name": "Liberation Sans", "embedded": true, "encoding": "Identity-H", "family_name": "Liberation Sans", "font_type": "CIDFontType2", "italic": false, "monospaced": false, "name": "LiberationSans", "subset": false, "weight": 400}, "HasClip": true, "Lang": "en", "Page": 0, "Path": "//Document/Sect/Table/TR[7]/TD[2]/P", "Text": "Netherlands ", "TextSize": 6.9490966796875, "attributes": {"LineHeight": 8.375}}, {"Bounds": [33.31089782714844, 674.5446624755859, 80.15200805664062, 683.4603576660156], "ClipBounds": [33.31089782714844, 674.5446624755859, 80.15200805664062, 683.4603576660156], "Page": 0, "Path": "//Document/Sect/Table/TR[8]/TD", "attributes": {"BBox": [32.398699999999735, 673.4069999999774, 308.9869999999937, 686.36599999998], "BackgroundColor": [0.8000029999999754, 0.9333339999999737, 1], "BlockAlign": "Middle", "ColIndex": 0, "Height": 13, "InlineAlign": "Start", "RowIndex": 7, "Width": 276.625}}, {"Bounds": [33.31089782714844, 674.5446624755859, 80.15200805664062, 683.4603576660156], "ClipBounds": [33.31089782714844, 674.5446624755859, 80.15200805664062, 683.4603576660156], "Font": {"alt_family_name": "Liberation Sans", "embedded": true, "encoding": "Identity-H", "family_name": "Liberation Sans", "font_type": "CIDFontType2", "italic": false, "monospaced": false, "name": "LiberationSans", "subset": false, "weight": 400}, "HasClip": true, "Lang": "en", "Page": 0, "Path": "//Document/Sect/Table/TR[8]/TD/P", "Text": "Ford Next LLC ", "TextSize": 6.9490966796875, "attributes": {"LineHeight": 8.375}}, {"Bounds": [458.8069305419922, 674.5446624755859, 513.7548522949219, 683.4603576660156], "ClipBounds": [458.8069305419922, 674.5446624755859, 513.7548522949219, 683.4603576660156], "Page": 0, "Path": "//Document/Sect/Table/TR[8]/TD[2]", "attributes": {"BBox": [308.9869999999937, 673.4069999999774, 562.5369999999821, 686.36599999998], "BackgroundColor": [0.8000029999999754, 0.9333339999999737, 1], "BlockAlign": "Middle", "ColIndex": 1, "Height": 13, "InlineAlign": "Center", "RowIndex": 7, "Width": 253.375}}, {"Bounds": [458.8069305419922, 674.5446624755859, 513.7548522949219, 683.4603576660156], "ClipBounds": [458.8069305419922, 674.5446624755859, 513.7548522949219, 683.4603576660156], "Font": {"alt_family_name": "Liberation Sans", "embedded": true, "encoding": "Identity-H", "family_name": "Liberation Sans", "font_type": "CIDFontType2", "italic": false, "monospaced": false, "name": "LiberationSans", "subset": false, "weight": 400}, "HasClip": true, "Lang": "en", "Page": 0, "Path": "//Document/Sect/Table/TR[8]/TD[2]/P", "Text": "Delaware, U.S.A. ", "TextSize": 6.9490966796875, "attributes": {"LineHeight": 8.375}}, {"Bounds": [33.31089782714844, 662.2502593994141, 114.47987365722656, 671.1659545898438], "ClipBounds": [33.31089782714844, 662.2502593994141, 114.47987365722656, 671.1659545898438], "Page": 0, "Path": "//Document/Sect/Table/TR[9]/TD", "attributes": {"BBox": [32.398699999999735, 661.1669999999867, 308.9869999999937, 673.5269999999728], "BackgroundColor": [1, 1, 1], "BlockAlign": "Middle", "BorderColor": [[0.8000029999999754, 0.9333339999999737, 1], [0.8000029999999754, 0.9333339999999737, 1], null, null], "BorderStyle": ["Solid", "Solid", "None", "None"], "ColIndex": 0, "Height": 12.375, "InlineAlign": "Start", "RowIndex": 8, "Width": 276.625}}, {"Bounds": [33.31089782714844, 662.2502593994141, 114.47987365722656, 671.1659545898438], "ClipBounds": [33.31089782714844, 662.2502593994141, 114.47987365722656, 671.1659545898438], "Font": {"alt_family_name": "Liberation Sans", "embedded": true, "encoding": "Identity-H", "family_name": "Liberation Sans", "font_type": "CIDFontType2", "italic": false, "monospaced": false, "name": "LiberationSans", "subset": false, "weight": 400}, "HasClip": true, "Lang": "en", "Page": 0, "Path": "//Document/Sect/Table/TR[9]/TD/P", "Text": "Ford Retail Group Limited ", "TextSize": 6.9490966796875, "attributes": {"LineHeight": 8.375}}, {"Bounds": [458.8069305419922, 662.2502593994141, 485.97930908203125, 671.1659545898438], "ClipBounds": [458.8069305419922, 662.2502593994141, 485.97930908203125, 671.1659545898438], "Page": 0, "Path": "//Document/Sect/Table/TR[9]/TD[2]", "attributes": {"BBox": [308.9869999999937, 661.1669999999867, 562.5369999999821, 673.5269999999728], "BackgroundColor": [1, 1, 1], "BlockAlign": "Middle", "BorderColor": [[0.8000029999999754, 0.9333339999999737, 1], [0.8000029999999754, 0.9333339999999737, 1], null, null], "BorderStyle": ["Solid", "Solid", "None", "None"], "ColIndex": 1, "Height": 12.375, "InlineAlign": "Center", "RowIndex": 8, "Width": 253.375}}, {"Bounds": [458.8069305419922, 662.2502593994141, 485.97930908203125, 671.1659545898438], "ClipBounds": [458.8069305419922, 662.2502593994141, 485.97930908203125, 671.1659545898438], "Font": {"alt_family_name": "Liberation Sans", "embedded": true, "encoding": "Identity-H", "family_name": "Liberation Sans", "font_type": "CIDFontType2", "italic": false, "monospaced": false, "name": "LiberationSans", "subset": false, "weight": 400}, "HasClip": true, "Lang": "en", "Page": 0, "Path": "//Document/Sect/Table/TR[9]/TD[2]/P", "Text": "England ", "TextSize": 6.9490966796875, "attributes": {"LineHeight": 8.375}}, {"Bounds": [33.31089782714844, 649.9557647705078, 168.5070343017578, 658.8714599609375], "ClipBounds": [33.31089782714844, 649.9557647705078, 168.5070343017578, 658.8714599609375], "Page": 0, "Path": "//Document/Sect/Table/TR[10]/TD", "attributes": {"BBox": [32.398699999999735, 648.2079999999842, 308.9869999999937, 661.1669999999867], "BackgroundColor": [0.8000029999999754, 0.9333339999999737, 1], "BlockAlign": "Middle", "ColIndex": 0, "Height": 13, "InlineAlign": "Start", "RowIndex": 9, "Width": 276.625}}, {"Bounds": [33.31089782714844, 649.9557647705078, 168.5070343017578, 658.8714599609375], "ClipBounds": [33.31089782714844, 649.9557647705078, 168.5070343017578, 658.8714599609375], "Font": {"alt_family_name": "Liberation Sans", "embedded": true, "encoding": "Identity-H", "family_name": "Liberation Sans", "font_type": "CIDFontType2", "italic": false, "monospaced": false, "name": "LiberationSans", "subset": false, "weight": 400}, "HasClip": true, "Lang": "en", "Page": 0, "Path": "//Document/Sect/Table/TR[10]/TD/P", "Text": "Ford Sales and Service (Thailand) Co., Ltd. ", "TextSize": 6.9490966796875, "attributes": {"LineHeight": 8.375}}, {"Bounds": [458.8069305419922, 649.9557647705078, 487.1314697265625, 658.8714599609375], "ClipBounds": [458.8069305419922, 649.9557647705078, 487.1314697265625, 658.8714599609375], "Page": 0, "Path": "//Document/Sect/Table/TR[10]/TD[2]", "attributes": {"BBox": [308.9869999999937, 648.2079999999842, 562.5369999999821, 661.1669999999867], "BackgroundColor": [0.8000029999999754, 0.9333339999999737, 1], "BlockAlign": "Middle", "ColIndex": 1, "Height": 13, "InlineAlign": "Center", "RowIndex": 9, "Width": 253.375}}, {"Bounds": [458.8069305419922, 649.9557647705078, 487.1314697265625, 658.8714599609375], "ClipBounds": [458.8069305419922, 649.9557647705078, 487.1314697265625, 658.8714599609375], "Font": {"alt_family_name": "Liberation Sans", "embedded": true, "encoding": "Identity-H", "family_name": "Liberation Sans", "font_type": "CIDFontType2", "italic": false, "monospaced": false, "name": "LiberationSans", "subset": false, "weight": 400}, "HasClip": true, "Lang": "en", "Page": 0, "Path": "//Document/Sect/Table/TR[10]/TD[2]/P", "Text": "Thailand ", "TextSize": 6.9490966796875, "attributes": {"LineHeight": 8.375}}, {"Bounds": [33.31089782714844, 637.6612701416016, 122.97236633300781, 646.5769653320312], "ClipBounds": [33.31089782714844, 637.6612701416016, 122.97236633300781, 646.5769653320312], "Page": 0, "Path": "//Document/Sect/Table/TR[11]/TD", "attributes": {"BBox": [32.398699999999735, 636.6879999999946, 308.9869999999937, 648.3279999999795], "BackgroundColor": [1, 1, 1], "BlockAlign": "Middle", "BorderColor": [[0.8000029999999754, 0.9333339999999737, 1], [0.8000029999999754, 0.9333339999999737, 1], null, null], "BorderStyle": ["Solid", "Solid", "None", "None"], "ColIndex": 0, "Height": 11.625, "InlineAlign": "Start", "RowIndex": 10, "Width": 276.625}}, {"Bounds": [33.31089782714844, 637.6612701416016, 122.97236633300781, 646.5769653320312], "ClipBounds": [33.31089782714844, 637.6612701416016, 122.97236633300781, 646.5769653320312], "Font": {"alt_family_name": "Liberation Sans", "embedded": true, "encoding": "Identity-H", "family_name": "Liberation Sans", "font_type": "CIDFontType2", "italic": false, "monospaced": false, "name": "LiberationSans", "subset": false, "weight": 400}, "HasClip": true, "Lang": "en", "Page": 0, "Path": "//Document/Sect/Table/TR[11]/TD/P", "Text": "Ford Trading Company, LLC ", "TextSize": 6.9490966796875, "attributes": {"LineHeight": 8.375}}, {"Bounds": [458.8069305419922, 637.6612701416016, 513.7548522949219, 646.5769653320312], "ClipBounds": [458.8069305419922, 637.6612701416016, 513.7548522949219, 646.5769653320312], "Page": 0, "Path": "//Document/Sect/Table/TR[11]/TD[2]", "attributes": {"BBox": [308.9869999999937, 636.6879999999946, 562.5369999999821, 648.3279999999795], "BackgroundColor": [1, 1, 1], "BlockAlign": "Middle", "BorderColor": [[0.8000029999999754, 0.9333339999999737, 1], [0.8000029999999754, 0.9333339999999737, 1], null, null], "BorderStyle": ["Solid", "Solid", "None", "None"], "ColIndex": 1, "Height": 11.625, "InlineAlign": "Center", "RowIndex": 10, "Width": 253.375}}, {"Bounds": [458.8069305419922, 637.6612701416016, 513.7548522949219, 646.5769653320312], "ClipBounds": [458.8069305419922, 637.6612701416016, 513.7548522949219, 646.5769653320312], "Font": {"alt_family_name": "Liberation Sans", "embedded": true, "encoding": "Identity-H", "family_name": "Liberation Sans", "font_type": "CIDFontType2", "italic": false, "monospaced": false, "name": "LiberationSans", "subset": false, "weight": 400}, "HasClip": true, "Lang": "en", "Page": 0, "Path": "//Document/Sect/Table/TR[11]/TD[2]/P", "Text": "Delaware, U.S.A. ", "TextSize": 6.9490966796875, "attributes": {"LineHeight": 8.375}}, {"Bounds": [33.31089782714844, 625.3667602539062, 85.16856384277344, 634.2824554443359], "ClipBounds": [33.31089782714844, 625.3667602539062, 85.16856384277344, 634.2824554443359], "Page": 0, "Path": "//Document/Sect/Table/TR[12]/TD", "attributes": {"BBox": [32.398699999999735, 623.7289999999921, 308.9869999999937, 636.6879999999946], "BackgroundColor": [0.8000029999999754, 0.9333339999999737, 1], "BlockAlign": "Middle", "ColIndex": 0, "Height": 13, "InlineAlign": "Start", "RowIndex": 11, "Width": 276.625}}, {"Bounds": [33.31089782714844, 625.3667602539062, 85.16856384277344, 634.2824554443359], "ClipBounds": [33.31089782714844, 625.3667602539062, 85.16856384277344, 634.2824554443359], "Font": {"alt_family_name": "Liberation Sans", "embedded": true, "encoding": "Identity-H", "family_name": "Liberation Sans", "font_type": "CIDFontType2", "italic": false, "monospaced": false, "name": "LiberationSans", "subset": false, "weight": 400}, "HasClip": true, "Lang": "en", "Page": 0, "Path": "//Document/Sect/Table/TR[12]/TD/P", "Text": "Ford VH Limited ", "TextSize": 6.9490966796875, "attributes": {"LineHeight": 8.375}}, {"Bounds": [458.8069305419922, 625.3667602539062, 485.97930908203125, 634.2824554443359], "ClipBounds": [458.8069305419922, 625.3667602539062, 485.97930908203125, 634.2824554443359], "Page": 0, "Path": "//Document/Sect/Table/TR[12]/TD[2]", "attributes": {"BBox": [308.9869999999937, 623.7289999999921, 562.5369999999821, 636.6879999999946], "BackgroundColor": [0.8000029999999754, 0.9333339999999737, 1], "BlockAlign": "Middle", "ColIndex": 1, "Height": 13, "InlineAlign": "Center", "RowIndex": 11, "Width": 253.375}}, {"Bounds": [458.8069305419922, 625.3667602539062, 485.97930908203125, 634.2824554443359], "ClipBounds": [458.8069305419922, 625.3667602539062, 485.97930908203125, 634.2824554443359], "Font": {"alt_family_name": "Liberation Sans", "embedded": true, "encoding": "Identity-H", "family_name": "Liberation Sans", "font_type": "CIDFontType2", "italic": false, "monospaced": false, "name": "LiberationSans", "subset": false, "weight": 400}, "HasClip": true, "Lang": "en", "Page": 0, "Path": "//Document/Sect/Table/TR[12]/TD[2]/P", "Text": "England ", "TextSize": 6.9490966796875, "attributes": {"LineHeight": 8.375}}, {"Bounds": [33.31089782714844, 613.072265625, 77.06173706054688, 621.9879608154297], "ClipBounds": [33.31089782714844, 613.072265625, 77.06173706054688, 621.9879608154297], "Page": 0, "Path": "//Document/Sect/Table/TR[13]/TD", "attributes": {"BBox": [32.398699999999735, 612.2089999999735, 308.9869999999937, 623.8489999999874], "BackgroundColor": [1, 1, 1], "BlockAlign": "Middle", "BorderColor": [[0.8000029999999754, 0.9333339999999737, 1], [0.8000029999999754, 0.9333339999999737, 1], null, null], "BorderStyle": ["Solid", "Solid", "None", "None"], "ColIndex": 0, "Height": 11.625, "InlineAlign": "Start", "RowIndex": 12, "Width": 276.625}}, {"Bounds": [33.31089782714844, 613.072265625, 77.06173706054688, 621.9879608154297], "ClipBounds": [33.31089782714844, 613.072265625, 77.06173706054688, 621.9879608154297], "Font": {"alt_family_name": "Liberation Sans", "embedded": true, "encoding": "Identity-H", "family_name": "Liberation Sans", "font_type": "CIDFontType2", "italic": false, "monospaced": false, "name": "LiberationSans", "subset": false, "weight": 400}, "HasClip": true, "Lang": "de", "Page": 0, "Path": "//Document/Sect/Table/TR[13]/TD/P", "Text": "Ford VHC AB ", "TextSize": 6.9490966796875, "attributes": {"LineHeight": 8.375}}, {"Bounds": [458.8069305419922, 613.072265625, 485.5950164794922, 621.9879608154297], "ClipBounds": [458.8069305419922, 613.072265625, 485.5950164794922, 621.9879608154297], "Page": 0, "Path": "//Document/Sect/Table/TR[13]/TD[2]", "attributes": {"BBox": [308.9869999999937, 612.2089999999735, 562.5369999999821, 623.8489999999874], "BackgroundColor": [1, 1, 1], "BlockAlign": "Middle", "BorderColor": [[0.8000029999999754, 0.9333339999999737, 1], [0.8000029999999754, 0.9333339999999737, 1], null, null], "BorderStyle": ["Solid", "Solid", "None", "None"], "ColIndex": 1, "Height": 11.625, "InlineAlign": "Center", "RowIndex": 12, "Width": 253.375}}, {"Bounds": [458.8069305419922, 613.072265625, 485.5950164794922, 621.9879608154297], "ClipBounds": [458.8069305419922, 613.072265625, 485.5950164794922, 621.9879608154297], "Font": {"alt_family_name": "Liberation Sans", "embedded": true, "encoding": "Identity-H", "family_name": "Liberation Sans", "font_type": "CIDFontType2", "italic": false, "monospaced": false, "name": "LiberationSans", "subset": false, "weight": 400}, "HasClip": true, "Lang": "en", "Page": 0, "Path": "//Document/Sect/Table/TR[13]/TD[2]/P", "Text": "Sweden ", "TextSize": 6.9490966796875, "attributes": {"LineHeight": 8.375}}, {"Bounds": [33.31089782714844, 600.7777557373047, 100.98471069335938, 609.6934509277344], "ClipBounds": [33.31089782714844, 600.7777557373047, 100.98471069335938, 609.6934509277344], "Page": 0, "Path": "//Document/Sect/Table/TR[14]/TD", "attributes": {"BBox": [32.398699999999735, 599.25, 308.9869999999937, 612.2089999999735], "BackgroundColor": [0.8000029999999754, 0.9333339999999737, 1], "BlockAlign": "Middle", "ColIndex": 0, "Height": 13, "InlineAlign": "Start", "RowIndex": 13, "Width": 276.625}}, {"Bounds": [33.31089782714844, 600.7777557373047, 100.98471069335938, 609.6934509277344], "ClipBounds": [33.31089782714844, 600.7777557373047, 100.98471069335938, 609.6934509277344], "Font": {"alt_family_name": "Liberation Sans", "embedded": true, "encoding": "Identity-H", "family_name": "Liberation Sans", "font_type": "CIDFontType2", "italic": false, "monospaced": false, "name": "LiberationSans", "subset": false, "weight": 400}, "HasClip": true, "Lang": "en", "Page": 0, "Path": "//Document/Sect/Table/TR[14]/TD/P", "Text": "Ford Vietnam Limited ", "TextSize": 6.9490966796875, "attributes": {"LineHeight": 8.375}}, {"Bounds": [458.8069305419922, 600.7777557373047, 485.9535827636719, 609.6934509277344], "ClipBounds": [458.8069305419922, 600.7777557373047, 485.9535827636719, 609.6934509277344], "Page": 0, "Path": "//Document/Sect/Table/TR[14]/TD[2]", "attributes": {"BBox": [308.9869999999937, 599.25, 562.5369999999821, 612.2089999999735], "BackgroundColor": [0.8000029999999754, 0.9333339999999737, 1], "BlockAlign": "Middle", "ColIndex": 1, "Height": 13, "InlineAlign": "Center", "RowIndex": 13, "Width": 253.375}}, {"Bounds": [458.8069305419922, 600.7777557373047, 485.9535827636719, 609.6934509277344], "ClipBounds": [458.8069305419922, 600.7777557373047, 485.9535827636719, 609.6934509277344], "Font": {"alt_family_name": "Liberation Sans", "embedded": true, "encoding": "Identity-H", "family_name": "Liberation Sans", "font_type": "CIDFontType2", "italic": false, "monospaced": false, "name": "LiberationSans", "subset": false, "weight": 400}, "HasClip": true, "Lang": "en", "Page": 0, "Path": "//Document/Sect/Table/TR[14]/TD[2]/P", "Text": "Vietnam ", "TextSize": 6.9490966796875, "attributes": {"LineHeight": 8.375}}, {"Bounds": [33.31089782714844, 588.4832611083984, 93.65618896484375, 597.3989562988281], "ClipBounds": [33.31089782714844, 588.4832611083984, 93.65618896484375, 597.3989562988281], "Page": 0, "Path": "//Document/Sect/Table/TR[15]/TD", "attributes": {"BBox": [32.398699999999735, 587.7299999999814, 308.9869999999937, 599.3699999999953], "BackgroundColor": [1, 1, 1], "BlockAlign": "Middle", "BorderColor": [[0.8000029999999754, 0.9333339999999737, 1], [0.8000029999999754, 0.9333339999999737, 1], null, null], "BorderStyle": ["Solid", "Solid", "None", "None"], "ColIndex": 0, "Height": 11.625, "InlineAlign": "Start", "RowIndex": 14, "Width": 276.625}}, {"Bounds": [33.31089782714844, 588.4832611083984, 93.65618896484375, 597.3989562988281], "ClipBounds": [33.31089782714844, 588.4832611083984, 93.65618896484375, 597.3989562988281], "Font": {"alt_family_name": "Liberation Sans", "embedded": true, "encoding": "Identity-H", "family_name": "Liberation Sans", "font_type": "CIDFontType2", "italic": false, "monospaced": false, "name": "LiberationSans", "subset": false, "weight": 400}, "HasClip": true, "Lang": "en", "Page": 0, "Path": "//Document/Sect/Table/TR[15]/TD/P", "Text": "Ford-Werke GmbH ", "TextSize": 6.9490966796875, "attributes": {"LineHeight": 8.375}}, {"Bounds": [458.8069305419922, 588.4832611083984, 489.0730438232422, 597.3989562988281], "ClipBounds": [458.8069305419922, 588.4832611083984, 489.0730438232422, 597.3989562988281], "Page": 0, "Path": "//Document/Sect/Table/TR[15]/TD[2]", "attributes": {"BBox": [308.9869999999937, 587.7299999999814, 562.5369999999821, 599.3699999999953], "BackgroundColor": [1, 1, 1], "BlockAlign": "Middle", "BorderColor": [[0.8000029999999754, 0.9333339999999737, 1], [0.8000029999999754, 0.9333339999999737, 1], null, null], "BorderStyle": ["Solid", "Solid", "None", "None"], "ColIndex": 1, "Height": 11.625, "InlineAlign": "Center", "RowIndex": 14, "Width": 253.375}}, {"Bounds": [458.8069305419922, 588.4832611083984, 489.0730438232422, 597.3989562988281], "ClipBounds": [458.8069305419922, 588.4832611083984, 489.0730438232422, 597.3989562988281], "Font": {"alt_family_name": "Liberation Sans", "embedded": true, "encoding": "Identity-H", "family_name": "Liberation Sans", "font_type": "CIDFontType2", "italic": false, "monospaced": false, "name": "LiberationSans", "subset": false, "weight": 400}, "HasClip": true, "Lang": "en", "Page": 0, "Path": "//Document/Sect/Table/TR[15]/TD[2]/P", "Text": "Germany ", "TextSize": 6.9490966796875, "attributes": {"LineHeight": 8.375}}, {"Bounds": [33.31089782714844, 576.1888580322266, 113.36384582519531, 585.1045532226562], "ClipBounds": [33.31089782714844, 576.1888580322266, 113.36384582519531, 585.1045532226562], "Page": 0, "Path": "//Document/Sect/Table/TR[16]/TD", "attributes": {"BBox": [32.398699999999735, 574.7709999999788, 308.9869999999937, 587.7299999999814], "BackgroundColor": [0.8000029999999754, 0.9333339999999737, 1], "BlockAlign": "Middle", "ColIndex": 0, "Height": 13, "InlineAlign": "Start", "RowIndex": 15, "Width": 276.625}}, {"Bounds": [33.31089782714844, 576.1888580322266, 113.36384582519531, 585.1045532226562], "ClipBounds": [33.31089782714844, 576.1888580322266, 113.36384582519531, 585.1045532226562], "Font": {"alt_family_name": "Liberation Sans", "embedded": true, "encoding": "Identity-H", "family_name": "Liberation Sans", "font_type": "CIDFontType2", "italic": false, "monospaced": false, "name": "LiberationSans", "subset": false, "weight": 400}, "HasClip": true, "Lang": "en", "Page": 0, "Path": "//Document/Sect/Table/TR[16]/TD/P", "Text": "Global Investments 1 Inc. ", "TextSize": 6.9490966796875, "attributes": {"LineHeight": 8.375}}, {"Bounds": [458.8069305419922, 576.1888580322266, 513.7548522949219, 585.1045532226562], "ClipBounds": [458.8069305419922, 576.1888580322266, 513.7548522949219, 585.1045532226562], "Page": 0, "Path": "//Document/Sect/Table/TR[16]/TD[2]", "attributes": {"BBox": [308.9869999999937, 574.7709999999788, 562.5369999999821, 587.7299999999814], "BackgroundColor": [0.8000029999999754, 0.9333339999999737, 1], "BlockAlign": "Middle", "ColIndex": 1, "Height": 13, "InlineAlign": "Center", "RowIndex": 15, "Width": 253.375}}, {"Bounds": [458.8069305419922, 576.1888580322266, 513.7548522949219, 585.1045532226562], "ClipBounds": [458.8069305419922, 576.1888580322266, 513.7548522949219, 585.1045532226562], "Font": {"alt_family_name": "Liberation Sans", "embedded": true, "encoding": "Identity-H", "family_name": "Liberation Sans", "font_type": "CIDFontType2", "italic": false, "monospaced": false, "name": "LiberationSans", "subset": false, "weight": 400}, "HasClip": true, "Lang": "en", "Page": 0, "Path": "//Document/Sect/Table/TR[16]/TD[2]/P", "Text": "Delaware, U.S.A. ", "TextSize": 6.9490966796875, "attributes": {"LineHeight": 8.375}}, {"Bounds": [33.31089782714844, 499.74916076660156, 117.17750549316406, 508.66485595703125], "ClipBounds": [33.31089782714844, 499.74916076660156, 117.17750549316406, 508.66485595703125], "Font": {"alt_family_name": "Liberation Sans", "embedded": true, "encoding": "Identity-H", "family_name": "Liberation Sans", "font_type": "CIDFontType2", "italic": false, "monospaced": false, "name": "LiberationSans", "subset": false, "weight": 400}, "HasClip": true, "Lang": "en", "Page": 0, "Path": "//Document/Sect/Footnote", "Text": "92 Other U.S. Subsidiaries ", "TextSize": 6.9490966796875, "attributes": {"LineHeight": 8.375, "SpaceAfter": 4}}, {"Bounds": [33.31089782714844, 487.4547576904297, 136.0860137939453, 496.3704528808594], "ClipBounds": [33.31089782714844, 487.4547576904297, 136.0860137939453, 496.3704528808594], "Font": {"alt_family_name": "Liberation Sans", "embedded": true, "encoding": "Identity-H", "family_name": "Liberation Sans", "font_type": "CIDFontType2", "italic": false, "monospaced": false, "name": "LiberationSans", "subset": false, "weight": 400}, "HasClip": true, "Lang": "en", "Page": 0, "Path": "//Document/Sect/Footnote[2]", "Text": "148 Other Non-U.S. Subsidiaries ", "TextSize": 6.9490966796875, "attributes": {"LineHeight": 8.375, "SpaceAfter": 18}}, {"Bounds": [35.98359680175781, 460.72755432128906, 562.7837829589844, 469.64324951171875], "ClipBounds": [35.98359680175781, 460.72755432128906, 562.7837829589844, 469.64324951171875], "Font": {"alt_family_name": "Liberation Sans", "embedded": true, "encoding": "Identity-H", "family_name": "Liberation Sans", "font_type": "CIDFontType2", "italic": false, "monospaced": false, "name": "LiberationSans", "subset": false, "weight": 400}, "HasClip": true, "Lang": "en", "Page": 0, "Path": "//Document/Sect/Footnote[3]", "Text": "* Other subsidiaries are not shown by name in the above list because, considered in the aggregate as a single subsidiary, they would not constitute a significant subsidiary. ", "TextSize": 6.9490966796875, "attributes": {"LineHeight": 8.375}}], "pages": [{"boxes": {"CropBox": [0.0, 0.0, 595.0, 842.0], "MediaBox": [0.0, 0.0, 595.0, 842.0]}, "height": 842.0, "is_scanned": false, "page_number": 0, "rotation": 0, "width": 595.0}]}